country,country_code,year_week,source,new_cases,number_sequenced,percent_cases_sequenced,valid_denominator,variant,number_detections_variant,percent_variant
Austria,AT,2020-40,GISAID,5152,4,0.1,Yes,B.1.1.7,0,0.0
Austria,AT,2020-40,GISAID,5152,4,0.1,Yes,B.1.351,0,0.0
Austria,AT,2020-40,GISAID,5152,4,0.1,Yes,P.1,0,0.0
Austria,AT,2020-40,GISAID,5152,4,0.1,Yes,Other,4,100.0
Austria,AT,2020-41,GISAID,7365,24,0.3,Yes,B.1.1.7,0,0.0
Austria,AT,2020-41,GISAID,7365,24,0.3,Yes,B.1.351,0,0.0
Austria,AT,2020-41,GISAID,7365,24,0.3,Yes,P.1,0,0.0
Austria,AT,2020-41,GISAID,7365,24,0.3,Yes,Other,24,100.0
Austria,AT,2020-42,GISAID,9574,41,0.4,Yes,B.1.1.7,0,0.0
Austria,AT,2020-42,GISAID,9574,41,0.4,Yes,B.1.351,0,0.0
Austria,AT,2020-42,GISAID,9574,41,0.4,Yes,P.1,0,0.0
Austria,AT,2020-42,GISAID,9574,41,0.4,Yes,Other,41,100.0
Austria,AT,2020-43,GISAID,16979,38,0.2,Yes,B.1.1.7,0,0.0
Austria,AT,2020-43,GISAID,16979,38,0.2,Yes,B.1.351,0,0.0
Austria,AT,2020-43,GISAID,16979,38,0.2,Yes,P.1,0,0.0
Austria,AT,2020-43,GISAID,16979,38,0.2,Yes,Other,38,100.0
Austria,AT,2020-44,GISAID,28574,51,0.2,Yes,B.1.1.7,0,0.0
Austria,AT,2020-44,GISAID,28574,51,0.2,Yes,B.1.351,0,0.0
Austria,AT,2020-44,GISAID,28574,51,0.2,Yes,P.1,0,0.0
Austria,AT,2020-44,GISAID,28574,51,0.2,Yes,Other,51,100.0
Austria,AT,2020-45,GISAID,41398,109,0.3,Yes,B.1.1.7,0,0.0
Austria,AT,2020-45,GISAID,41398,109,0.3,Yes,B.1.351,0,0.0
Austria,AT,2020-45,GISAID,41398,109,0.3,Yes,P.1,0,0.0
Austria,AT,2020-45,GISAID,41398,109,0.3,Yes,Other,109,100.0
Austria,AT,2020-46,GISAID,50986,116,0.2,Yes,B.1.1.7,0,0.0
Austria,AT,2020-46,GISAID,50986,116,0.2,Yes,B.1.351,0,0.0
Austria,AT,2020-46,GISAID,50986,116,0.2,Yes,P.1,0,0.0
Austria,AT,2020-46,GISAID,50986,116,0.2,Yes,Other,116,100.0
Austria,AT,2020-47,GISAID,42630,13,0.0,Yes,B.1.1.7,0,0.0
Austria,AT,2020-47,GISAID,42630,13,0.0,Yes,B.1.351,0,0.0
Austria,AT,2020-47,GISAID,42630,13,0.0,Yes,P.1,0,0.0
Austria,AT,2020-47,GISAID,42630,13,0.0,Yes,Other,13,100.0
Austria,AT,2020-48,GISAID,32058,68,0.2,Yes,B.1.1.7,0,0.0
Austria,AT,2020-48,GISAID,32058,68,0.2,Yes,B.1.351,0,0.0
Austria,AT,2020-48,GISAID,32058,68,0.2,Yes,P.1,0,0.0
Austria,AT,2020-48,GISAID,32058,68,0.2,Yes,Other,68,100.0
Austria,AT,2020-49,GISAID,22794,34,0.1,Yes,B.1.1.7,0,0.0
Austria,AT,2020-49,GISAID,22794,34,0.1,Yes,B.1.351,0,0.0
Austria,AT,2020-49,GISAID,22794,34,0.1,Yes,P.1,0,0.0
Austria,AT,2020-49,GISAID,22794,34,0.1,Yes,Other,34,100.0
Austria,AT,2020-50,GISAID,19060,7,0.0,Yes,B.1.1.7,0,0.0
Austria,AT,2020-50,GISAID,19060,7,0.0,Yes,B.1.351,0,0.0
Austria,AT,2020-50,GISAID,19060,7,0.0,Yes,P.1,0,0.0
Austria,AT,2020-50,GISAID,19060,7,0.0,Yes,Other,7,100.0
Austria,AT,2020-51,GISAID,16186,33,0.2,Yes,B.1.1.7,0,0.0
Austria,AT,2020-51,GISAID,16186,33,0.2,Yes,B.1.351,0,0.0
Austria,AT,2020-51,GISAID,16186,33,0.2,Yes,P.1,0,0.0
Austria,AT,2020-51,GISAID,16186,33,0.2,Yes,Other,33,100.0
Austria,AT,2020-52,GISAID,15164,49,0.3,Yes,B.1.1.7,1,2.0
Austria,AT,2020-52,GISAID,15164,49,0.3,Yes,B.1.351,1,2.0
Austria,AT,2020-52,GISAID,15164,49,0.3,Yes,P.1,0,0.0
Austria,AT,2020-52,GISAID,15164,49,0.3,Yes,Other,47,95.9
Austria,AT,2020-53,GISAID,13188,256,1.9,Yes,B.1.1.7,14,5.5
Austria,AT,2020-53,GISAID,13188,256,1.9,Yes,B.1.351,0,0.0
Austria,AT,2020-53,GISAID,13188,256,1.9,Yes,P.1,0,0.0
Austria,AT,2020-53,GISAID,13188,256,1.9,Yes,Other,242,94.5
Austria,AT,2021-01,GISAID,15133,133,0.9,Yes,B.1.1.7,48,36.1
Austria,AT,2021-01,GISAID,15133,133,0.9,Yes,B.1.351,0,0.0
Austria,AT,2021-01,GISAID,15133,133,0.9,Yes,P.1,0,0.0
Austria,AT,2021-01,GISAID,15133,133,0.9,Yes,Other,85,63.9
Austria,AT,2021-02,GISAID,11406,164,1.4,Yes,B.1.1.7,85,51.8
Austria,AT,2021-02,GISAID,11406,164,1.4,Yes,B.1.351,46,28.0
Austria,AT,2021-02,GISAID,11406,164,1.4,Yes,P.1,0,0.0
Austria,AT,2021-02,GISAID,11406,164,1.4,Yes,Other,33,20.1
Austria,AT,2021-03,GISAID,10421,83,0.8,Yes,B.1.1.7,14,16.9
Austria,AT,2021-03,GISAID,10421,83,0.8,Yes,B.1.351,37,44.6
Austria,AT,2021-03,GISAID,10421,83,0.8,Yes,P.1,0,0.0
Austria,AT,2021-03,GISAID,10421,83,0.8,Yes,Other,32,38.6
Austria,AT,2021-04,GISAID,9451,243,2.6,Yes,B.1.1.7,52,21.4
Austria,AT,2021-04,GISAID,9451,243,2.6,Yes,B.1.351,70,28.8
Austria,AT,2021-04,GISAID,9451,243,2.6,Yes,P.1,0,0.0
Austria,AT,2021-04,GISAID,9451,243,2.6,Yes,Other,121,49.8
Austria,AT,2021-05,GISAID,10467,123,1.2,Yes,B.1.1.7,29,23.6
Austria,AT,2021-05,GISAID,10467,123,1.2,Yes,B.1.351,4,3.3
Austria,AT,2021-05,GISAID,10467,123,1.2,Yes,P.1,0,0.0
Austria,AT,2021-05,GISAID,10467,123,1.2,Yes,Other,90,73.2
Austria,AT,2021-06,GISAID,8442,259,3.1,Yes,B.1.1.7,157,60.6
Austria,AT,2021-06,GISAID,8442,259,3.1,Yes,B.1.351,9,3.5
Austria,AT,2021-06,GISAID,8442,259,3.1,Yes,P.1,0,0.0
Austria,AT,2021-06,GISAID,8442,259,3.1,Yes,Other,93,35.9
Austria,AT,2021-07,GISAID,11848,126,1.1,Yes,B.1.1.7,71,56.3
Austria,AT,2021-07,GISAID,11848,126,1.1,Yes,B.1.351,3,2.4
Austria,AT,2021-07,GISAID,11848,126,1.1,Yes,P.1,0,0.0
Austria,AT,2021-07,GISAID,11848,126,1.1,Yes,Other,52,41.3
Austria,AT,2021-08,GISAID,14370,138,1.0,Yes,B.1.1.7,69,50.0
Austria,AT,2021-08,GISAID,14370,138,1.0,Yes,B.1.351,21,15.2
Austria,AT,2021-08,GISAID,14370,138,1.0,Yes,P.1,0,0.0
Austria,AT,2021-08,GISAID,14370,138,1.0,Yes,Other,48,34.8
Austria,AT,2021-09,GISAID,15708,183,1.2,Yes,B.1.1.7,107,58.5
Austria,AT,2021-09,GISAID,15708,183,1.2,Yes,B.1.351,29,15.8
Austria,AT,2021-09,GISAID,15708,183,1.2,Yes,P.1,0,0.0
Austria,AT,2021-09,GISAID,15708,183,1.2,Yes,Other,47,25.7
Austria,AT,2021-10,GISAID,18851,310,1.6,Yes,B.1.1.7,252,81.3
Austria,AT,2021-10,GISAID,18851,310,1.6,Yes,B.1.351,14,4.5
Austria,AT,2021-10,GISAID,18851,310,1.6,Yes,P.1,0,0.0
Austria,AT,2021-10,GISAID,18851,310,1.6,Yes,Other,44,14.2
Austria,AT,2021-11,GISAID,20991,225,1.1,Yes,B.1.1.7,210,93.3
Austria,AT,2021-11,GISAID,20991,225,1.1,Yes,B.1.351,1,0.4
Austria,AT,2021-11,GISAID,20991,225,1.1,Yes,P.1,0,0.0
Austria,AT,2021-11,GISAID,20991,225,1.1,Yes,Other,14,6.2
Austria,AT,2021-12,GISAID,21849,82,0.4,Yes,B.1.1.7,78,95.1
Austria,AT,2021-12,GISAID,21849,82,0.4,Yes,B.1.351,1,1.2
Austria,AT,2021-12,GISAID,21849,82,0.4,Yes,P.1,0,0.0
Austria,AT,2021-12,GISAID,21849,82,0.4,Yes,Other,3,3.7
Austria,AT,2021-13,GISAID,21900,68,0.3,Yes,B.1.1.7,60,88.2
Austria,AT,2021-13,GISAID,21900,68,0.3,Yes,B.1.351,0,0.0
Austria,AT,2021-13,GISAID,21900,68,0.3,Yes,P.1,0,0.0
Austria,AT,2021-13,GISAID,21900,68,0.3,Yes,Other,8,11.8
Austria,AT,2021-14,GISAID,18533,46,0.2,Yes,B.1.1.7,43,93.5
Austria,AT,2021-14,GISAID,18533,46,0.2,Yes,B.1.351,0,0.0
Austria,AT,2021-14,GISAID,18533,46,0.2,Yes,P.1,0,0.0
Austria,AT,2021-14,GISAID,18533,46,0.2,Yes,Other,3,6.5
Austria,AT,2021-15,GISAID,16316,0,0.0,Yes,B.1.1.7,0,
Austria,AT,2021-15,GISAID,16316,0,0.0,Yes,B.1.351,0,
Austria,AT,2021-15,GISAID,16316,0,0.0,Yes,P.1,0,
Austria,AT,2021-15,GISAID,16316,0,0.0,Yes,Other,0,
Austria,AT,2021-16,GISAID,15250,0,0.0,Yes,B.1.1.7,0,
Austria,AT,2021-16,GISAID,15250,0,0.0,Yes,B.1.351,0,
Austria,AT,2021-16,GISAID,15250,0,0.0,Yes,P.1,0,
Austria,AT,2021-16,GISAID,15250,0,0.0,Yes,Other,0,
Belgium,BE,2020-40,GISAID,21351,17,0.1,Yes,B.1.1.7,0,0.0
Belgium,BE,2020-40,GISAID,21351,17,0.1,Yes,B.1.351,0,0.0
Belgium,BE,2020-40,GISAID,21351,17,0.1,Yes,P.1,0,0.0
Belgium,BE,2020-40,GISAID,21351,17,0.1,Yes,Other,17,100.0
Belgium,BE,2020-41,GISAID,43319,109,0.3,Yes,B.1.1.7,0,0.0
Belgium,BE,2020-41,GISAID,43319,109,0.3,Yes,B.1.351,0,0.0
Belgium,BE,2020-41,GISAID,43319,109,0.3,Yes,P.1,0,0.0
Belgium,BE,2020-41,GISAID,43319,109,0.3,Yes,Other,109,100.0
Belgium,BE,2020-42,GISAID,78026,98,0.1,Yes,B.1.1.7,0,0.0
Belgium,BE,2020-42,GISAID,78026,98,0.1,Yes,B.1.351,0,0.0
Belgium,BE,2020-42,GISAID,78026,98,0.1,Yes,P.1,0,0.0
Belgium,BE,2020-42,GISAID,78026,98,0.1,Yes,Other,98,100.0
Belgium,BE,2020-43,GISAID,109639,241,0.2,Yes,B.1.1.7,0,0.0
Belgium,BE,2020-43,GISAID,109639,241,0.2,Yes,B.1.351,0,0.0
Belgium,BE,2020-43,GISAID,109639,241,0.2,Yes,P.1,0,0.0
Belgium,BE,2020-43,GISAID,109639,241,0.2,Yes,Other,241,100.0
Belgium,BE,2020-44,GISAID,93540,145,0.2,Yes,B.1.1.7,0,0.0
Belgium,BE,2020-44,GISAID,93540,145,0.2,Yes,B.1.351,0,0.0
Belgium,BE,2020-44,GISAID,93540,145,0.2,Yes,P.1,0,0.0
Belgium,BE,2020-44,GISAID,93540,145,0.2,Yes,Other,145,100.0
Belgium,BE,2020-45,GISAID,48774,44,0.1,Yes,B.1.1.7,0,0.0
Belgium,BE,2020-45,GISAID,48774,44,0.1,Yes,B.1.351,0,0.0
Belgium,BE,2020-45,GISAID,48774,44,0.1,Yes,P.1,0,0.0
Belgium,BE,2020-45,GISAID,48774,44,0.1,Yes,Other,44,100.0
Belgium,BE,2020-46,GISAID,31147,142,0.5,Yes,B.1.1.7,0,0.0
Belgium,BE,2020-46,GISAID,31147,142,0.5,Yes,B.1.351,0,0.0
Belgium,BE,2020-46,GISAID,31147,142,0.5,Yes,P.1,0,0.0
Belgium,BE,2020-46,GISAID,31147,142,0.5,Yes,Other,142,100.0
Belgium,BE,2020-47,GISAID,20443,91,0.4,Yes,B.1.1.7,0,0.0
Belgium,BE,2020-47,GISAID,20443,91,0.4,Yes,B.1.351,0,0.0
Belgium,BE,2020-47,GISAID,20443,91,0.4,Yes,P.1,0,0.0
Belgium,BE,2020-47,GISAID,20443,91,0.4,Yes,Other,91,100.0
Belgium,BE,2020-48,GISAID,15601,76,0.5,Yes,B.1.1.7,0,0.0
Belgium,BE,2020-48,GISAID,15601,76,0.5,Yes,B.1.351,0,0.0
Belgium,BE,2020-48,GISAID,15601,76,0.5,Yes,P.1,0,0.0
Belgium,BE,2020-48,GISAID,15601,76,0.5,Yes,Other,76,100.0
Belgium,BE,2020-49,GISAID,15343,65,0.4,Yes,B.1.1.7,3,4.6
Belgium,BE,2020-49,GISAID,15343,65,0.4,Yes,B.1.351,0,0.0
Belgium,BE,2020-49,GISAID,15343,65,0.4,Yes,P.1,0,0.0
Belgium,BE,2020-49,GISAID,15343,65,0.4,Yes,Other,62,95.4
Belgium,BE,2020-50,GISAID,17270,100,0.6,Yes,B.1.1.7,0,0.0
Belgium,BE,2020-50,GISAID,17270,100,0.6,Yes,B.1.351,0,0.0
Belgium,BE,2020-50,GISAID,17270,100,0.6,Yes,P.1,0,0.0
Belgium,BE,2020-50,GISAID,17270,100,0.6,Yes,Other,100,100.0
Belgium,BE,2020-51,GISAID,17238,237,1.4,Yes,B.1.1.7,0,0.0
Belgium,BE,2020-51,GISAID,17238,237,1.4,Yes,B.1.351,2,0.8
Belgium,BE,2020-51,GISAID,17238,237,1.4,Yes,P.1,0,0.0
Belgium,BE,2020-51,GISAID,17238,237,1.4,Yes,Other,235,99.2
Belgium,BE,2020-52,GISAID,11940,58,0.5,Yes,B.1.1.7,15,25.9
Belgium,BE,2020-52,GISAID,11940,58,0.5,Yes,B.1.351,0,0.0
Belgium,BE,2020-52,GISAID,11940,58,0.5,Yes,P.1,0,0.0
Belgium,BE,2020-52,GISAID,11940,58,0.5,Yes,Other,43,74.1
Belgium,BE,2020-53,GISAID,11768,178,1.5,Yes,B.1.1.7,35,19.7
Belgium,BE,2020-53,GISAID,11768,178,1.5,Yes,B.1.351,7,3.9
Belgium,BE,2020-53,GISAID,11768,178,1.5,Yes,P.1,0,0.0
Belgium,BE,2020-53,GISAID,11768,178,1.5,Yes,Other,136,76.4
Belgium,BE,2021-01,GISAID,14711,285,1.9,Yes,B.1.1.7,65,22.8
Belgium,BE,2021-01,GISAID,14711,285,1.9,Yes,B.1.351,5,1.8
Belgium,BE,2021-01,GISAID,14711,285,1.9,Yes,P.1,0,0.0
Belgium,BE,2021-01,GISAID,14711,285,1.9,Yes,Other,215,75.4
Belgium,BE,2021-02,GISAID,14040,486,3.5,Yes,B.1.1.7,196,40.3
Belgium,BE,2021-02,GISAID,14040,486,3.5,Yes,B.1.351,11,2.3
Belgium,BE,2021-02,GISAID,14040,486,3.5,Yes,P.1,0,0.0
Belgium,BE,2021-02,GISAID,14040,486,3.5,Yes,Other,279,57.4
Belgium,BE,2021-03,GISAID,15700,866,5.5,Yes,B.1.1.7,359,41.5
Belgium,BE,2021-03,GISAID,15700,866,5.5,Yes,B.1.351,28,3.2
Belgium,BE,2021-03,GISAID,15700,866,5.5,Yes,P.1,0,0.0
Belgium,BE,2021-03,GISAID,15700,866,5.5,Yes,Other,479,55.3
Belgium,BE,2021-04,GISAID,16841,855,5.1,Yes,B.1.1.7,326,38.1
Belgium,BE,2021-04,GISAID,16841,855,5.1,Yes,B.1.351,36,4.2
Belgium,BE,2021-04,GISAID,16841,855,5.1,Yes,P.1,2,0.2
Belgium,BE,2021-04,GISAID,16841,855,5.1,Yes,Other,491,57.4
Belgium,BE,2021-05,GISAID,14482,937,6.5,Yes,B.1.1.7,391,41.7
Belgium,BE,2021-05,GISAID,14482,937,6.5,Yes,B.1.351,54,5.8
Belgium,BE,2021-05,GISAID,14482,937,6.5,Yes,P.1,5,0.5
Belgium,BE,2021-05,GISAID,14482,937,6.5,Yes,Other,487,52.0
Belgium,BE,2021-06,GISAID,13003,757,5.8,Yes,B.1.1.7,341,45.0
Belgium,BE,2021-06,GISAID,13003,757,5.8,Yes,B.1.351,71,9.4
Belgium,BE,2021-06,GISAID,13003,757,5.8,Yes,P.1,17,2.2
Belgium,BE,2021-06,GISAID,13003,757,5.8,Yes,Other,328,43.3
Belgium,BE,2021-07,GISAID,16137,1020,6.3,Yes,B.1.1.7,526,51.6
Belgium,BE,2021-07,GISAID,16137,1020,6.3,Yes,B.1.351,67,6.6
Belgium,BE,2021-07,GISAID,16137,1020,6.3,Yes,P.1,27,2.6
Belgium,BE,2021-07,GISAID,16137,1020,6.3,Yes,Other,400,39.2
Belgium,BE,2021-08,GISAID,16647,1158,7.0,Yes,B.1.1.7,688,59.4
Belgium,BE,2021-08,GISAID,16647,1158,7.0,Yes,B.1.351,102,8.8
Belgium,BE,2021-08,GISAID,16647,1158,7.0,Yes,P.1,38,3.3
Belgium,BE,2021-08,GISAID,16647,1158,7.0,Yes,Other,330,28.5
Belgium,BE,2021-09,GISAID,13325,981,7.4,Yes,B.1.1.7,617,62.9
Belgium,BE,2021-09,GISAID,13325,981,7.4,Yes,B.1.351,108,11.0
Belgium,BE,2021-09,GISAID,13325,981,7.4,Yes,P.1,38,3.9
Belgium,BE,2021-09,GISAID,13325,981,7.4,Yes,Other,218,22.2
Belgium,BE,2021-10,GISAID,21401,1255,5.9,Yes,B.1.1.7,924,73.6
Belgium,BE,2021-10,GISAID,21401,1255,5.9,Yes,B.1.351,105,8.4
Belgium,BE,2021-10,GISAID,21401,1255,5.9,Yes,P.1,43,3.4
Belgium,BE,2021-10,GISAID,21401,1255,5.9,Yes,Other,183,14.6
Belgium,BE,2021-11,GISAID,29403,1198,4.1,Yes,B.1.1.7,951,79.4
Belgium,BE,2021-11,GISAID,29403,1198,4.1,Yes,B.1.351,89,7.4
Belgium,BE,2021-11,GISAID,29403,1198,4.1,Yes,P.1,60,5.0
Belgium,BE,2021-11,GISAID,29403,1198,4.1,Yes,Other,98,8.2
Belgium,BE,2021-12,GISAID,33868,1332,3.9,Yes,B.1.1.7,1106,83.0
Belgium,BE,2021-12,GISAID,33868,1332,3.9,Yes,B.1.351,42,3.2
Belgium,BE,2021-12,GISAID,33868,1332,3.9,Yes,P.1,71,5.3
Belgium,BE,2021-12,GISAID,33868,1332,3.9,Yes,Other,113,8.5
Belgium,BE,2021-13,GISAID,29781,990,3.3,Yes,B.1.1.7,831,83.9
Belgium,BE,2021-13,GISAID,29781,990,3.3,Yes,B.1.351,28,2.8
Belgium,BE,2021-13,GISAID,29781,990,3.3,Yes,P.1,59,6.0
Belgium,BE,2021-13,GISAID,29781,990,3.3,Yes,Other,72,7.3
Belgium,BE,2021-14,GISAID,24062,559,2.3,Yes,B.1.1.7,465,83.2
Belgium,BE,2021-14,GISAID,24062,559,2.3,Yes,B.1.351,9,1.6
Belgium,BE,2021-14,GISAID,24062,559,2.3,Yes,P.1,51,9.1
Belgium,BE,2021-14,GISAID,24062,559,2.3,Yes,Other,34,6.1
Belgium,BE,2021-15,GISAID,24366,204,0.8,Yes,B.1.1.7,168,82.4
Belgium,BE,2021-15,GISAID,24366,204,0.8,Yes,B.1.351,2,1.0
Belgium,BE,2021-15,GISAID,24366,204,0.8,Yes,P.1,24,11.8
Belgium,BE,2021-15,GISAID,24366,204,0.8,Yes,Other,10,4.9
Belgium,BE,2021-16,GISAID,24336,11,0.0,Yes,B.1.1.7,7,63.6
Belgium,BE,2021-16,GISAID,24336,11,0.0,Yes,B.1.351,2,18.2
Belgium,BE,2021-16,GISAID,24336,11,0.0,Yes,P.1,1,9.1
Belgium,BE,2021-16,GISAID,24336,11,0.0,Yes,Other,1,9.1
Belgium,BE,2021-01,TESSy,14711,239,1.6,Yes,B.1.1.7,45,18.8
Belgium,BE,2021-01,TESSy,14711,239,1.6,Yes,B.1.351,8,3.3
Belgium,BE,2021-01,TESSy,14711,239,1.6,Yes,P.1,0,0.0
Belgium,BE,2021-01,TESSy,14711,239,1.6,Yes,Other,186,77.8
Belgium,BE,2021-02,TESSy,14040,610,4.3,Yes,B.1.1.7,252,41.3
Belgium,BE,2021-02,TESSy,14040,610,4.3,Yes,B.1.351,39,6.4
Belgium,BE,2021-02,TESSy,14040,610,4.3,Yes,P.1,0,0.0
Belgium,BE,2021-02,TESSy,14040,610,4.3,Yes,Other,319,52.3
Belgium,BE,2021-03,TESSy,15700,1009,6.4,Yes,B.1.1.7,432,42.8
Belgium,BE,2021-03,TESSy,15700,1009,6.4,Yes,B.1.351,24,2.4
Belgium,BE,2021-03,TESSy,15700,1009,6.4,Yes,P.1,0,0.0
Belgium,BE,2021-03,TESSy,15700,1009,6.4,Yes,Other,553,54.8
Belgium,BE,2021-04,TESSy,16841,947,5.6,Yes,B.1.1.7,402,42.4
Belgium,BE,2021-04,TESSy,16841,947,5.6,Yes,B.1.351,35,3.7
Belgium,BE,2021-04,TESSy,16841,947,5.6,Yes,P.1,2,0.2
Belgium,BE,2021-04,TESSy,16841,947,5.6,Yes,Other,508,53.6
Belgium,BE,2021-05,TESSy,14482,1126,7.8,Yes,B.1.1.7,442,39.3
Belgium,BE,2021-05,TESSy,14482,1126,7.8,Yes,B.1.351,65,5.8
Belgium,BE,2021-05,TESSy,14482,1126,7.8,Yes,P.1,8,0.7
Belgium,BE,2021-05,TESSy,14482,1126,7.8,Yes,Other,611,54.3
Belgium,BE,2021-06,TESSy,13003,1111,8.5,Yes,B.1.1.7,444,40.0
Belgium,BE,2021-06,TESSy,13003,1111,8.5,Yes,B.1.351,117,10.5
Belgium,BE,2021-06,TESSy,13003,1111,8.5,Yes,P.1,24,2.2
Belgium,BE,2021-06,TESSy,13003,1111,8.5,Yes,Other,526,47.3
Belgium,BE,2021-07,TESSy,16137,1493,9.3,Yes,B.1.1.7,665,44.5
Belgium,BE,2021-07,TESSy,16137,1493,9.3,Yes,B.1.351,129,8.6
Belgium,BE,2021-07,TESSy,16137,1493,9.3,Yes,P.1,46,3.1
Belgium,BE,2021-07,TESSy,16137,1493,9.3,Yes,Other,653,43.7
Belgium,BE,2021-08,TESSy,16647,1445,8.7,Yes,B.1.1.7,798,55.2
Belgium,BE,2021-08,TESSy,16647,1445,8.7,Yes,B.1.351,148,10.2
Belgium,BE,2021-08,TESSy,16647,1445,8.7,Yes,P.1,40,2.8
Belgium,BE,2021-08,TESSy,16647,1445,8.7,Yes,Other,459,31.8
Belgium,BE,2021-09,TESSy,13325,1263,9.5,Yes,B.1.1.7,779,61.7
Belgium,BE,2021-09,TESSy,13325,1263,9.5,Yes,B.1.351,167,13.2
Belgium,BE,2021-09,TESSy,13325,1263,9.5,Yes,P.1,35,2.8
Belgium,BE,2021-09,TESSy,13325,1263,9.5,Yes,Other,282,22.3
Belgium,BE,2021-10,TESSy,21401,1531,7.2,Yes,B.1.1.7,1104,72.1
Belgium,BE,2021-10,TESSy,21401,1531,7.2,Yes,B.1.351,128,8.4
Belgium,BE,2021-10,TESSy,21401,1531,7.2,Yes,P.1,50,3.3
Belgium,BE,2021-10,TESSy,21401,1531,7.2,Yes,Other,249,16.3
Belgium,BE,2021-11,TESSy,29403,1571,5.3,Yes,B.1.1.7,1198,76.3
Belgium,BE,2021-11,TESSy,29403,1571,5.3,Yes,B.1.351,115,7.3
Belgium,BE,2021-11,TESSy,29403,1571,5.3,Yes,P.1,92,5.9
Belgium,BE,2021-11,TESSy,29403,1571,5.3,Yes,Other,166,10.6
Belgium,BE,2021-12,TESSy,33868,1688,5.0,Yes,B.1.1.7,1389,82.3
Belgium,BE,2021-12,TESSy,33868,1688,5.0,Yes,B.1.351,68,4.0
Belgium,BE,2021-12,TESSy,33868,1688,5.0,Yes,P.1,77,4.6
Belgium,BE,2021-12,TESSy,33868,1688,5.0,Yes,Other,154,9.1
Belgium,BE,2021-13,TESSy,29781,1523,5.1,Yes,B.1.1.7,1251,82.1
Belgium,BE,2021-13,TESSy,29781,1523,5.1,Yes,B.1.351,47,3.1
Belgium,BE,2021-13,TESSy,29781,1523,5.1,Yes,P.1,96,6.3
Belgium,BE,2021-13,TESSy,29781,1523,5.1,Yes,Other,129,8.5
Belgium,BE,2021-14,TESSy,24062,1173,4.9,Yes,B.1.1.7,895,76.3
Belgium,BE,2021-14,TESSy,24062,1173,4.9,Yes,B.1.351,41,3.5
Belgium,BE,2021-14,TESSy,24062,1173,4.9,Yes,P.1,168,14.3
Belgium,BE,2021-14,TESSy,24062,1173,4.9,Yes,Other,69,5.9
Belgium,BE,2021-15,TESSy,24366,619,2.5,Yes,B.1.1.7,508,82.1
Belgium,BE,2021-15,TESSy,24366,619,2.5,Yes,B.1.351,19,3.1
Belgium,BE,2021-15,TESSy,24366,619,2.5,Yes,P.1,43,6.9
Belgium,BE,2021-15,TESSy,24366,619,2.5,Yes,Other,49,7.9
Belgium,BE,2021-16,TESSy,24336,154,0.6,Yes,B.1.1.7,122,79.2
Belgium,BE,2021-16,TESSy,24336,154,0.6,Yes,B.1.351,5,3.2
Belgium,BE,2021-16,TESSy,24336,154,0.6,Yes,P.1,16,10.4
Belgium,BE,2021-16,TESSy,24336,154,0.6,Yes,Other,11,7.1
Bulgaria,BG,2020-40,GISAID,1532,0,0.0,Yes,B.1.1.7,0,
Bulgaria,BG,2020-40,GISAID,1532,0,0.0,Yes,B.1.351,0,
Bulgaria,BG,2020-40,GISAID,1532,0,0.0,Yes,P.1,0,
Bulgaria,BG,2020-40,GISAID,1532,0,0.0,Yes,Other,0,
Bulgaria,BG,2020-41,GISAID,2815,0,0.0,Yes,B.1.1.7,0,
Bulgaria,BG,2020-41,GISAID,2815,0,0.0,Yes,B.1.351,0,
Bulgaria,BG,2020-41,GISAID,2815,0,0.0,Yes,P.1,0,
Bulgaria,BG,2020-41,GISAID,2815,0,0.0,Yes,Other,0,
Bulgaria,BG,2020-42,GISAID,5101,0,0.0,Yes,B.1.1.7,0,
Bulgaria,BG,2020-42,GISAID,5101,0,0.0,Yes,B.1.351,0,
Bulgaria,BG,2020-42,GISAID,5101,0,0.0,Yes,P.1,0,
Bulgaria,BG,2020-42,GISAID,5101,0,0.0,Yes,Other,0,
Bulgaria,BG,2020-43,GISAID,8386,0,0.0,Yes,B.1.1.7,0,
Bulgaria,BG,2020-43,GISAID,8386,0,0.0,Yes,B.1.351,0,
Bulgaria,BG,2020-43,GISAID,8386,0,0.0,Yes,P.1,0,
Bulgaria,BG,2020-43,GISAID,8386,0,0.0,Yes,Other,0,
Bulgaria,BG,2020-44,GISAID,16180,0,0.0,Yes,B.1.1.7,0,
Bulgaria,BG,2020-44,GISAID,16180,0,0.0,Yes,B.1.351,0,
Bulgaria,BG,2020-44,GISAID,16180,0,0.0,Yes,P.1,0,
Bulgaria,BG,2020-44,GISAID,16180,0,0.0,Yes,Other,0,
Bulgaria,BG,2020-45,GISAID,21091,0,0.0,Yes,B.1.1.7,0,
Bulgaria,BG,2020-45,GISAID,21091,0,0.0,Yes,B.1.351,0,
Bulgaria,BG,2020-45,GISAID,21091,0,0.0,Yes,P.1,0,
Bulgaria,BG,2020-45,GISAID,21091,0,0.0,Yes,Other,0,
Bulgaria,BG,2020-46,GISAID,23091,0,0.0,Yes,B.1.1.7,0,
Bulgaria,BG,2020-46,GISAID,23091,0,0.0,Yes,B.1.351,0,
Bulgaria,BG,2020-46,GISAID,23091,0,0.0,Yes,P.1,0,
Bulgaria,BG,2020-46,GISAID,23091,0,0.0,Yes,Other,0,
Bulgaria,BG,2020-47,GISAID,23569,0,0.0,Yes,B.1.1.7,0,
Bulgaria,BG,2020-47,GISAID,23569,0,0.0,Yes,B.1.351,0,
Bulgaria,BG,2020-47,GISAID,23569,0,0.0,Yes,P.1,0,
Bulgaria,BG,2020-47,GISAID,23569,0,0.0,Yes,Other,0,
Bulgaria,BG,2020-48,GISAID,20666,0,0.0,Yes,B.1.1.7,0,
Bulgaria,BG,2020-48,GISAID,20666,0,0.0,Yes,B.1.351,0,
Bulgaria,BG,2020-48,GISAID,20666,0,0.0,Yes,P.1,0,
Bulgaria,BG,2020-48,GISAID,20666,0,0.0,Yes,Other,0,
Bulgaria,BG,2020-49,GISAID,18935,1,0.0,Yes,B.1.1.7,0,0.0
Bulgaria,BG,2020-49,GISAID,18935,1,0.0,Yes,B.1.351,0,0.0
Bulgaria,BG,2020-49,GISAID,18935,1,0.0,Yes,P.1,0,0.0
Bulgaria,BG,2020-49,GISAID,18935,1,0.0,Yes,Other,1,100.0
Bulgaria,BG,2020-50,GISAID,18028,16,0.1,Yes,B.1.1.7,1,6.2
Bulgaria,BG,2020-50,GISAID,18028,16,0.1,Yes,B.1.351,0,0.0
Bulgaria,BG,2020-50,GISAID,18028,16,0.1,Yes,P.1,0,0.0
Bulgaria,BG,2020-50,GISAID,18028,16,0.1,Yes,Other,15,93.8
Bulgaria,BG,2020-51,GISAID,11746,24,0.2,Yes,B.1.1.7,1,4.2
Bulgaria,BG,2020-51,GISAID,11746,24,0.2,Yes,B.1.351,0,0.0
Bulgaria,BG,2020-51,GISAID,11746,24,0.2,Yes,P.1,0,0.0
Bulgaria,BG,2020-51,GISAID,11746,24,0.2,Yes,Other,23,95.8
Bulgaria,BG,2020-52,GISAID,6521,14,0.2,Yes,B.1.1.7,0,0.0
Bulgaria,BG,2020-52,GISAID,6521,14,0.2,Yes,B.1.351,0,0.0
Bulgaria,BG,2020-52,GISAID,6521,14,0.2,Yes,P.1,0,0.0
Bulgaria,BG,2020-52,GISAID,6521,14,0.2,Yes,Other,14,100.0
Bulgaria,BG,2020-53,GISAID,5335,18,0.3,Yes,B.1.1.7,1,5.6
Bulgaria,BG,2020-53,GISAID,5335,18,0.3,Yes,B.1.351,0,0.0
Bulgaria,BG,2020-53,GISAID,5335,18,0.3,Yes,P.1,0,0.0
Bulgaria,BG,2020-53,GISAID,5335,18,0.3,Yes,Other,17,94.4
Bulgaria,BG,2021-01,GISAID,5460,35,0.6,Yes,B.1.1.7,7,20.0
Bulgaria,BG,2021-01,GISAID,5460,35,0.6,Yes,B.1.351,0,0.0
Bulgaria,BG,2021-01,GISAID,5460,35,0.6,Yes,P.1,0,0.0
Bulgaria,BG,2021-01,GISAID,5460,35,0.6,Yes,Other,28,80.0
Bulgaria,BG,2021-02,GISAID,3302,24,0.7,Yes,B.1.1.7,11,45.8
Bulgaria,BG,2021-02,GISAID,3302,24,0.7,Yes,B.1.351,0,0.0
Bulgaria,BG,2021-02,GISAID,3302,24,0.7,Yes,P.1,0,0.0
Bulgaria,BG,2021-02,GISAID,3302,24,0.7,Yes,Other,13,54.2
Bulgaria,BG,2021-03,GISAID,3004,34,1.1,Yes,B.1.1.7,24,70.6
Bulgaria,BG,2021-03,GISAID,3004,34,1.1,Yes,B.1.351,0,0.0
Bulgaria,BG,2021-03,GISAID,3004,34,1.1,Yes,P.1,0,0.0
Bulgaria,BG,2021-03,GISAID,3004,34,1.1,Yes,Other,10,29.4
Bulgaria,BG,2021-04,GISAID,3931,56,1.4,Yes,B.1.1.7,33,58.9
Bulgaria,BG,2021-04,GISAID,3931,56,1.4,Yes,B.1.351,0,0.0
Bulgaria,BG,2021-04,GISAID,3931,56,1.4,Yes,P.1,0,0.0
Bulgaria,BG,2021-04,GISAID,3931,56,1.4,Yes,Other,23,41.1
Bulgaria,BG,2021-05,GISAID,4986,112,2.2,Yes,B.1.1.7,86,76.8
Bulgaria,BG,2021-05,GISAID,4986,112,2.2,Yes,B.1.351,0,0.0
Bulgaria,BG,2021-05,GISAID,4986,112,2.2,Yes,P.1,0,0.0
Bulgaria,BG,2021-05,GISAID,4986,112,2.2,Yes,Other,26,23.2
Bulgaria,BG,2021-06,GISAID,5945,123,2.1,Yes,B.1.1.7,111,90.2
Bulgaria,BG,2021-06,GISAID,5945,123,2.1,Yes,B.1.351,0,0.0
Bulgaria,BG,2021-06,GISAID,5945,123,2.1,Yes,P.1,0,0.0
Bulgaria,BG,2021-06,GISAID,5945,123,2.1,Yes,Other,12,9.8
Bulgaria,BG,2021-07,GISAID,6987,122,1.7,Yes,B.1.1.7,118,96.7
Bulgaria,BG,2021-07,GISAID,6987,122,1.7,Yes,B.1.351,0,0.0
Bulgaria,BG,2021-07,GISAID,6987,122,1.7,Yes,P.1,0,0.0
Bulgaria,BG,2021-07,GISAID,6987,122,1.7,Yes,Other,4,3.3
Bulgaria,BG,2021-08,GISAID,10372,112,1.1,Yes,B.1.1.7,105,93.8
Bulgaria,BG,2021-08,GISAID,10372,112,1.1,Yes,B.1.351,0,0.0
Bulgaria,BG,2021-08,GISAID,10372,112,1.1,Yes,P.1,0,0.0
Bulgaria,BG,2021-08,GISAID,10372,112,1.1,Yes,Other,7,6.2
Bulgaria,BG,2021-09,GISAID,13270,239,1.8,Yes,B.1.1.7,219,91.6
Bulgaria,BG,2021-09,GISAID,13270,239,1.8,Yes,B.1.351,0,0.0
Bulgaria,BG,2021-09,GISAID,13270,239,1.8,Yes,P.1,0,0.0
Bulgaria,BG,2021-09,GISAID,13270,239,1.8,Yes,Other,20,8.4
Bulgaria,BG,2021-10,GISAID,18249,268,1.5,Yes,B.1.1.7,267,99.6
Bulgaria,BG,2021-10,GISAID,18249,268,1.5,Yes,B.1.351,0,0.0
Bulgaria,BG,2021-10,GISAID,18249,268,1.5,Yes,P.1,0,0.0
Bulgaria,BG,2021-10,GISAID,18249,268,1.5,Yes,Other,1,0.4
Bulgaria,BG,2021-11,GISAID,24866,168,0.7,Yes,B.1.1.7,163,97.0
Bulgaria,BG,2021-11,GISAID,24866,168,0.7,Yes,B.1.351,0,0.0
Bulgaria,BG,2021-11,GISAID,24866,168,0.7,Yes,P.1,0,0.0
Bulgaria,BG,2021-11,GISAID,24866,168,0.7,Yes,Other,5,3.0
Bulgaria,BG,2021-12,GISAID,25330,41,0.2,Yes,B.1.1.7,40,97.6
Bulgaria,BG,2021-12,GISAID,25330,41,0.2,Yes,B.1.351,0,0.0
Bulgaria,BG,2021-12,GISAID,25330,41,0.2,Yes,P.1,0,0.0
Bulgaria,BG,2021-12,GISAID,25330,41,0.2,Yes,Other,1,2.4
Bulgaria,BG,2021-13,GISAID,24246,0,0.0,Yes,B.1.1.7,0,
Bulgaria,BG,2021-13,GISAID,24246,0,0.0,Yes,B.1.351,0,
Bulgaria,BG,2021-13,GISAID,24246,0,0.0,Yes,P.1,0,
Bulgaria,BG,2021-13,GISAID,24246,0,0.0,Yes,Other,0,
Bulgaria,BG,2021-14,GISAID,18994,0,0.0,Yes,B.1.1.7,0,
Bulgaria,BG,2021-14,GISAID,18994,0,0.0,Yes,B.1.351,0,
Bulgaria,BG,2021-14,GISAID,18994,0,0.0,Yes,P.1,0,
Bulgaria,BG,2021-14,GISAID,18994,0,0.0,Yes,Other,0,
Bulgaria,BG,2021-15,GISAID,14388,0,0.0,Yes,B.1.1.7,0,
Bulgaria,BG,2021-15,GISAID,14388,0,0.0,Yes,B.1.351,0,
Bulgaria,BG,2021-15,GISAID,14388,0,0.0,Yes,P.1,0,
Bulgaria,BG,2021-15,GISAID,14388,0,0.0,Yes,Other,0,
Bulgaria,BG,2021-16,GISAID,11119,0,0.0,Yes,B.1.1.7,0,
Bulgaria,BG,2021-16,GISAID,11119,0,0.0,Yes,B.1.351,0,
Bulgaria,BG,2021-16,GISAID,11119,0,0.0,Yes,P.1,0,
Bulgaria,BG,2021-16,GISAID,11119,0,0.0,Yes,Other,0,
Bulgaria,BG,2021-03,TESSy,3004,,,No,B.1.1.7,8,
Bulgaria,BG,2021-03,TESSy,3004,,,No,B.1.351,0,
Bulgaria,BG,2021-03,TESSy,3004,,,No,P.1,0,
Bulgaria,BG,2021-03,TESSy,3004,,,No,Other,0,
Bulgaria,BG,2021-04,TESSy,3931,,,No,B.1.1.7,25,
Bulgaria,BG,2021-04,TESSy,3931,,,No,B.1.351,0,
Bulgaria,BG,2021-04,TESSy,3931,,,No,P.1,0,
Bulgaria,BG,2021-04,TESSy,3931,,,No,Other,0,
Bulgaria,BG,2021-06,TESSy,5945,,,No,B.1.1.7,68,
Bulgaria,BG,2021-06,TESSy,5945,,,No,B.1.351,0,
Bulgaria,BG,2021-06,TESSy,5945,,,No,P.1,0,
Bulgaria,BG,2021-06,TESSy,5945,,,No,Other,0,
Bulgaria,BG,2021-09,TESSy,13270,,,No,B.1.1.7,303,
Bulgaria,BG,2021-09,TESSy,13270,,,No,B.1.351,0,
Bulgaria,BG,2021-09,TESSy,13270,,,No,P.1,0,
Bulgaria,BG,2021-09,TESSy,13270,,,No,Other,0,
Bulgaria,BG,2021-11,TESSy,24866,238,1.0,Yes,B.1.1.7,168,70.6
Bulgaria,BG,2021-11,TESSy,24866,238,1.0,Yes,B.1.351,0,0.0
Bulgaria,BG,2021-11,TESSy,24866,238,1.0,Yes,P.1,0,0.0
Bulgaria,BG,2021-11,TESSy,24866,238,1.0,Yes,Other,70,29.4
Bulgaria,BG,2021-12,TESSy,25330,226,0.9,Yes,B.1.1.7,212,93.8
Bulgaria,BG,2021-12,TESSy,25330,226,0.9,Yes,B.1.351,0,0.0
Bulgaria,BG,2021-12,TESSy,25330,226,0.9,Yes,P.1,0,0.0
Bulgaria,BG,2021-12,TESSy,25330,226,0.9,Yes,Other,14,6.2
Bulgaria,BG,2021-13,TESSy,24246,232,1.0,Yes,B.1.1.7,217,93.5
Bulgaria,BG,2021-13,TESSy,24246,232,1.0,Yes,B.1.351,0,0.0
Bulgaria,BG,2021-13,TESSy,24246,232,1.0,Yes,P.1,0,0.0
Bulgaria,BG,2021-13,TESSy,24246,232,1.0,Yes,Other,15,6.5
Bulgaria,BG,2021-14,TESSy,18994,365,1.9,Yes,B.1.1.7,359,98.4
Bulgaria,BG,2021-14,TESSy,18994,365,1.9,Yes,B.1.351,0,0.0
Bulgaria,BG,2021-14,TESSy,18994,365,1.9,Yes,P.1,0,0.0
Bulgaria,BG,2021-14,TESSy,18994,365,1.9,Yes,Other,6,1.6
Bulgaria,BG,2021-15,TESSy,14388,362,2.5,Yes,B.1.1.7,359,99.2
Bulgaria,BG,2021-15,TESSy,14388,362,2.5,Yes,B.1.351,0,0.0
Bulgaria,BG,2021-15,TESSy,14388,362,2.5,Yes,P.1,0,0.0
Bulgaria,BG,2021-15,TESSy,14388,362,2.5,Yes,Other,3,0.8
Bulgaria,BG,2021-16,TESSy,11119,184,1.7,Yes,B.1.1.7,184,100.0
Bulgaria,BG,2021-16,TESSy,11119,184,1.7,Yes,B.1.351,0,0.0
Bulgaria,BG,2021-16,TESSy,11119,184,1.7,Yes,P.1,0,0.0
Bulgaria,BG,2021-16,TESSy,11119,184,1.7,Yes,Other,0,0.0
Croatia,HR,2020-40,GISAID,1462,11,0.8,Yes,B.1.1.7,0,0.0
Croatia,HR,2020-40,GISAID,1462,11,0.8,Yes,B.1.351,0,0.0
Croatia,HR,2020-40,GISAID,1462,11,0.8,Yes,P.1,0,0.0
Croatia,HR,2020-40,GISAID,1462,11,0.8,Yes,Other,11,100.0
Croatia,HR,2020-41,GISAID,2781,1,0.0,Yes,B.1.1.7,0,0.0
Croatia,HR,2020-41,GISAID,2781,1,0.0,Yes,B.1.351,0,0.0
Croatia,HR,2020-41,GISAID,2781,1,0.0,Yes,P.1,0,0.0
Croatia,HR,2020-41,GISAID,2781,1,0.0,Yes,Other,1,100.0
Croatia,HR,2020-42,GISAID,5140,0,0.0,Yes,B.1.1.7,0,
Croatia,HR,2020-42,GISAID,5140,0,0.0,Yes,B.1.351,0,
Croatia,HR,2020-42,GISAID,5140,0,0.0,Yes,P.1,0,
Croatia,HR,2020-42,GISAID,5140,0,0.0,Yes,Other,0,
Croatia,HR,2020-43,GISAID,10800,0,0.0,Yes,B.1.1.7,0,
Croatia,HR,2020-43,GISAID,10800,0,0.0,Yes,B.1.351,0,
Croatia,HR,2020-43,GISAID,10800,0,0.0,Yes,P.1,0,
Croatia,HR,2020-43,GISAID,10800,0,0.0,Yes,Other,0,
Croatia,HR,2020-44,GISAID,15115,0,0.0,Yes,B.1.1.7,0,
Croatia,HR,2020-44,GISAID,15115,0,0.0,Yes,B.1.351,0,
Croatia,HR,2020-44,GISAID,15115,0,0.0,Yes,P.1,0,
Croatia,HR,2020-44,GISAID,15115,0,0.0,Yes,Other,0,
Croatia,HR,2020-45,GISAID,15752,0,0.0,Yes,B.1.1.7,0,
Croatia,HR,2020-45,GISAID,15752,0,0.0,Yes,B.1.351,0,
Croatia,HR,2020-45,GISAID,15752,0,0.0,Yes,P.1,0,
Croatia,HR,2020-45,GISAID,15752,0,0.0,Yes,Other,0,
Croatia,HR,2020-46,GISAID,16959,29,0.2,Yes,B.1.1.7,0,0.0
Croatia,HR,2020-46,GISAID,16959,29,0.2,Yes,B.1.351,0,0.0
Croatia,HR,2020-46,GISAID,16959,29,0.2,Yes,P.1,0,0.0
Croatia,HR,2020-46,GISAID,16959,29,0.2,Yes,Other,29,100.0
Croatia,HR,2020-47,GISAID,19512,0,0.0,Yes,B.1.1.7,0,
Croatia,HR,2020-47,GISAID,19512,0,0.0,Yes,B.1.351,0,
Croatia,HR,2020-47,GISAID,19512,0,0.0,Yes,P.1,0,
Croatia,HR,2020-47,GISAID,19512,0,0.0,Yes,Other,0,
Croatia,HR,2020-48,GISAID,22894,0,0.0,Yes,B.1.1.7,0,
Croatia,HR,2020-48,GISAID,22894,0,0.0,Yes,B.1.351,0,
Croatia,HR,2020-48,GISAID,22894,0,0.0,Yes,P.1,0,
Croatia,HR,2020-48,GISAID,22894,0,0.0,Yes,Other,0,
Croatia,HR,2020-49,GISAID,23741,0,0.0,Yes,B.1.1.7,0,
Croatia,HR,2020-49,GISAID,23741,0,0.0,Yes,B.1.351,0,
Croatia,HR,2020-49,GISAID,23741,0,0.0,Yes,P.1,0,
Croatia,HR,2020-49,GISAID,23741,0,0.0,Yes,Other,0,
Croatia,HR,2020-50,GISAID,25533,0,0.0,Yes,B.1.1.7,0,
Croatia,HR,2020-50,GISAID,25533,0,0.0,Yes,B.1.351,0,
Croatia,HR,2020-50,GISAID,25533,0,0.0,Yes,P.1,0,
Croatia,HR,2020-50,GISAID,25533,0,0.0,Yes,Other,0,
Croatia,HR,2020-51,GISAID,19842,1,0.0,Yes,B.1.1.7,0,0.0
Croatia,HR,2020-51,GISAID,19842,1,0.0,Yes,B.1.351,0,0.0
Croatia,HR,2020-51,GISAID,19842,1,0.0,Yes,P.1,0,0.0
Croatia,HR,2020-51,GISAID,19842,1,0.0,Yes,Other,1,100.0
Croatia,HR,2020-52,GISAID,9518,3,0.0,Yes,B.1.1.7,0,0.0
Croatia,HR,2020-52,GISAID,9518,3,0.0,Yes,B.1.351,0,0.0
Croatia,HR,2020-52,GISAID,9518,3,0.0,Yes,P.1,0,0.0
Croatia,HR,2020-52,GISAID,9518,3,0.0,Yes,Other,3,100.0
Croatia,HR,2020-53,GISAID,7712,5,0.1,Yes,B.1.1.7,0,0.0
Croatia,HR,2020-53,GISAID,7712,5,0.1,Yes,B.1.351,0,0.0
Croatia,HR,2020-53,GISAID,7712,5,0.1,Yes,P.1,0,0.0
Croatia,HR,2020-53,GISAID,7712,5,0.1,Yes,Other,5,100.0
Croatia,HR,2021-01,GISAID,7265,11,0.2,Yes,B.1.1.7,0,0.0
Croatia,HR,2021-01,GISAID,7265,11,0.2,Yes,B.1.351,0,0.0
Croatia,HR,2021-01,GISAID,7265,11,0.2,Yes,P.1,0,0.0
Croatia,HR,2021-01,GISAID,7265,11,0.2,Yes,Other,11,100.0
Croatia,HR,2021-02,GISAID,4905,23,0.5,Yes,B.1.1.7,0,0.0
Croatia,HR,2021-02,GISAID,4905,23,0.5,Yes,B.1.351,0,0.0
Croatia,HR,2021-02,GISAID,4905,23,0.5,Yes,P.1,0,0.0
Croatia,HR,2021-02,GISAID,4905,23,0.5,Yes,Other,23,100.0
Croatia,HR,2021-03,GISAID,3926,28,0.7,Yes,B.1.1.7,6,21.4
Croatia,HR,2021-03,GISAID,3926,28,0.7,Yes,B.1.351,0,0.0
Croatia,HR,2021-03,GISAID,3926,28,0.7,Yes,P.1,0,0.0
Croatia,HR,2021-03,GISAID,3926,28,0.7,Yes,Other,22,78.6
Croatia,HR,2021-04,GISAID,3466,22,0.6,Yes,B.1.1.7,3,13.6
Croatia,HR,2021-04,GISAID,3466,22,0.6,Yes,B.1.351,0,0.0
Croatia,HR,2021-04,GISAID,3466,22,0.6,Yes,P.1,0,0.0
Croatia,HR,2021-04,GISAID,3466,22,0.6,Yes,Other,19,86.4
Croatia,HR,2021-05,GISAID,2953,133,4.5,Yes,B.1.1.7,31,23.3
Croatia,HR,2021-05,GISAID,2953,133,4.5,Yes,B.1.351,0,0.0
Croatia,HR,2021-05,GISAID,2953,133,4.5,Yes,P.1,0,0.0
Croatia,HR,2021-05,GISAID,2953,133,4.5,Yes,Other,102,76.7
Croatia,HR,2021-06,GISAID,2252,191,8.5,Yes,B.1.1.7,59,30.9
Croatia,HR,2021-06,GISAID,2252,191,8.5,Yes,B.1.351,2,1.0
Croatia,HR,2021-06,GISAID,2252,191,8.5,Yes,P.1,0,0.0
Croatia,HR,2021-06,GISAID,2252,191,8.5,Yes,Other,130,68.1
Croatia,HR,2021-07,GISAID,2292,192,8.4,Yes,B.1.1.7,65,33.9
Croatia,HR,2021-07,GISAID,2292,192,8.4,Yes,B.1.351,2,1.0
Croatia,HR,2021-07,GISAID,2292,192,8.4,Yes,P.1,0,0.0
Croatia,HR,2021-07,GISAID,2292,192,8.4,Yes,Other,125,65.1
Croatia,HR,2021-08,GISAID,3047,336,11.0,Yes,B.1.1.7,203,60.4
Croatia,HR,2021-08,GISAID,3047,336,11.0,Yes,B.1.351,3,0.9
Croatia,HR,2021-08,GISAID,3047,336,11.0,Yes,P.1,0,0.0
Croatia,HR,2021-08,GISAID,3047,336,11.0,Yes,Other,130,38.7
Croatia,HR,2021-09,GISAID,3544,215,6.1,Yes,B.1.1.7,143,66.5
Croatia,HR,2021-09,GISAID,3544,215,6.1,Yes,B.1.351,1,0.5
Croatia,HR,2021-09,GISAID,3544,215,6.1,Yes,P.1,0,0.0
Croatia,HR,2021-09,GISAID,3544,215,6.1,Yes,Other,71,33.0
Croatia,HR,2021-10,GISAID,4566,10,0.2,Yes,B.1.1.7,7,70.0
Croatia,HR,2021-10,GISAID,4566,10,0.2,Yes,B.1.351,2,20.0
Croatia,HR,2021-10,GISAID,4566,10,0.2,Yes,P.1,0,0.0
Croatia,HR,2021-10,GISAID,4566,10,0.2,Yes,Other,1,10.0
Croatia,HR,2021-11,GISAID,6615,0,0.0,Yes,B.1.1.7,0,
Croatia,HR,2021-11,GISAID,6615,0,0.0,Yes,B.1.351,0,
Croatia,HR,2021-11,GISAID,6615,0,0.0,Yes,P.1,0,
Croatia,HR,2021-11,GISAID,6615,0,0.0,Yes,Other,0,
Croatia,HR,2021-12,GISAID,9733,0,0.0,Yes,B.1.1.7,0,
Croatia,HR,2021-12,GISAID,9733,0,0.0,Yes,B.1.351,0,
Croatia,HR,2021-12,GISAID,9733,0,0.0,Yes,P.1,0,
Croatia,HR,2021-12,GISAID,9733,0,0.0,Yes,Other,0,
Croatia,HR,2021-13,GISAID,12642,0,0.0,Yes,B.1.1.7,0,
Croatia,HR,2021-13,GISAID,12642,0,0.0,Yes,B.1.351,0,
Croatia,HR,2021-13,GISAID,12642,0,0.0,Yes,P.1,0,
Croatia,HR,2021-13,GISAID,12642,0,0.0,Yes,Other,0,
Croatia,HR,2021-14,GISAID,12774,0,0.0,Yes,B.1.1.7,0,
Croatia,HR,2021-14,GISAID,12774,0,0.0,Yes,B.1.351,0,
Croatia,HR,2021-14,GISAID,12774,0,0.0,Yes,P.1,0,
Croatia,HR,2021-14,GISAID,12774,0,0.0,Yes,Other,0,
Croatia,HR,2021-15,GISAID,15262,0,0.0,Yes,B.1.1.7,0,
Croatia,HR,2021-15,GISAID,15262,0,0.0,Yes,B.1.351,0,
Croatia,HR,2021-15,GISAID,15262,0,0.0,Yes,P.1,0,
Croatia,HR,2021-15,GISAID,15262,0,0.0,Yes,Other,0,
Croatia,HR,2021-16,GISAID,14836,0,0.0,Yes,B.1.1.7,0,
Croatia,HR,2021-16,GISAID,14836,0,0.0,Yes,B.1.351,0,
Croatia,HR,2021-16,GISAID,14836,0,0.0,Yes,P.1,0,
Croatia,HR,2021-16,GISAID,14836,0,0.0,Yes,Other,0,
Cyprus,CY,2020-40,GISAID,128,7,5.5,Yes,B.1.1.7,0,0.0
Cyprus,CY,2020-40,GISAID,128,7,5.5,Yes,B.1.351,0,0.0
Cyprus,CY,2020-40,GISAID,128,7,5.5,Yes,P.1,0,0.0
Cyprus,CY,2020-40,GISAID,128,7,5.5,Yes,Other,7,100.0
Cyprus,CY,2020-41,GISAID,162,4,2.5,Yes,B.1.1.7,0,0.0
Cyprus,CY,2020-41,GISAID,162,4,2.5,Yes,B.1.351,0,0.0
Cyprus,CY,2020-41,GISAID,162,4,2.5,Yes,P.1,0,0.0
Cyprus,CY,2020-41,GISAID,162,4,2.5,Yes,Other,4,100.0
Cyprus,CY,2020-42,GISAID,658,4,0.6,Yes,B.1.1.7,0,0.0
Cyprus,CY,2020-42,GISAID,658,4,0.6,Yes,B.1.351,0,0.0
Cyprus,CY,2020-42,GISAID,658,4,0.6,Yes,P.1,0,0.0
Cyprus,CY,2020-42,GISAID,658,4,0.6,Yes,Other,4,100.0
Cyprus,CY,2020-43,GISAID,901,4,0.4,Yes,B.1.1.7,0,0.0
Cyprus,CY,2020-43,GISAID,901,4,0.4,Yes,B.1.351,0,0.0
Cyprus,CY,2020-43,GISAID,901,4,0.4,Yes,P.1,0,0.0
Cyprus,CY,2020-43,GISAID,901,4,0.4,Yes,Other,4,100.0
Cyprus,CY,2020-44,GISAID,1018,6,0.6,Yes,B.1.1.7,0,0.0
Cyprus,CY,2020-44,GISAID,1018,6,0.6,Yes,B.1.351,0,0.0
Cyprus,CY,2020-44,GISAID,1018,6,0.6,Yes,P.1,0,0.0
Cyprus,CY,2020-44,GISAID,1018,6,0.6,Yes,Other,6,100.0
Cyprus,CY,2020-45,GISAID,1424,6,0.4,Yes,B.1.1.7,0,0.0
Cyprus,CY,2020-45,GISAID,1424,6,0.4,Yes,B.1.351,0,0.0
Cyprus,CY,2020-45,GISAID,1424,6,0.4,Yes,P.1,0,0.0
Cyprus,CY,2020-45,GISAID,1424,6,0.4,Yes,Other,6,100.0
Cyprus,CY,2020-46,GISAID,1191,6,0.5,Yes,B.1.1.7,0,0.0
Cyprus,CY,2020-46,GISAID,1191,6,0.5,Yes,B.1.351,0,0.0
Cyprus,CY,2020-46,GISAID,1191,6,0.5,Yes,P.1,0,0.0
Cyprus,CY,2020-46,GISAID,1191,6,0.5,Yes,Other,6,100.0
Cyprus,CY,2020-47,GISAID,1465,1,0.1,Yes,B.1.1.7,0,0.0
Cyprus,CY,2020-47,GISAID,1465,1,0.1,Yes,B.1.351,0,0.0
Cyprus,CY,2020-47,GISAID,1465,1,0.1,Yes,P.1,0,0.0
Cyprus,CY,2020-47,GISAID,1465,1,0.1,Yes,Other,1,100.0
Cyprus,CY,2020-48,GISAID,1740,0,0.0,Yes,B.1.1.7,0,
Cyprus,CY,2020-48,GISAID,1740,0,0.0,Yes,B.1.351,0,
Cyprus,CY,2020-48,GISAID,1740,0,0.0,Yes,P.1,0,
Cyprus,CY,2020-48,GISAID,1740,0,0.0,Yes,Other,0,
Cyprus,CY,2020-49,GISAID,2068,0,0.0,Yes,B.1.1.7,0,
Cyprus,CY,2020-49,GISAID,2068,0,0.0,Yes,B.1.351,0,
Cyprus,CY,2020-49,GISAID,2068,0,0.0,Yes,P.1,0,
Cyprus,CY,2020-49,GISAID,2068,0,0.0,Yes,Other,0,
Cyprus,CY,2020-50,GISAID,2650,0,0.0,Yes,B.1.1.7,0,
Cyprus,CY,2020-50,GISAID,2650,0,0.0,Yes,B.1.351,0,
Cyprus,CY,2020-50,GISAID,2650,0,0.0,Yes,P.1,0,
Cyprus,CY,2020-50,GISAID,2650,0,0.0,Yes,Other,0,
Cyprus,CY,2020-51,GISAID,2587,0,0.0,Yes,B.1.1.7,0,
Cyprus,CY,2020-51,GISAID,2587,0,0.0,Yes,B.1.351,0,
Cyprus,CY,2020-51,GISAID,2587,0,0.0,Yes,P.1,0,
Cyprus,CY,2020-51,GISAID,2587,0,0.0,Yes,Other,0,
Cyprus,CY,2020-52,GISAID,1969,0,0.0,Yes,B.1.1.7,0,
Cyprus,CY,2020-52,GISAID,1969,0,0.0,Yes,B.1.351,0,
Cyprus,CY,2020-52,GISAID,1969,0,0.0,Yes,P.1,0,
Cyprus,CY,2020-52,GISAID,1969,0,0.0,Yes,Other,0,
Cyprus,CY,2020-53,GISAID,4317,29,0.7,Yes,B.1.1.7,1,3.4
Cyprus,CY,2020-53,GISAID,4317,29,0.7,Yes,B.1.351,0,0.0
Cyprus,CY,2020-53,GISAID,4317,29,0.7,Yes,P.1,0,0.0
Cyprus,CY,2020-53,GISAID,4317,29,0.7,Yes,Other,28,96.6
Cyprus,CY,2021-01,GISAID,3376,0,0.0,Yes,B.1.1.7,0,
Cyprus,CY,2021-01,GISAID,3376,0,0.0,Yes,B.1.351,0,
Cyprus,CY,2021-01,GISAID,3376,0,0.0,Yes,P.1,0,
Cyprus,CY,2021-01,GISAID,3376,0,0.0,Yes,Other,0,
Cyprus,CY,2021-02,GISAID,1618,0,0.0,Yes,B.1.1.7,0,
Cyprus,CY,2021-02,GISAID,1618,0,0.0,Yes,B.1.351,0,
Cyprus,CY,2021-02,GISAID,1618,0,0.0,Yes,P.1,0,
Cyprus,CY,2021-02,GISAID,1618,0,0.0,Yes,Other,0,
Cyprus,CY,2021-03,GISAID,1049,12,1.1,Yes,B.1.1.7,5,41.7
Cyprus,CY,2021-03,GISAID,1049,12,1.1,Yes,B.1.351,0,0.0
Cyprus,CY,2021-03,GISAID,1049,12,1.1,Yes,P.1,0,0.0
Cyprus,CY,2021-03,GISAID,1049,12,1.1,Yes,Other,7,58.3
Cyprus,CY,2021-04,GISAID,859,12,1.4,Yes,B.1.1.7,4,33.3
Cyprus,CY,2021-04,GISAID,859,12,1.4,Yes,B.1.351,0,0.0
Cyprus,CY,2021-04,GISAID,859,12,1.4,Yes,P.1,0,0.0
Cyprus,CY,2021-04,GISAID,859,12,1.4,Yes,Other,8,66.7
Cyprus,CY,2021-05,GISAID,883,0,0.0,Yes,B.1.1.7,0,
Cyprus,CY,2021-05,GISAID,883,0,0.0,Yes,B.1.351,0,
Cyprus,CY,2021-05,GISAID,883,0,0.0,Yes,P.1,0,
Cyprus,CY,2021-05,GISAID,883,0,0.0,Yes,Other,0,
Cyprus,CY,2021-06,GISAID,754,0,0.0,Yes,B.1.1.7,0,
Cyprus,CY,2021-06,GISAID,754,0,0.0,Yes,B.1.351,0,
Cyprus,CY,2021-06,GISAID,754,0,0.0,Yes,P.1,0,
Cyprus,CY,2021-06,GISAID,754,0,0.0,Yes,Other,0,
Cyprus,CY,2021-07,GISAID,747,0,0.0,Yes,B.1.1.7,0,
Cyprus,CY,2021-07,GISAID,747,0,0.0,Yes,B.1.351,0,
Cyprus,CY,2021-07,GISAID,747,0,0.0,Yes,P.1,0,
Cyprus,CY,2021-07,GISAID,747,0,0.0,Yes,Other,0,
Cyprus,CY,2021-08,GISAID,1447,0,0.0,Yes,B.1.1.7,0,
Cyprus,CY,2021-08,GISAID,1447,0,0.0,Yes,B.1.351,0,
Cyprus,CY,2021-08,GISAID,1447,0,0.0,Yes,P.1,0,
Cyprus,CY,2021-08,GISAID,1447,0,0.0,Yes,Other,0,
Cyprus,CY,2021-09,GISAID,2171,0,0.0,Yes,B.1.1.7,0,
Cyprus,CY,2021-09,GISAID,2171,0,0.0,Yes,B.1.351,0,
Cyprus,CY,2021-09,GISAID,2171,0,0.0,Yes,P.1,0,
Cyprus,CY,2021-09,GISAID,2171,0,0.0,Yes,Other,0,
Cyprus,CY,2021-10,GISAID,2773,0,0.0,Yes,B.1.1.7,0,
Cyprus,CY,2021-10,GISAID,2773,0,0.0,Yes,B.1.351,0,
Cyprus,CY,2021-10,GISAID,2773,0,0.0,Yes,P.1,0,
Cyprus,CY,2021-10,GISAID,2773,0,0.0,Yes,Other,0,
Cyprus,CY,2021-11,GISAID,2567,0,0.0,Yes,B.1.1.7,0,
Cyprus,CY,2021-11,GISAID,2567,0,0.0,Yes,B.1.351,0,
Cyprus,CY,2021-11,GISAID,2567,0,0.0,Yes,P.1,0,
Cyprus,CY,2021-11,GISAID,2567,0,0.0,Yes,Other,0,
Cyprus,CY,2021-12,GISAID,2413,0,0.0,Yes,B.1.1.7,0,
Cyprus,CY,2021-12,GISAID,2413,0,0.0,Yes,B.1.351,0,
Cyprus,CY,2021-12,GISAID,2413,0,0.0,Yes,P.1,0,
Cyprus,CY,2021-12,GISAID,2413,0,0.0,Yes,Other,0,
Cyprus,CY,2021-13,GISAID,3082,0,0.0,Yes,B.1.1.7,0,
Cyprus,CY,2021-13,GISAID,3082,0,0.0,Yes,B.1.351,0,
Cyprus,CY,2021-13,GISAID,3082,0,0.0,Yes,P.1,0,
Cyprus,CY,2021-13,GISAID,3082,0,0.0,Yes,Other,0,
Cyprus,CY,2021-14,GISAID,3792,0,0.0,Yes,B.1.1.7,0,
Cyprus,CY,2021-14,GISAID,3792,0,0.0,Yes,B.1.351,0,
Cyprus,CY,2021-14,GISAID,3792,0,0.0,Yes,P.1,0,
Cyprus,CY,2021-14,GISAID,3792,0,0.0,Yes,Other,0,
Cyprus,CY,2021-15,GISAID,4754,0,0.0,Yes,B.1.1.7,0,
Cyprus,CY,2021-15,GISAID,4754,0,0.0,Yes,B.1.351,0,
Cyprus,CY,2021-15,GISAID,4754,0,0.0,Yes,P.1,0,
Cyprus,CY,2021-15,GISAID,4754,0,0.0,Yes,Other,0,
Cyprus,CY,2021-16,GISAID,6090,0,0.0,Yes,B.1.1.7,0,
Cyprus,CY,2021-16,GISAID,6090,0,0.0,Yes,B.1.351,0,
Cyprus,CY,2021-16,GISAID,6090,0,0.0,Yes,P.1,0,
Cyprus,CY,2021-16,GISAID,6090,0,0.0,Yes,Other,0,
Cyprus,CY,2020-48,TESSy,1740,1,0.1,No,B.1.1.7,1,
Cyprus,CY,2020-50,TESSy,2650,2,0.1,No,B.1.1.7,2,
Cyprus,CY,2020-51,TESSy,2587,7,0.3,No,B.1.1.7,7,
Cyprus,CY,2020-52,TESSy,1969,3,0.2,No,B.1.1.7,3,
Czechia,CZ,2020-40,GISAID,17849,32,0.2,Yes,B.1.1.7,0,0.0
Czechia,CZ,2020-40,GISAID,17849,32,0.2,Yes,B.1.351,0,0.0
Czechia,CZ,2020-40,GISAID,17849,32,0.2,Yes,P.1,0,0.0
Czechia,CZ,2020-40,GISAID,17849,32,0.2,Yes,Other,32,100.0
Czechia,CZ,2020-41,GISAID,34664,43,0.1,Yes,B.1.1.7,0,0.0
Czechia,CZ,2020-41,GISAID,34664,43,0.1,Yes,B.1.351,0,0.0
Czechia,CZ,2020-41,GISAID,34664,43,0.1,Yes,P.1,0,0.0
Czechia,CZ,2020-41,GISAID,34664,43,0.1,Yes,Other,43,100.0
Czechia,CZ,2020-42,GISAID,56775,23,0.0,Yes,B.1.1.7,0,0.0
Czechia,CZ,2020-42,GISAID,56775,23,0.0,Yes,B.1.351,0,0.0
Czechia,CZ,2020-42,GISAID,56775,23,0.0,Yes,P.1,0,0.0
Czechia,CZ,2020-42,GISAID,56775,23,0.0,Yes,Other,23,100.0
Czechia,CZ,2020-43,GISAID,84212,37,0.0,Yes,B.1.1.7,0,0.0
Czechia,CZ,2020-43,GISAID,84212,37,0.0,Yes,B.1.351,0,0.0
Czechia,CZ,2020-43,GISAID,84212,37,0.0,Yes,P.1,0,0.0
Czechia,CZ,2020-43,GISAID,84212,37,0.0,Yes,Other,37,100.0
Czechia,CZ,2020-44,GISAID,83547,30,0.0,Yes,B.1.1.7,0,0.0
Czechia,CZ,2020-44,GISAID,83547,30,0.0,Yes,B.1.351,0,0.0
Czechia,CZ,2020-44,GISAID,83547,30,0.0,Yes,P.1,0,0.0
Czechia,CZ,2020-44,GISAID,83547,30,0.0,Yes,Other,30,100.0
Czechia,CZ,2020-45,GISAID,73184,26,0.0,Yes,B.1.1.7,0,0.0
Czechia,CZ,2020-45,GISAID,73184,26,0.0,Yes,B.1.351,0,0.0
Czechia,CZ,2020-45,GISAID,73184,26,0.0,Yes,P.1,0,0.0
Czechia,CZ,2020-45,GISAID,73184,26,0.0,Yes,Other,26,100.0
Czechia,CZ,2020-46,GISAID,45288,10,0.0,Yes,B.1.1.7,0,0.0
Czechia,CZ,2020-46,GISAID,45288,10,0.0,Yes,B.1.351,0,0.0
Czechia,CZ,2020-46,GISAID,45288,10,0.0,Yes,P.1,0,0.0
Czechia,CZ,2020-46,GISAID,45288,10,0.0,Yes,Other,10,100.0
Czechia,CZ,2020-47,GISAID,32147,7,0.0,Yes,B.1.1.7,0,0.0
Czechia,CZ,2020-47,GISAID,32147,7,0.0,Yes,B.1.351,0,0.0
Czechia,CZ,2020-47,GISAID,32147,7,0.0,Yes,P.1,0,0.0
Czechia,CZ,2020-47,GISAID,32147,7,0.0,Yes,Other,7,100.0
Czechia,CZ,2020-48,GISAID,27460,4,0.0,Yes,B.1.1.7,0,0.0
Czechia,CZ,2020-48,GISAID,27460,4,0.0,Yes,B.1.351,0,0.0
Czechia,CZ,2020-48,GISAID,27460,4,0.0,Yes,P.1,0,0.0
Czechia,CZ,2020-48,GISAID,27460,4,0.0,Yes,Other,4,100.0
Czechia,CZ,2020-49,GISAID,27110,4,0.0,Yes,B.1.1.7,0,0.0
Czechia,CZ,2020-49,GISAID,27110,4,0.0,Yes,B.1.351,0,0.0
Czechia,CZ,2020-49,GISAID,27110,4,0.0,Yes,P.1,0,0.0
Czechia,CZ,2020-49,GISAID,27110,4,0.0,Yes,Other,4,100.0
Czechia,CZ,2020-50,GISAID,34246,8,0.0,Yes,B.1.1.7,0,0.0
Czechia,CZ,2020-50,GISAID,34246,8,0.0,Yes,B.1.351,0,0.0
Czechia,CZ,2020-50,GISAID,34246,8,0.0,Yes,P.1,0,0.0
Czechia,CZ,2020-50,GISAID,34246,8,0.0,Yes,Other,8,100.0
Czechia,CZ,2020-51,GISAID,46444,8,0.0,Yes,B.1.1.7,2,25.0
Czechia,CZ,2020-51,GISAID,46444,8,0.0,Yes,B.1.351,0,0.0
Czechia,CZ,2020-51,GISAID,46444,8,0.0,Yes,P.1,0,0.0
Czechia,CZ,2020-51,GISAID,46444,8,0.0,Yes,Other,6,75.0
Czechia,CZ,2020-52,GISAID,46817,7,0.0,Yes,B.1.1.7,0,0.0
Czechia,CZ,2020-52,GISAID,46817,7,0.0,Yes,B.1.351,0,0.0
Czechia,CZ,2020-52,GISAID,46817,7,0.0,Yes,P.1,0,0.0
Czechia,CZ,2020-52,GISAID,46817,7,0.0,Yes,Other,7,100.0
Czechia,CZ,2020-53,GISAID,72374,13,0.0,Yes,B.1.1.7,0,0.0
Czechia,CZ,2020-53,GISAID,72374,13,0.0,Yes,B.1.351,0,0.0
Czechia,CZ,2020-53,GISAID,72374,13,0.0,Yes,P.1,0,0.0
Czechia,CZ,2020-53,GISAID,72374,13,0.0,Yes,Other,13,100.0
Czechia,CZ,2021-01,GISAID,88740,100,0.1,Yes,B.1.1.7,36,36.0
Czechia,CZ,2021-01,GISAID,88740,100,0.1,Yes,B.1.351,0,0.0
Czechia,CZ,2021-01,GISAID,88740,100,0.1,Yes,P.1,0,0.0
Czechia,CZ,2021-01,GISAID,88740,100,0.1,Yes,Other,64,64.0
Czechia,CZ,2021-02,GISAID,56398,27,0.0,Yes,B.1.1.7,12,44.4
Czechia,CZ,2021-02,GISAID,56398,27,0.0,Yes,B.1.351,0,0.0
Czechia,CZ,2021-02,GISAID,56398,27,0.0,Yes,P.1,0,0.0
Czechia,CZ,2021-02,GISAID,56398,27,0.0,Yes,Other,15,55.6
Czechia,CZ,2021-03,GISAID,48152,57,0.1,Yes,B.1.1.7,39,68.4
Czechia,CZ,2021-03,GISAID,48152,57,0.1,Yes,B.1.351,0,0.0
Czechia,CZ,2021-03,GISAID,48152,57,0.1,Yes,P.1,0,0.0
Czechia,CZ,2021-03,GISAID,48152,57,0.1,Yes,Other,18,31.6
Czechia,CZ,2021-04,GISAID,47325,62,0.1,Yes,B.1.1.7,28,45.2
Czechia,CZ,2021-04,GISAID,47325,62,0.1,Yes,B.1.351,0,0.0
Czechia,CZ,2021-04,GISAID,47325,62,0.1,Yes,P.1,0,0.0
Czechia,CZ,2021-04,GISAID,47325,62,0.1,Yes,Other,34,54.8
Czechia,CZ,2021-05,GISAID,50076,208,0.4,Yes,B.1.1.7,183,88.0
Czechia,CZ,2021-05,GISAID,50076,208,0.4,Yes,B.1.351,0,0.0
Czechia,CZ,2021-05,GISAID,50076,208,0.4,Yes,P.1,0,0.0
Czechia,CZ,2021-05,GISAID,50076,208,0.4,Yes,Other,25,12.0
Czechia,CZ,2021-06,GISAID,53455,338,0.6,Yes,B.1.1.7,296,87.6
Czechia,CZ,2021-06,GISAID,53455,338,0.6,Yes,B.1.351,0,0.0
Czechia,CZ,2021-06,GISAID,53455,338,0.6,Yes,P.1,0,0.0
Czechia,CZ,2021-06,GISAID,53455,338,0.6,Yes,Other,42,12.4
Czechia,CZ,2021-07,GISAID,66320,241,0.4,Yes,B.1.1.7,161,66.8
Czechia,CZ,2021-07,GISAID,66320,241,0.4,Yes,B.1.351,4,1.7
Czechia,CZ,2021-07,GISAID,66320,241,0.4,Yes,P.1,0,0.0
Czechia,CZ,2021-07,GISAID,66320,241,0.4,Yes,Other,76,31.5
Czechia,CZ,2021-08,GISAID,82871,201,0.2,Yes,B.1.1.7,139,69.2
Czechia,CZ,2021-08,GISAID,82871,201,0.2,Yes,B.1.351,1,0.5
Czechia,CZ,2021-08,GISAID,82871,201,0.2,Yes,P.1,0,0.0
Czechia,CZ,2021-08,GISAID,82871,201,0.2,Yes,Other,61,30.3
Czechia,CZ,2021-09,GISAID,85240,153,0.2,Yes,B.1.1.7,116,75.8
Czechia,CZ,2021-09,GISAID,85240,153,0.2,Yes,B.1.351,4,2.6
Czechia,CZ,2021-09,GISAID,85240,153,0.2,Yes,P.1,0,0.0
Czechia,CZ,2021-09,GISAID,85240,153,0.2,Yes,Other,33,21.6
Czechia,CZ,2021-10,GISAID,77129,145,0.2,Yes,B.1.1.7,117,80.7
Czechia,CZ,2021-10,GISAID,77129,145,0.2,Yes,B.1.351,16,11.0
Czechia,CZ,2021-10,GISAID,77129,145,0.2,Yes,P.1,0,0.0
Czechia,CZ,2021-10,GISAID,77129,145,0.2,Yes,Other,12,8.3
Czechia,CZ,2021-11,GISAID,64913,185,0.3,Yes,B.1.1.7,172,93.0
Czechia,CZ,2021-11,GISAID,64913,185,0.3,Yes,B.1.351,8,4.3
Czechia,CZ,2021-11,GISAID,64913,185,0.3,Yes,P.1,0,0.0
Czechia,CZ,2021-11,GISAID,64913,185,0.3,Yes,Other,5,2.7
Czechia,CZ,2021-12,GISAID,49439,12,0.0,Yes,B.1.1.7,10,83.3
Czechia,CZ,2021-12,GISAID,49439,12,0.0,Yes,B.1.351,1,8.3
Czechia,CZ,2021-12,GISAID,49439,12,0.0,Yes,P.1,0,0.0
Czechia,CZ,2021-12,GISAID,49439,12,0.0,Yes,Other,1,8.3
Czechia,CZ,2021-13,GISAID,37048,44,0.1,Yes,B.1.1.7,43,97.7
Czechia,CZ,2021-13,GISAID,37048,44,0.1,Yes,B.1.351,0,0.0
Czechia,CZ,2021-13,GISAID,37048,44,0.1,Yes,P.1,0,0.0
Czechia,CZ,2021-13,GISAID,37048,44,0.1,Yes,Other,1,2.3
Czechia,CZ,2021-14,GISAID,27364,0,0.0,Yes,B.1.1.7,0,
Czechia,CZ,2021-14,GISAID,27364,0,0.0,Yes,B.1.351,0,
Czechia,CZ,2021-14,GISAID,27364,0,0.0,Yes,P.1,0,
Czechia,CZ,2021-14,GISAID,27364,0,0.0,Yes,Other,0,
Czechia,CZ,2021-15,GISAID,21527,10,0.0,Yes,B.1.1.7,10,100.0
Czechia,CZ,2021-15,GISAID,21527,10,0.0,Yes,B.1.351,0,0.0
Czechia,CZ,2021-15,GISAID,21527,10,0.0,Yes,P.1,0,0.0
Czechia,CZ,2021-15,GISAID,21527,10,0.0,Yes,Other,0,0.0
Czechia,CZ,2021-16,GISAID,17495,0,0.0,Yes,B.1.1.7,0,
Czechia,CZ,2021-16,GISAID,17495,0,0.0,Yes,B.1.351,0,
Czechia,CZ,2021-16,GISAID,17495,0,0.0,Yes,P.1,0,
Czechia,CZ,2021-16,GISAID,17495,0,0.0,Yes,Other,0,
Czechia,CZ,2021-01,TESSy,88740,57,0.1,Yes,B.1.1.7,50,87.7
Czechia,CZ,2021-01,TESSy,88740,57,0.1,Yes,B.1.351,6,10.5
Czechia,CZ,2021-01,TESSy,88740,57,0.1,Yes,P.1,0,0.0
Czechia,CZ,2021-01,TESSy,88740,57,0.1,Yes,Other,1,1.8
Czechia,CZ,2021-02,TESSy,56398,6,0.0,Yes,B.1.1.7,4,66.7
Czechia,CZ,2021-02,TESSy,56398,6,0.0,Yes,B.1.351,0,0.0
Czechia,CZ,2021-02,TESSy,56398,6,0.0,Yes,P.1,0,0.0
Czechia,CZ,2021-02,TESSy,56398,6,0.0,Yes,Other,2,33.3
Czechia,CZ,2021-03,TESSy,48152,20,0.0,Yes,B.1.1.7,20,100.0
Czechia,CZ,2021-03,TESSy,48152,20,0.0,Yes,B.1.351,0,0.0
Czechia,CZ,2021-03,TESSy,48152,20,0.0,Yes,P.1,0,0.0
Czechia,CZ,2021-03,TESSy,48152,20,0.0,Yes,Other,0,0.0
Czechia,CZ,2021-04,TESSy,47325,34,0.1,Yes,B.1.1.7,18,52.9
Czechia,CZ,2021-04,TESSy,47325,34,0.1,Yes,B.1.351,8,23.5
Czechia,CZ,2021-04,TESSy,47325,34,0.1,Yes,P.1,0,0.0
Czechia,CZ,2021-04,TESSy,47325,34,0.1,Yes,Other,8,23.5
Czechia,CZ,2021-05,TESSy,50076,166,0.3,Yes,B.1.1.7,150,90.4
Czechia,CZ,2021-05,TESSy,50076,166,0.3,Yes,B.1.351,14,8.4
Czechia,CZ,2021-05,TESSy,50076,166,0.3,Yes,P.1,0,0.0
Czechia,CZ,2021-05,TESSy,50076,166,0.3,Yes,Other,2,1.2
Czechia,CZ,2021-06,TESSy,53455,309,0.6,Yes,B.1.1.7,243,78.6
Czechia,CZ,2021-06,TESSy,53455,309,0.6,Yes,B.1.351,24,7.8
Czechia,CZ,2021-06,TESSy,53455,309,0.6,Yes,P.1,0,0.0
Czechia,CZ,2021-06,TESSy,53455,309,0.6,Yes,Other,42,13.6
Czechia,CZ,2021-07,TESSy,66320,238,0.4,Yes,B.1.1.7,141,59.2
Czechia,CZ,2021-07,TESSy,66320,238,0.4,Yes,B.1.351,56,23.5
Czechia,CZ,2021-07,TESSy,66320,238,0.4,Yes,P.1,0,0.0
Czechia,CZ,2021-07,TESSy,66320,238,0.4,Yes,Other,41,17.2
Czechia,CZ,2021-08,TESSy,82871,174,0.2,Yes,B.1.1.7,114,65.5
Czechia,CZ,2021-08,TESSy,82871,174,0.2,Yes,B.1.351,46,26.4
Czechia,CZ,2021-08,TESSy,82871,174,0.2,Yes,P.1,0,0.0
Czechia,CZ,2021-08,TESSy,82871,174,0.2,Yes,Other,14,8.0
Czechia,CZ,2021-09,TESSy,85240,133,0.2,Yes,B.1.1.7,99,74.4
Czechia,CZ,2021-09,TESSy,85240,133,0.2,Yes,B.1.351,28,21.1
Czechia,CZ,2021-09,TESSy,85240,133,0.2,Yes,P.1,0,0.0
Czechia,CZ,2021-09,TESSy,85240,133,0.2,Yes,Other,6,4.5
Czechia,CZ,2021-10,TESSy,77129,121,0.2,Yes,B.1.1.7,109,90.1
Czechia,CZ,2021-10,TESSy,77129,121,0.2,Yes,B.1.351,9,7.4
Czechia,CZ,2021-10,TESSy,77129,121,0.2,Yes,P.1,0,0.0
Czechia,CZ,2021-10,TESSy,77129,121,0.2,Yes,Other,3,2.5
Czechia,CZ,2021-11,TESSy,64913,129,0.2,Yes,B.1.1.7,124,96.1
Czechia,CZ,2021-11,TESSy,64913,129,0.2,Yes,B.1.351,3,2.3
Czechia,CZ,2021-11,TESSy,64913,129,0.2,Yes,P.1,0,0.0
Czechia,CZ,2021-11,TESSy,64913,129,0.2,Yes,Other,2,1.6
Czechia,CZ,2021-12,TESSy,49439,4,0.0,Yes,B.1.1.7,4,100.0
Czechia,CZ,2021-12,TESSy,49439,4,0.0,Yes,B.1.351,0,0.0
Czechia,CZ,2021-12,TESSy,49439,4,0.0,Yes,P.1,0,0.0
Czechia,CZ,2021-12,TESSy,49439,4,0.0,Yes,Other,0,0.0
Denmark,DK,2020-40,GISAID,3043,433,14.2,Yes,B.1.1.7,0,0.0
Denmark,DK,2020-40,GISAID,3043,433,14.2,Yes,B.1.351,0,0.0
Denmark,DK,2020-40,GISAID,3043,433,14.2,Yes,P.1,0,0.0
Denmark,DK,2020-40,GISAID,3043,433,14.2,Yes,Other,433,100.0
Denmark,DK,2020-41,GISAID,2742,397,14.5,Yes,B.1.1.7,0,0.0
Denmark,DK,2020-41,GISAID,2742,397,14.5,Yes,B.1.351,0,0.0
Denmark,DK,2020-41,GISAID,2742,397,14.5,Yes,P.1,0,0.0
Denmark,DK,2020-41,GISAID,2742,397,14.5,Yes,Other,397,100.0
Denmark,DK,2020-42,GISAID,2970,1153,38.8,Yes,B.1.1.7,0,0.0
Denmark,DK,2020-42,GISAID,2970,1153,38.8,Yes,B.1.351,0,0.0
Denmark,DK,2020-42,GISAID,2970,1153,38.8,Yes,P.1,0,0.0
Denmark,DK,2020-42,GISAID,2970,1153,38.8,Yes,Other,1153,100.0
Denmark,DK,2020-43,GISAID,4964,396,8.0,Yes,B.1.1.7,0,0.0
Denmark,DK,2020-43,GISAID,4964,396,8.0,Yes,B.1.351,0,0.0
Denmark,DK,2020-43,GISAID,4964,396,8.0,Yes,P.1,0,0.0
Denmark,DK,2020-43,GISAID,4964,396,8.0,Yes,Other,396,100.0
Denmark,DK,2020-44,GISAID,6943,1457,21.0,Yes,B.1.1.7,0,0.0
Denmark,DK,2020-44,GISAID,6943,1457,21.0,Yes,B.1.351,0,0.0
Denmark,DK,2020-44,GISAID,6943,1457,21.0,Yes,P.1,0,0.0
Denmark,DK,2020-44,GISAID,6943,1457,21.0,Yes,Other,1457,100.0
Denmark,DK,2020-45,GISAID,7822,1528,19.5,Yes,B.1.1.7,0,0.0
Denmark,DK,2020-45,GISAID,7822,1528,19.5,Yes,B.1.351,0,0.0
Denmark,DK,2020-45,GISAID,7822,1528,19.5,Yes,P.1,0,0.0
Denmark,DK,2020-45,GISAID,7822,1528,19.5,Yes,Other,1528,100.0
Denmark,DK,2020-46,GISAID,7015,1126,16.1,Yes,B.1.1.7,3,0.3
Denmark,DK,2020-46,GISAID,7015,1126,16.1,Yes,B.1.351,0,0.0
Denmark,DK,2020-46,GISAID,7015,1126,16.1,Yes,P.1,0,0.0
Denmark,DK,2020-46,GISAID,7015,1126,16.1,Yes,Other,1123,99.7
Denmark,DK,2020-47,GISAID,8349,1516,18.2,Yes,B.1.1.7,0,0.0
Denmark,DK,2020-47,GISAID,8349,1516,18.2,Yes,B.1.351,0,0.0
Denmark,DK,2020-47,GISAID,8349,1516,18.2,Yes,P.1,0,0.0
Denmark,DK,2020-47,GISAID,8349,1516,18.2,Yes,Other,1516,100.0
Denmark,DK,2020-48,GISAID,8867,1691,19.1,Yes,B.1.1.7,3,0.2
Denmark,DK,2020-48,GISAID,8867,1691,19.1,Yes,B.1.351,0,0.0
Denmark,DK,2020-48,GISAID,8867,1691,19.1,Yes,P.1,0,0.0
Denmark,DK,2020-48,GISAID,8867,1691,19.1,Yes,Other,1688,99.8
Denmark,DK,2020-49,GISAID,11251,2007,17.8,Yes,B.1.1.7,4,0.2
Denmark,DK,2020-49,GISAID,11251,2007,17.8,Yes,B.1.351,0,0.0
Denmark,DK,2020-49,GISAID,11251,2007,17.8,Yes,P.1,0,0.0
Denmark,DK,2020-49,GISAID,11251,2007,17.8,Yes,Other,2003,99.8
Denmark,DK,2020-50,GISAID,19155,2658,13.9,Yes,B.1.1.7,11,0.4
Denmark,DK,2020-50,GISAID,19155,2658,13.9,Yes,B.1.351,0,0.0
Denmark,DK,2020-50,GISAID,19155,2658,13.9,Yes,P.1,0,0.0
Denmark,DK,2020-50,GISAID,19155,2658,13.9,Yes,Other,2647,99.6
Denmark,DK,2020-51,GISAID,24676,3817,15.5,Yes,B.1.1.7,32,0.8
Denmark,DK,2020-51,GISAID,24676,3817,15.5,Yes,B.1.351,0,0.0
Denmark,DK,2020-51,GISAID,24676,3817,15.5,Yes,P.1,0,0.0
Denmark,DK,2020-51,GISAID,24676,3817,15.5,Yes,Other,3785,99.2
Denmark,DK,2020-52,GISAID,18915,3409,18.0,Yes,B.1.1.7,63,1.8
Denmark,DK,2020-52,GISAID,18915,3409,18.0,Yes,B.1.351,0,0.0
Denmark,DK,2020-52,GISAID,18915,3409,18.0,Yes,P.1,0,0.0
Denmark,DK,2020-52,GISAID,18915,3409,18.0,Yes,Other,3346,98.2
Denmark,DK,2020-53,GISAID,15362,3388,22.1,Yes,B.1.1.7,72,2.1
Denmark,DK,2020-53,GISAID,15362,3388,22.1,Yes,B.1.351,0,0.0
Denmark,DK,2020-53,GISAID,15362,3388,22.1,Yes,P.1,0,0.0
Denmark,DK,2020-53,GISAID,15362,3388,22.1,Yes,Other,3316,97.9
Denmark,DK,2021-01,GISAID,14014,3560,25.4,Yes,B.1.1.7,139,3.9
Denmark,DK,2021-01,GISAID,14014,3560,25.4,Yes,B.1.351,1,0.0
Denmark,DK,2021-01,GISAID,14014,3560,25.4,Yes,P.1,0,0.0
Denmark,DK,2021-01,GISAID,14014,3560,25.4,Yes,Other,3420,96.1
Denmark,DK,2021-02,GISAID,7170,3613,50.4,Yes,B.1.1.7,269,7.4
Denmark,DK,2021-02,GISAID,7170,3613,50.4,Yes,B.1.351,0,0.0
Denmark,DK,2021-02,GISAID,7170,3613,50.4,Yes,P.1,0,0.0
Denmark,DK,2021-02,GISAID,7170,3613,50.4,Yes,Other,3344,92.6
Denmark,DK,2021-03,GISAID,5401,3303,61.2,Yes,B.1.1.7,422,12.8
Denmark,DK,2021-03,GISAID,5401,3303,61.2,Yes,B.1.351,3,0.1
Denmark,DK,2021-03,GISAID,5401,3303,61.2,Yes,P.1,0,0.0
Denmark,DK,2021-03,GISAID,5401,3303,61.2,Yes,Other,2878,87.1
Denmark,DK,2021-04,GISAID,3664,2426,66.2,Yes,B.1.1.7,476,19.6
Denmark,DK,2021-04,GISAID,3664,2426,66.2,Yes,B.1.351,1,0.0
Denmark,DK,2021-04,GISAID,3664,2426,66.2,Yes,P.1,0,0.0
Denmark,DK,2021-04,GISAID,3664,2426,66.2,Yes,Other,1949,80.3
Denmark,DK,2021-05,GISAID,2661,2089,78.5,Yes,B.1.1.7,629,30.1
Denmark,DK,2021-05,GISAID,2661,2089,78.5,Yes,B.1.351,3,0.1
Denmark,DK,2021-05,GISAID,2661,2089,78.5,Yes,P.1,0,0.0
Denmark,DK,2021-05,GISAID,2661,2089,78.5,Yes,Other,1457,69.7
Denmark,DK,2021-06,GISAID,3178,1893,59.6,Yes,B.1.1.7,896,47.3
Denmark,DK,2021-06,GISAID,3178,1893,59.6,Yes,B.1.351,2,0.1
Denmark,DK,2021-06,GISAID,3178,1893,59.6,Yes,P.1,0,0.0
Denmark,DK,2021-06,GISAID,3178,1893,59.6,Yes,Other,995,52.6
Denmark,DK,2021-07,GISAID,3228,2252,69.8,Yes,B.1.1.7,1475,65.5
Denmark,DK,2021-07,GISAID,3228,2252,69.8,Yes,B.1.351,2,0.1
Denmark,DK,2021-07,GISAID,3228,2252,69.8,Yes,P.1,0,0.0
Denmark,DK,2021-07,GISAID,3228,2252,69.8,Yes,Other,775,34.4
Denmark,DK,2021-08,GISAID,3665,519,14.2,Yes,B.1.1.7,395,76.1
Denmark,DK,2021-08,GISAID,3665,519,14.2,Yes,B.1.351,0,0.0
Denmark,DK,2021-08,GISAID,3665,519,14.2,Yes,P.1,0,0.0
Denmark,DK,2021-08,GISAID,3665,519,14.2,Yes,Other,124,23.9
Denmark,DK,2021-09,GISAID,3572,0,0.0,Yes,B.1.1.7,0,
Denmark,DK,2021-09,GISAID,3572,0,0.0,Yes,B.1.351,0,
Denmark,DK,2021-09,GISAID,3572,0,0.0,Yes,P.1,0,
Denmark,DK,2021-09,GISAID,3572,0,0.0,Yes,Other,0,
Denmark,DK,2021-10,GISAID,5807,0,0.0,Yes,B.1.1.7,0,
Denmark,DK,2021-10,GISAID,5807,0,0.0,Yes,B.1.351,0,
Denmark,DK,2021-10,GISAID,5807,0,0.0,Yes,P.1,0,
Denmark,DK,2021-10,GISAID,5807,0,0.0,Yes,Other,0,
Denmark,DK,2021-11,GISAID,5206,0,0.0,Yes,B.1.1.7,0,
Denmark,DK,2021-11,GISAID,5206,0,0.0,Yes,B.1.351,0,
Denmark,DK,2021-11,GISAID,5206,0,0.0,Yes,P.1,0,
Denmark,DK,2021-11,GISAID,5206,0,0.0,Yes,Other,0,
Denmark,DK,2021-12,GISAID,2415,0,0.0,Yes,B.1.1.7,0,
Denmark,DK,2021-12,GISAID,2415,0,0.0,Yes,B.1.351,0,
Denmark,DK,2021-12,GISAID,2415,0,0.0,Yes,P.1,0,
Denmark,DK,2021-12,GISAID,2415,0,0.0,Yes,Other,0,
Denmark,DK,2021-13,GISAID,5105,0,0.0,Yes,B.1.1.7,0,
Denmark,DK,2021-13,GISAID,5105,0,0.0,Yes,B.1.351,0,
Denmark,DK,2021-13,GISAID,5105,0,0.0,Yes,P.1,0,
Denmark,DK,2021-13,GISAID,5105,0,0.0,Yes,Other,0,
Denmark,DK,2021-14,GISAID,4509,0,0.0,Yes,B.1.1.7,0,
Denmark,DK,2021-14,GISAID,4509,0,0.0,Yes,B.1.351,0,
Denmark,DK,2021-14,GISAID,4509,0,0.0,Yes,P.1,0,
Denmark,DK,2021-14,GISAID,4509,0,0.0,Yes,Other,0,
Denmark,DK,2021-15,GISAID,5068,0,0.0,Yes,B.1.1.7,0,
Denmark,DK,2021-15,GISAID,5068,0,0.0,Yes,B.1.351,0,
Denmark,DK,2021-15,GISAID,5068,0,0.0,Yes,P.1,0,
Denmark,DK,2021-15,GISAID,5068,0,0.0,Yes,Other,0,
Denmark,DK,2021-16,GISAID,4952,0,0.0,Yes,B.1.1.7,0,
Denmark,DK,2021-16,GISAID,4952,0,0.0,Yes,B.1.351,0,
Denmark,DK,2021-16,GISAID,4952,0,0.0,Yes,P.1,0,
Denmark,DK,2021-16,GISAID,4952,0,0.0,Yes,Other,0,
Denmark,DK,2021-08,TESSy,3665,2629,71.7,Yes,B.1.1.7,2084,79.3
Denmark,DK,2021-08,TESSy,3665,2629,71.7,Yes,B.1.351,3,0.1
Denmark,DK,2021-08,TESSy,3665,2629,71.7,Yes,P.1,1,0.0
Denmark,DK,2021-08,TESSy,3665,2629,71.7,Yes,Other,541,20.6
Denmark,DK,2021-09,TESSy,3572,2634,73.7,Yes,B.1.1.7,2311,87.7
Denmark,DK,2021-09,TESSy,3572,2634,73.7,Yes,B.1.351,12,0.5
Denmark,DK,2021-09,TESSy,3572,2634,73.7,Yes,P.1,2,0.1
Denmark,DK,2021-09,TESSy,3572,2634,73.7,Yes,Other,309,11.7
Denmark,DK,2021-10,TESSy,5807,2992,51.5,Yes,B.1.1.7,2839,94.9
Denmark,DK,2021-10,TESSy,5807,2992,51.5,Yes,B.1.351,6,0.2
Denmark,DK,2021-10,TESSy,5807,2992,51.5,Yes,P.1,0,0.0
Denmark,DK,2021-10,TESSy,5807,2992,51.5,Yes,Other,147,4.9
Denmark,DK,2021-11,TESSy,5206,3379,64.9,Yes,B.1.1.7,3210,95.0
Denmark,DK,2021-11,TESSy,5206,3379,64.9,Yes,B.1.351,8,0.2
Denmark,DK,2021-11,TESSy,5206,3379,64.9,Yes,P.1,5,0.1
Denmark,DK,2021-11,TESSy,5206,3379,64.9,Yes,Other,156,4.6
Denmark,DK,2021-12,TESSy,2415,3663,100.0,Yes,B.1.1.7,3505,95.7
Denmark,DK,2021-12,TESSy,2415,3663,100.0,Yes,B.1.351,7,0.2
Denmark,DK,2021-12,TESSy,2415,3663,100.0,Yes,P.1,4,0.1
Denmark,DK,2021-12,TESSy,2415,3663,100.0,Yes,Other,147,4.0
Denmark,DK,2021-13,TESSy,5105,3410,66.8,Yes,B.1.1.7,3300,96.8
Denmark,DK,2021-13,TESSy,5105,3410,66.8,Yes,B.1.351,14,0.4
Denmark,DK,2021-13,TESSy,5105,3410,66.8,Yes,P.1,0,0.0
Denmark,DK,2021-13,TESSy,5105,3410,66.8,Yes,Other,96,2.8
Denmark,DK,2021-14,TESSy,4509,3364,74.6,Yes,B.1.1.7,3240,96.3
Denmark,DK,2021-14,TESSy,4509,3364,74.6,Yes,B.1.351,18,0.5
Denmark,DK,2021-14,TESSy,4509,3364,74.6,Yes,P.1,0,0.0
Denmark,DK,2021-14,TESSy,4509,3364,74.6,Yes,Other,106,3.2
Denmark,DK,2021-15,TESSy,5068,3414,67.4,Yes,B.1.1.7,3327,97.5
Denmark,DK,2021-15,TESSy,5068,3414,67.4,Yes,B.1.351,6,0.2
Denmark,DK,2021-15,TESSy,5068,3414,67.4,Yes,P.1,0,0.0
Denmark,DK,2021-15,TESSy,5068,3414,67.4,Yes,Other,81,2.4
Denmark,DK,2021-16,TESSy,4952,1408,28.4,Yes,B.1.1.7,1378,97.9
Denmark,DK,2021-16,TESSy,4952,1408,28.4,Yes,B.1.351,2,0.1
Denmark,DK,2021-16,TESSy,4952,1408,28.4,Yes,P.1,1,0.1
Denmark,DK,2021-16,TESSy,4952,1408,28.4,Yes,Other,27,1.9
Estonia,EE,2020-40,GISAID,407,0,0.0,Yes,B.1.1.7,0,
Estonia,EE,2020-40,GISAID,407,0,0.0,Yes,B.1.351,0,
Estonia,EE,2020-40,GISAID,407,0,0.0,Yes,P.1,0,
Estonia,EE,2020-40,GISAID,407,0,0.0,Yes,Other,0,
Estonia,EE,2020-41,GISAID,258,0,0.0,Yes,B.1.1.7,0,
Estonia,EE,2020-41,GISAID,258,0,0.0,Yes,B.1.351,0,
Estonia,EE,2020-41,GISAID,258,0,0.0,Yes,P.1,0,
Estonia,EE,2020-41,GISAID,258,0,0.0,Yes,Other,0,
Estonia,EE,2020-42,GISAID,213,0,0.0,Yes,B.1.1.7,0,
Estonia,EE,2020-42,GISAID,213,0,0.0,Yes,B.1.351,0,
Estonia,EE,2020-42,GISAID,213,0,0.0,Yes,P.1,0,
Estonia,EE,2020-42,GISAID,213,0,0.0,Yes,Other,0,
Estonia,EE,2020-43,GISAID,333,0,0.0,Yes,B.1.1.7,0,
Estonia,EE,2020-43,GISAID,333,0,0.0,Yes,B.1.351,0,
Estonia,EE,2020-43,GISAID,333,0,0.0,Yes,P.1,0,
Estonia,EE,2020-43,GISAID,333,0,0.0,Yes,Other,0,
Estonia,EE,2020-44,GISAID,574,0,0.0,Yes,B.1.1.7,0,
Estonia,EE,2020-44,GISAID,574,0,0.0,Yes,B.1.351,0,
Estonia,EE,2020-44,GISAID,574,0,0.0,Yes,P.1,0,
Estonia,EE,2020-44,GISAID,574,0,0.0,Yes,Other,0,
Estonia,EE,2020-45,GISAID,1140,0,0.0,Yes,B.1.1.7,0,
Estonia,EE,2020-45,GISAID,1140,0,0.0,Yes,B.1.351,0,
Estonia,EE,2020-45,GISAID,1140,0,0.0,Yes,P.1,0,
Estonia,EE,2020-45,GISAID,1140,0,0.0,Yes,Other,0,
Estonia,EE,2020-46,GISAID,1512,0,0.0,Yes,B.1.1.7,0,
Estonia,EE,2020-46,GISAID,1512,0,0.0,Yes,B.1.351,0,
Estonia,EE,2020-46,GISAID,1512,0,0.0,Yes,P.1,0,
Estonia,EE,2020-46,GISAID,1512,0,0.0,Yes,Other,0,
Estonia,EE,2020-47,GISAID,2087,0,0.0,Yes,B.1.1.7,0,
Estonia,EE,2020-47,GISAID,2087,0,0.0,Yes,B.1.351,0,
Estonia,EE,2020-47,GISAID,2087,0,0.0,Yes,P.1,0,
Estonia,EE,2020-47,GISAID,2087,0,0.0,Yes,Other,0,
Estonia,EE,2020-48,GISAID,2328,0,0.0,Yes,B.1.1.7,0,
Estonia,EE,2020-48,GISAID,2328,0,0.0,Yes,B.1.351,0,
Estonia,EE,2020-48,GISAID,2328,0,0.0,Yes,P.1,0,
Estonia,EE,2020-48,GISAID,2328,0,0.0,Yes,Other,0,
Estonia,EE,2020-49,GISAID,2926,0,0.0,Yes,B.1.1.7,0,
Estonia,EE,2020-49,GISAID,2926,0,0.0,Yes,B.1.351,0,
Estonia,EE,2020-49,GISAID,2926,0,0.0,Yes,P.1,0,
Estonia,EE,2020-49,GISAID,2926,0,0.0,Yes,Other,0,
Estonia,EE,2020-50,GISAID,3077,1,0.0,Yes,B.1.1.7,0,0.0
Estonia,EE,2020-50,GISAID,3077,1,0.0,Yes,B.1.351,0,0.0
Estonia,EE,2020-50,GISAID,3077,1,0.0,Yes,P.1,0,0.0
Estonia,EE,2020-50,GISAID,3077,1,0.0,Yes,Other,1,100.0
Estonia,EE,2020-51,GISAID,3739,1,0.0,Yes,B.1.1.7,0,0.0
Estonia,EE,2020-51,GISAID,3739,1,0.0,Yes,B.1.351,0,0.0
Estonia,EE,2020-51,GISAID,3739,1,0.0,Yes,P.1,0,0.0
Estonia,EE,2020-51,GISAID,3739,1,0.0,Yes,Other,1,100.0
Estonia,EE,2020-52,GISAID,4014,1,0.0,Yes,B.1.1.7,0,0.0
Estonia,EE,2020-52,GISAID,4014,1,0.0,Yes,B.1.351,0,0.0
Estonia,EE,2020-52,GISAID,4014,1,0.0,Yes,P.1,0,0.0
Estonia,EE,2020-52,GISAID,4014,1,0.0,Yes,Other,1,100.0
Estonia,EE,2020-53,GISAID,3713,1,0.0,Yes,B.1.1.7,0,0.0
Estonia,EE,2020-53,GISAID,3713,1,0.0,Yes,B.1.351,0,0.0
Estonia,EE,2020-53,GISAID,3713,1,0.0,Yes,P.1,0,0.0
Estonia,EE,2020-53,GISAID,3713,1,0.0,Yes,Other,1,100.0
Estonia,EE,2021-01,GISAID,4284,3,0.1,Yes,B.1.1.7,0,0.0
Estonia,EE,2021-01,GISAID,4284,3,0.1,Yes,B.1.351,0,0.0
Estonia,EE,2021-01,GISAID,4284,3,0.1,Yes,P.1,0,0.0
Estonia,EE,2021-01,GISAID,4284,3,0.1,Yes,Other,3,100.0
Estonia,EE,2021-02,GISAID,3539,0,0.0,Yes,B.1.1.7,0,
Estonia,EE,2021-02,GISAID,3539,0,0.0,Yes,B.1.351,0,
Estonia,EE,2021-02,GISAID,3539,0,0.0,Yes,P.1,0,
Estonia,EE,2021-02,GISAID,3539,0,0.0,Yes,Other,0,
Estonia,EE,2021-03,GISAID,3372,9,0.3,Yes,B.1.1.7,1,11.1
Estonia,EE,2021-03,GISAID,3372,9,0.3,Yes,B.1.351,0,0.0
Estonia,EE,2021-03,GISAID,3372,9,0.3,Yes,P.1,0,0.0
Estonia,EE,2021-03,GISAID,3372,9,0.3,Yes,Other,8,88.9
Estonia,EE,2021-04,GISAID,3492,31,0.9,Yes,B.1.1.7,0,0.0
Estonia,EE,2021-04,GISAID,3492,31,0.9,Yes,B.1.351,0,0.0
Estonia,EE,2021-04,GISAID,3492,31,0.9,Yes,P.1,0,0.0
Estonia,EE,2021-04,GISAID,3492,31,0.9,Yes,Other,31,100.0
Estonia,EE,2021-05,GISAID,4059,15,0.4,Yes,B.1.1.7,1,6.7
Estonia,EE,2021-05,GISAID,4059,15,0.4,Yes,B.1.351,0,0.0
Estonia,EE,2021-05,GISAID,4059,15,0.4,Yes,P.1,0,0.0
Estonia,EE,2021-05,GISAID,4059,15,0.4,Yes,Other,14,93.3
Estonia,EE,2021-06,GISAID,4560,107,2.3,Yes,B.1.1.7,14,13.1
Estonia,EE,2021-06,GISAID,4560,107,2.3,Yes,B.1.351,0,0.0
Estonia,EE,2021-06,GISAID,4560,107,2.3,Yes,P.1,0,0.0
Estonia,EE,2021-06,GISAID,4560,107,2.3,Yes,Other,93,86.9
Estonia,EE,2021-07,GISAID,4789,416,8.7,Yes,B.1.1.7,111,26.7
Estonia,EE,2021-07,GISAID,4789,416,8.7,Yes,B.1.351,2,0.5
Estonia,EE,2021-07,GISAID,4789,416,8.7,Yes,P.1,0,0.0
Estonia,EE,2021-07,GISAID,4789,416,8.7,Yes,Other,303,72.8
Estonia,EE,2021-08,GISAID,9012,26,0.3,Yes,B.1.1.7,13,50.0
Estonia,EE,2021-08,GISAID,9012,26,0.3,Yes,B.1.351,0,0.0
Estonia,EE,2021-08,GISAID,9012,26,0.3,Yes,P.1,0,0.0
Estonia,EE,2021-08,GISAID,9012,26,0.3,Yes,Other,13,50.0
Estonia,EE,2021-09,GISAID,9555,19,0.2,Yes,B.1.1.7,13,68.4
Estonia,EE,2021-09,GISAID,9555,19,0.2,Yes,B.1.351,0,0.0
Estonia,EE,2021-09,GISAID,9555,19,0.2,Yes,P.1,0,0.0
Estonia,EE,2021-09,GISAID,9555,19,0.2,Yes,Other,6,31.6
Estonia,EE,2021-10,GISAID,9903,194,2.0,Yes,B.1.1.7,153,78.9
Estonia,EE,2021-10,GISAID,9903,194,2.0,Yes,B.1.351,1,0.5
Estonia,EE,2021-10,GISAID,9903,194,2.0,Yes,P.1,0,0.0
Estonia,EE,2021-10,GISAID,9903,194,2.0,Yes,Other,40,20.6
Estonia,EE,2021-11,GISAID,10308,195,1.9,Yes,B.1.1.7,155,79.5
Estonia,EE,2021-11,GISAID,10308,195,1.9,Yes,B.1.351,1,0.5
Estonia,EE,2021-11,GISAID,10308,195,1.9,Yes,P.1,0,0.0
Estonia,EE,2021-11,GISAID,10308,195,1.9,Yes,Other,39,20.0
Estonia,EE,2021-12,GISAID,7820,217,2.8,Yes,B.1.1.7,194,89.4
Estonia,EE,2021-12,GISAID,7820,217,2.8,Yes,B.1.351,0,0.0
Estonia,EE,2021-12,GISAID,7820,217,2.8,Yes,P.1,0,0.0
Estonia,EE,2021-12,GISAID,7820,217,2.8,Yes,Other,23,10.6
Estonia,EE,2021-13,GISAID,5567,202,3.6,Yes,B.1.1.7,187,92.6
Estonia,EE,2021-13,GISAID,5567,202,3.6,Yes,B.1.351,1,0.5
Estonia,EE,2021-13,GISAID,5567,202,3.6,Yes,P.1,0,0.0
Estonia,EE,2021-13,GISAID,5567,202,3.6,Yes,Other,14,6.9
Estonia,EE,2021-14,GISAID,4662,4,0.1,Yes,B.1.1.7,3,75.0
Estonia,EE,2021-14,GISAID,4662,4,0.1,Yes,B.1.351,0,0.0
Estonia,EE,2021-14,GISAID,4662,4,0.1,Yes,P.1,0,0.0
Estonia,EE,2021-14,GISAID,4662,4,0.1,Yes,Other,1,25.0
Estonia,EE,2021-15,GISAID,3339,0,0.0,Yes,B.1.1.7,0,
Estonia,EE,2021-15,GISAID,3339,0,0.0,Yes,B.1.351,0,
Estonia,EE,2021-15,GISAID,3339,0,0.0,Yes,P.1,0,
Estonia,EE,2021-15,GISAID,3339,0,0.0,Yes,Other,0,
Estonia,EE,2021-16,GISAID,2596,0,0.0,Yes,B.1.1.7,0,
Estonia,EE,2021-16,GISAID,2596,0,0.0,Yes,B.1.351,0,
Estonia,EE,2021-16,GISAID,2596,0,0.0,Yes,P.1,0,
Estonia,EE,2021-16,GISAID,2596,0,0.0,Yes,Other,0,
Estonia,EE,2020-50,TESSy,3077,1,0.0,No,B.1.1.7,1,
Estonia,EE,2020-51,TESSy,3739,1,0.0,No,B.1.1.7,1,
Estonia,EE,2020-52,TESSy,4014,1,0.0,Yes,Other,1,100.0
Estonia,EE,2020-53,TESSy,3713,1,0.0,Yes,Other,1,100.0
Estonia,EE,2021-01,TESSy,4284,2,0.0,Yes,Other,2,100.0
Estonia,EE,2021-02,TESSy,3539,34,1.0,Yes,B.1.1.7,0,0.0
Estonia,EE,2021-02,TESSy,3539,34,1.0,Yes,B.1.351,0,0.0
Estonia,EE,2021-02,TESSy,3539,34,1.0,Yes,P.1,0,0.0
Estonia,EE,2021-02,TESSy,3539,34,1.0,Yes,Other,34,100.0
Estonia,EE,2021-03,TESSy,3372,9,0.3,Yes,B.1.1.7,3,33.3
Estonia,EE,2021-03,TESSy,3372,9,0.3,Yes,Other,6,66.7
Estonia,EE,2021-04,TESSy,3492,35,1.0,Yes,B.1.1.7,34,97.1
Estonia,EE,2021-04,TESSy,3492,35,1.0,Yes,B.1.351,0,0.0
Estonia,EE,2021-04,TESSy,3492,35,1.0,Yes,P.1,0,0.0
Estonia,EE,2021-04,TESSy,3492,35,1.0,Yes,Other,1,2.9
Estonia,EE,2021-05,TESSy,4059,135,3.3,Yes,B.1.1.7,30,22.2
Estonia,EE,2021-05,TESSy,4059,135,3.3,Yes,B.1.351,0,0.0
Estonia,EE,2021-05,TESSy,4059,135,3.3,Yes,P.1,0,0.0
Estonia,EE,2021-05,TESSy,4059,135,3.3,Yes,Other,105,77.8
Estonia,EE,2021-06,TESSy,4560,158,3.5,Yes,B.1.1.7,31,19.6
Estonia,EE,2021-06,TESSy,4560,158,3.5,Yes,B.1.351,1,0.6
Estonia,EE,2021-06,TESSy,4560,158,3.5,Yes,P.1,0,0.0
Estonia,EE,2021-06,TESSy,4560,158,3.5,Yes,Other,126,79.7
Estonia,EE,2021-07,TESSy,4789,449,9.4,Yes,B.1.1.7,149,33.2
Estonia,EE,2021-07,TESSy,4789,449,9.4,Yes,B.1.351,2,0.4
Estonia,EE,2021-07,TESSy,4789,449,9.4,Yes,Other,298,66.4
Estonia,EE,2021-08,TESSy,9012,361,4.0,Yes,B.1.1.7,105,29.1
Estonia,EE,2021-08,TESSy,9012,361,4.0,Yes,B.1.351,3,0.8
Estonia,EE,2021-08,TESSy,9012,361,4.0,Yes,P.1,0,0.0
Estonia,EE,2021-08,TESSy,9012,361,4.0,Yes,Other,253,70.1
Estonia,EE,2021-09,TESSy,9555,399,4.2,Yes,B.1.1.7,166,41.6
Estonia,EE,2021-09,TESSy,9555,399,4.2,Yes,B.1.351,8,2.0
Estonia,EE,2021-09,TESSy,9555,399,4.2,Yes,P.1,0,0.0
Estonia,EE,2021-09,TESSy,9555,399,4.2,Yes,Other,225,56.4
Estonia,EE,2021-10,TESSy,9903,205,2.1,Yes,B.1.1.7,166,81.0
Estonia,EE,2021-10,TESSy,9903,205,2.1,Yes,B.1.351,1,0.5
Estonia,EE,2021-10,TESSy,9903,205,2.1,Yes,Other,38,18.5
Estonia,EE,2021-11,TESSy,10308,203,2.0,Yes,B.1.1.7,166,81.8
Estonia,EE,2021-11,TESSy,10308,203,2.0,Yes,B.1.351,1,0.5
Estonia,EE,2021-11,TESSy,10308,203,2.0,Yes,Other,36,17.7
Estonia,EE,2021-12,TESSy,7820,653,8.4,Yes,B.1.1.7,467,71.5
Estonia,EE,2021-12,TESSy,7820,653,8.4,Yes,B.1.351,1,0.2
Estonia,EE,2021-12,TESSy,7820,653,8.4,Yes,P.1,0,0.0
Estonia,EE,2021-12,TESSy,7820,653,8.4,Yes,Other,185,28.3
Estonia,EE,2021-13,TESSy,5567,211,3.8,Yes,B.1.1.7,197,93.4
Estonia,EE,2021-13,TESSy,5567,211,3.8,Yes,B.1.351,1,0.5
Estonia,EE,2021-13,TESSy,5567,211,3.8,Yes,Other,13,6.2
Estonia,EE,2021-14,TESSy,4662,328,7.0,Yes,B.1.1.7,294,89.6
Estonia,EE,2021-14,TESSy,4662,328,7.0,Yes,B.1.351,8,2.4
Estonia,EE,2021-14,TESSy,4662,328,7.0,Yes,P.1,0,0.0
Estonia,EE,2021-14,TESSy,4662,328,7.0,Yes,Other,26,7.9
Estonia,EE,2021-15,TESSy,3339,587,17.6,Yes,B.1.1.7,542,92.3
Estonia,EE,2021-15,TESSy,3339,587,17.6,Yes,B.1.351,8,1.4
Estonia,EE,2021-15,TESSy,3339,587,17.6,Yes,P.1,0,0.0
Estonia,EE,2021-15,TESSy,3339,587,17.6,Yes,Other,37,6.3
Estonia,EE,2021-16,TESSy,2596,304,11.7,Yes,B.1.1.7,289,95.1
Estonia,EE,2021-16,TESSy,2596,304,11.7,Yes,B.1.351,4,1.3
Estonia,EE,2021-16,TESSy,2596,304,11.7,Yes,P.1,0,0.0
Estonia,EE,2021-16,TESSy,2596,304,11.7,Yes,Other,11,3.6
Finland,FI,2020-40,GISAID,856,127,14.8,Yes,B.1.1.7,0,0.0
Finland,FI,2020-40,GISAID,856,127,14.8,Yes,B.1.351,0,0.0
Finland,FI,2020-40,GISAID,856,127,14.8,Yes,P.1,0,0.0
Finland,FI,2020-40,GISAID,856,127,14.8,Yes,Other,127,100.0
Finland,FI,2020-41,GISAID,1460,155,10.6,Yes,B.1.1.7,0,0.0
Finland,FI,2020-41,GISAID,1460,155,10.6,Yes,B.1.351,0,0.0
Finland,FI,2020-41,GISAID,1460,155,10.6,Yes,P.1,0,0.0
Finland,FI,2020-41,GISAID,1460,155,10.6,Yes,Other,155,100.0
Finland,FI,2020-42,GISAID,1426,39,2.7,Yes,B.1.1.7,0,0.0
Finland,FI,2020-42,GISAID,1426,39,2.7,Yes,B.1.351,0,0.0
Finland,FI,2020-42,GISAID,1426,39,2.7,Yes,P.1,0,0.0
Finland,FI,2020-42,GISAID,1426,39,2.7,Yes,Other,39,100.0
Finland,FI,2020-43,GISAID,1424,57,4.0,Yes,B.1.1.7,0,0.0
Finland,FI,2020-43,GISAID,1424,57,4.0,Yes,B.1.351,0,0.0
Finland,FI,2020-43,GISAID,1424,57,4.0,Yes,P.1,0,0.0
Finland,FI,2020-43,GISAID,1424,57,4.0,Yes,Other,57,100.0
Finland,FI,2020-44,GISAID,1443,51,3.5,Yes,B.1.1.7,0,0.0
Finland,FI,2020-44,GISAID,1443,51,3.5,Yes,B.1.351,0,0.0
Finland,FI,2020-44,GISAID,1443,51,3.5,Yes,P.1,0,0.0
Finland,FI,2020-44,GISAID,1443,51,3.5,Yes,Other,51,100.0
Finland,FI,2020-45,GISAID,1506,0,0.0,Yes,B.1.1.7,0,
Finland,FI,2020-45,GISAID,1506,0,0.0,Yes,B.1.351,0,
Finland,FI,2020-45,GISAID,1506,0,0.0,Yes,P.1,0,
Finland,FI,2020-45,GISAID,1506,0,0.0,Yes,Other,0,
Finland,FI,2020-46,GISAID,1518,8,0.5,Yes,B.1.1.7,0,0.0
Finland,FI,2020-46,GISAID,1518,8,0.5,Yes,B.1.351,0,0.0
Finland,FI,2020-46,GISAID,1518,8,0.5,Yes,P.1,0,0.0
Finland,FI,2020-46,GISAID,1518,8,0.5,Yes,Other,8,100.0
Finland,FI,2020-47,GISAID,2324,46,2.0,Yes,B.1.1.7,0,0.0
Finland,FI,2020-47,GISAID,2324,46,2.0,Yes,B.1.351,0,0.0
Finland,FI,2020-47,GISAID,2324,46,2.0,Yes,P.1,0,0.0
Finland,FI,2020-47,GISAID,2324,46,2.0,Yes,Other,46,100.0
Finland,FI,2020-48,GISAID,2990,88,2.9,Yes,B.1.1.7,0,0.0
Finland,FI,2020-48,GISAID,2990,88,2.9,Yes,B.1.351,0,0.0
Finland,FI,2020-48,GISAID,2990,88,2.9,Yes,P.1,0,0.0
Finland,FI,2020-48,GISAID,2990,88,2.9,Yes,Other,88,100.0
Finland,FI,2020-49,GISAID,3002,49,1.6,Yes,B.1.1.7,0,0.0
Finland,FI,2020-49,GISAID,3002,49,1.6,Yes,B.1.351,0,0.0
Finland,FI,2020-49,GISAID,3002,49,1.6,Yes,P.1,0,0.0
Finland,FI,2020-49,GISAID,3002,49,1.6,Yes,Other,49,100.0
Finland,FI,2020-50,GISAID,3179,60,1.9,Yes,B.1.1.7,0,0.0
Finland,FI,2020-50,GISAID,3179,60,1.9,Yes,B.1.351,0,0.0
Finland,FI,2020-50,GISAID,3179,60,1.9,Yes,P.1,0,0.0
Finland,FI,2020-50,GISAID,3179,60,1.9,Yes,Other,60,100.0
Finland,FI,2020-51,GISAID,2352,21,0.9,Yes,B.1.1.7,3,14.3
Finland,FI,2020-51,GISAID,2352,21,0.9,Yes,B.1.351,1,4.8
Finland,FI,2020-51,GISAID,2352,21,0.9,Yes,P.1,0,0.0
Finland,FI,2020-51,GISAID,2352,21,0.9,Yes,Other,17,81.0
Finland,FI,2020-52,GISAID,1975,14,0.7,Yes,B.1.1.7,14,100.0
Finland,FI,2020-52,GISAID,1975,14,0.7,Yes,B.1.351,0,0.0
Finland,FI,2020-52,GISAID,1975,14,0.7,Yes,P.1,0,0.0
Finland,FI,2020-52,GISAID,1975,14,0.7,Yes,Other,0,0.0
Finland,FI,2020-53,GISAID,1782,66,3.7,Yes,B.1.1.7,23,34.8
Finland,FI,2020-53,GISAID,1782,66,3.7,Yes,B.1.351,1,1.5
Finland,FI,2020-53,GISAID,1782,66,3.7,Yes,P.1,0,0.0
Finland,FI,2020-53,GISAID,1782,66,3.7,Yes,Other,42,63.6
Finland,FI,2021-01,GISAID,1671,45,2.7,Yes,B.1.1.7,8,17.8
Finland,FI,2021-01,GISAID,1671,45,2.7,Yes,B.1.351,0,0.0
Finland,FI,2021-01,GISAID,1671,45,2.7,Yes,P.1,0,0.0
Finland,FI,2021-01,GISAID,1671,45,2.7,Yes,Other,37,82.2
Finland,FI,2021-02,GISAID,1747,186,10.6,Yes,B.1.1.7,51,27.4
Finland,FI,2021-02,GISAID,1747,186,10.6,Yes,B.1.351,4,2.2
Finland,FI,2021-02,GISAID,1747,186,10.6,Yes,P.1,0,0.0
Finland,FI,2021-02,GISAID,1747,186,10.6,Yes,Other,131,70.4
Finland,FI,2021-03,GISAID,2243,245,10.9,Yes,B.1.1.7,142,58.0
Finland,FI,2021-03,GISAID,2243,245,10.9,Yes,B.1.351,0,0.0
Finland,FI,2021-03,GISAID,2243,245,10.9,Yes,P.1,0,0.0
Finland,FI,2021-03,GISAID,2243,245,10.9,Yes,Other,103,42.0
Finland,FI,2021-04,GISAID,2902,252,8.7,Yes,B.1.1.7,150,59.5
Finland,FI,2021-04,GISAID,2902,252,8.7,Yes,B.1.351,0,0.0
Finland,FI,2021-04,GISAID,2902,252,8.7,Yes,P.1,0,0.0
Finland,FI,2021-04,GISAID,2902,252,8.7,Yes,Other,102,40.5
Finland,FI,2021-05,GISAID,2487,293,11.8,Yes,B.1.1.7,239,81.6
Finland,FI,2021-05,GISAID,2487,293,11.8,Yes,B.1.351,0,0.0
Finland,FI,2021-05,GISAID,2487,293,11.8,Yes,P.1,0,0.0
Finland,FI,2021-05,GISAID,2487,293,11.8,Yes,Other,54,18.4
Finland,FI,2021-06,GISAID,2350,310,13.2,Yes,B.1.1.7,282,91.0
Finland,FI,2021-06,GISAID,2350,310,13.2,Yes,B.1.351,1,0.3
Finland,FI,2021-06,GISAID,2350,310,13.2,Yes,P.1,0,0.0
Finland,FI,2021-06,GISAID,2350,310,13.2,Yes,Other,27,8.7
Finland,FI,2021-07,GISAID,3813,0,0.0,Yes,B.1.1.7,0,
Finland,FI,2021-07,GISAID,3813,0,0.0,Yes,B.1.351,0,
Finland,FI,2021-07,GISAID,3813,0,0.0,Yes,P.1,0,
Finland,FI,2021-07,GISAID,3813,0,0.0,Yes,Other,0,
Finland,FI,2021-08,GISAID,3932,0,0.0,Yes,B.1.1.7,0,
Finland,FI,2021-08,GISAID,3932,0,0.0,Yes,B.1.351,0,
Finland,FI,2021-08,GISAID,3932,0,0.0,Yes,P.1,0,
Finland,FI,2021-08,GISAID,3932,0,0.0,Yes,Other,0,
Finland,FI,2021-09,GISAID,4458,0,0.0,Yes,B.1.1.7,0,
Finland,FI,2021-09,GISAID,4458,0,0.0,Yes,B.1.351,0,
Finland,FI,2021-09,GISAID,4458,0,0.0,Yes,P.1,0,
Finland,FI,2021-09,GISAID,4458,0,0.0,Yes,Other,0,
Finland,FI,2021-10,GISAID,4812,10,0.2,Yes,B.1.1.7,2,20.0
Finland,FI,2021-10,GISAID,4812,10,0.2,Yes,B.1.351,3,30.0
Finland,FI,2021-10,GISAID,4812,10,0.2,Yes,P.1,0,0.0
Finland,FI,2021-10,GISAID,4812,10,0.2,Yes,Other,5,50.0
Finland,FI,2021-11,GISAID,4739,10,0.2,Yes,B.1.1.7,7,70.0
Finland,FI,2021-11,GISAID,4739,10,0.2,Yes,B.1.351,0,0.0
Finland,FI,2021-11,GISAID,4739,10,0.2,Yes,P.1,0,0.0
Finland,FI,2021-11,GISAID,4739,10,0.2,Yes,Other,3,30.0
Finland,FI,2021-12,GISAID,4352,4,0.1,Yes,B.1.1.7,1,25.0
Finland,FI,2021-12,GISAID,4352,4,0.1,Yes,B.1.351,0,0.0
Finland,FI,2021-12,GISAID,4352,4,0.1,Yes,P.1,0,0.0
Finland,FI,2021-12,GISAID,4352,4,0.1,Yes,Other,3,75.0
Finland,FI,2021-13,GISAID,3312,1,0.0,Yes,B.1.1.7,0,0.0
Finland,FI,2021-13,GISAID,3312,1,0.0,Yes,B.1.351,0,0.0
Finland,FI,2021-13,GISAID,3312,1,0.0,Yes,P.1,0,0.0
Finland,FI,2021-13,GISAID,3312,1,0.0,Yes,Other,1,100.0
Finland,FI,2021-14,GISAID,2541,0,0.0,Yes,B.1.1.7,0,
Finland,FI,2021-14,GISAID,2541,0,0.0,Yes,B.1.351,0,
Finland,FI,2021-14,GISAID,2541,0,0.0,Yes,P.1,0,
Finland,FI,2021-14,GISAID,2541,0,0.0,Yes,Other,0,
Finland,FI,2021-15,GISAID,2009,0,0.0,Yes,B.1.1.7,0,
Finland,FI,2021-15,GISAID,2009,0,0.0,Yes,B.1.351,0,
Finland,FI,2021-15,GISAID,2009,0,0.0,Yes,P.1,0,
Finland,FI,2021-15,GISAID,2009,0,0.0,Yes,Other,0,
Finland,FI,2021-16,GISAID,1650,0,0.0,Yes,B.1.1.7,0,
Finland,FI,2021-16,GISAID,1650,0,0.0,Yes,B.1.351,0,
Finland,FI,2021-16,GISAID,1650,0,0.0,Yes,P.1,0,
Finland,FI,2021-16,GISAID,1650,0,0.0,Yes,Other,0,
Finland,FI,2020-41,TESSy,1460,1,0.1,No,B.1.1.7,1,
Finland,FI,2020-49,TESSy,3002,14,0.5,Yes,Other,14,100.0
Finland,FI,2020-50,TESSy,3179,11,0.3,Yes,Other,11,100.0
Finland,FI,2020-51,TESSy,2352,33,1.4,Yes,B.1.1.7,11,33.3
Finland,FI,2020-51,TESSy,2352,33,1.4,Yes,B.1.351,1,3.0
Finland,FI,2020-51,TESSy,2352,33,1.4,Yes,Other,21,63.6
Finland,FI,2020-52,TESSy,1975,46,2.3,Yes,B.1.1.7,21,45.7
Finland,FI,2020-52,TESSy,1975,46,2.3,Yes,B.1.351,1,2.2
Finland,FI,2020-52,TESSy,1975,46,2.3,Yes,Other,24,52.2
Finland,FI,2020-53,TESSy,1782,90,5.1,Yes,B.1.1.7,46,51.1
Finland,FI,2020-53,TESSy,1782,90,5.1,Yes,B.1.351,2,2.2
Finland,FI,2020-53,TESSy,1782,90,5.1,Yes,Other,42,46.7
Finland,FI,2021-01,TESSy,1671,195,11.7,Yes,B.1.1.7,47,24.1
Finland,FI,2021-01,TESSy,1671,195,11.7,Yes,B.1.351,10,5.1
Finland,FI,2021-01,TESSy,1671,195,11.7,Yes,Other,138,70.8
Finland,FI,2021-02,TESSy,1747,237,13.6,Yes,B.1.1.7,91,38.4
Finland,FI,2021-02,TESSy,1747,237,13.6,Yes,B.1.351,1,0.4
Finland,FI,2021-02,TESSy,1747,237,13.6,Yes,Other,145,61.2
Finland,FI,2021-03,TESSy,2243,439,19.6,Yes,B.1.1.7,169,38.5
Finland,FI,2021-03,TESSy,2243,439,19.6,Yes,B.1.351,3,0.7
Finland,FI,2021-03,TESSy,2243,439,19.6,Yes,Other,267,60.8
Finland,FI,2021-04,TESSy,2902,505,17.4,Yes,B.1.1.7,201,39.8
Finland,FI,2021-04,TESSy,2902,505,17.4,Yes,B.1.351,6,1.2
Finland,FI,2021-04,TESSy,2902,505,17.4,Yes,Other,298,59.0
Finland,FI,2021-05,TESSy,2487,784,31.5,Yes,B.1.1.7,442,56.4
Finland,FI,2021-05,TESSy,2487,784,31.5,Yes,B.1.351,28,3.6
Finland,FI,2021-05,TESSy,2487,784,31.5,Yes,P.1,1,0.1
Finland,FI,2021-05,TESSy,2487,784,31.5,Yes,Other,313,39.9
Finland,FI,2021-06,TESSy,2350,971,41.3,Yes,B.1.1.7,621,64.0
Finland,FI,2021-06,TESSy,2350,971,41.3,Yes,B.1.351,40,4.1
Finland,FI,2021-06,TESSy,2350,971,41.3,Yes,Other,310,31.9
Finland,FI,2021-07,TESSy,3813,734,19.2,Yes,B.1.1.7,404,55.0
Finland,FI,2021-07,TESSy,3813,734,19.2,Yes,B.1.351,35,4.8
Finland,FI,2021-07,TESSy,3813,734,19.2,Yes,Other,295,40.2
Finland,FI,2021-08,TESSy,3932,455,11.6,Yes,B.1.1.7,224,49.2
Finland,FI,2021-08,TESSy,3932,455,11.6,Yes,B.1.351,27,5.9
Finland,FI,2021-08,TESSy,3932,455,11.6,Yes,Other,204,44.8
Finland,FI,2021-09,TESSy,4458,551,12.4,Yes,B.1.1.7,349,63.3
Finland,FI,2021-09,TESSy,4458,551,12.4,Yes,B.1.351,28,5.1
Finland,FI,2021-09,TESSy,4458,551,12.4,Yes,Other,174,31.6
Finland,FI,2021-10,TESSy,4812,730,15.2,Yes,B.1.1.7,513,70.3
Finland,FI,2021-10,TESSy,4812,730,15.2,Yes,B.1.351,130,17.8
Finland,FI,2021-10,TESSy,4812,730,15.2,Yes,Other,87,11.9
Finland,FI,2021-11,TESSy,4739,505,10.7,Yes,B.1.1.7,292,57.8
Finland,FI,2021-11,TESSy,4739,505,10.7,Yes,B.1.351,119,23.6
Finland,FI,2021-11,TESSy,4739,505,10.7,Yes,Other,94,18.6
Finland,FI,2021-12,TESSy,4352,436,10.0,Yes,B.1.1.7,256,58.7
Finland,FI,2021-12,TESSy,4352,436,10.0,Yes,B.1.351,111,25.5
Finland,FI,2021-12,TESSy,4352,436,10.0,Yes,Other,69,15.8
Finland,FI,2021-13,TESSy,3312,271,8.2,Yes,B.1.1.7,173,63.8
Finland,FI,2021-13,TESSy,3312,271,8.2,Yes,B.1.351,72,26.6
Finland,FI,2021-13,TESSy,3312,271,8.2,Yes,Other,26,9.6
Finland,FI,2021-14,TESSy,2541,84,3.3,Yes,B.1.1.7,39,46.4
Finland,FI,2021-14,TESSy,2541,84,3.3,Yes,B.1.351,40,47.6
Finland,FI,2021-14,TESSy,2541,84,3.3,Yes,Other,5,6.0
Finland,FI,2021-15,TESSy,2009,3,0.1,No,B.1.1.7,3,
Finland,FI,2021-16,TESSy,1650,4,0.2,No,B.1.1.7,4,
France,FR,2020-40,GISAID,80601,97,0.1,Yes,B.1.1.7,0,0.0
France,FR,2020-40,GISAID,80601,97,0.1,Yes,B.1.351,0,0.0
France,FR,2020-40,GISAID,80601,97,0.1,Yes,P.1,0,0.0
France,FR,2020-40,GISAID,80601,97,0.1,Yes,Other,97,100.0
France,FR,2020-41,GISAID,115804,102,0.1,Yes,B.1.1.7,0,0.0
France,FR,2020-41,GISAID,115804,102,0.1,Yes,B.1.351,0,0.0
France,FR,2020-41,GISAID,115804,102,0.1,Yes,P.1,0,0.0
France,FR,2020-41,GISAID,115804,102,0.1,Yes,Other,102,100.0
France,FR,2020-42,GISAID,162060,94,0.1,Yes,B.1.1.7,0,0.0
France,FR,2020-42,GISAID,162060,94,0.1,Yes,B.1.351,0,0.0
France,FR,2020-42,GISAID,162060,94,0.1,Yes,P.1,0,0.0
France,FR,2020-42,GISAID,162060,94,0.1,Yes,Other,94,100.0
France,FR,2020-43,GISAID,241473,141,0.1,Yes,B.1.1.7,0,0.0
France,FR,2020-43,GISAID,241473,141,0.1,Yes,B.1.351,0,0.0
France,FR,2020-43,GISAID,241473,141,0.1,Yes,P.1,0,0.0
France,FR,2020-43,GISAID,241473,141,0.1,Yes,Other,141,100.0
France,FR,2020-44,GISAID,275408,100,0.0,Yes,B.1.1.7,0,0.0
France,FR,2020-44,GISAID,275408,100,0.0,Yes,B.1.351,0,0.0
France,FR,2020-44,GISAID,275408,100,0.0,Yes,P.1,0,0.0
France,FR,2020-44,GISAID,275408,100,0.0,Yes,Other,100,100.0
France,FR,2020-45,GISAID,373409,70,0.0,Yes,B.1.1.7,0,0.0
France,FR,2020-45,GISAID,373409,70,0.0,Yes,B.1.351,0,0.0
France,FR,2020-45,GISAID,373409,70,0.0,Yes,P.1,0,0.0
France,FR,2020-45,GISAID,373409,70,0.0,Yes,Other,70,100.0
France,FR,2020-46,GISAID,194503,91,0.0,Yes,B.1.1.7,0,0.0
France,FR,2020-46,GISAID,194503,91,0.0,Yes,B.1.351,0,0.0
France,FR,2020-46,GISAID,194503,91,0.0,Yes,P.1,0,0.0
France,FR,2020-46,GISAID,194503,91,0.0,Yes,Other,91,100.0
France,FR,2020-47,GISAID,158381,105,0.1,Yes,B.1.1.7,1,1.0
France,FR,2020-47,GISAID,158381,105,0.1,Yes,B.1.351,0,0.0
France,FR,2020-47,GISAID,158381,105,0.1,Yes,P.1,0,0.0
France,FR,2020-47,GISAID,158381,105,0.1,Yes,Other,104,99.0
France,FR,2020-48,GISAID,78275,78,0.1,Yes,B.1.1.7,0,0.0
France,FR,2020-48,GISAID,78275,78,0.1,Yes,B.1.351,0,0.0
France,FR,2020-48,GISAID,78275,78,0.1,Yes,P.1,0,0.0
France,FR,2020-48,GISAID,78275,78,0.1,Yes,Other,78,100.0
France,FR,2020-49,GISAID,74014,115,0.2,Yes,B.1.1.7,1,0.9
France,FR,2020-49,GISAID,74014,115,0.2,Yes,B.1.351,0,0.0
France,FR,2020-49,GISAID,74014,115,0.2,Yes,P.1,0,0.0
France,FR,2020-49,GISAID,74014,115,0.2,Yes,Other,114,99.1
France,FR,2020-50,GISAID,84355,76,0.1,Yes,B.1.1.7,1,1.3
France,FR,2020-50,GISAID,84355,76,0.1,Yes,B.1.351,0,0.0
France,FR,2020-50,GISAID,84355,76,0.1,Yes,P.1,0,0.0
France,FR,2020-50,GISAID,84355,76,0.1,Yes,Other,75,98.7
France,FR,2020-51,GISAID,96502,158,0.2,Yes,B.1.1.7,0,0.0
France,FR,2020-51,GISAID,96502,158,0.2,Yes,B.1.351,0,0.0
France,FR,2020-51,GISAID,96502,158,0.2,Yes,P.1,0,0.0
France,FR,2020-51,GISAID,96502,158,0.2,Yes,Other,158,100.0
France,FR,2020-52,GISAID,89292,184,0.2,Yes,B.1.1.7,28,15.2
France,FR,2020-52,GISAID,89292,184,0.2,Yes,B.1.351,5,2.7
France,FR,2020-52,GISAID,89292,184,0.2,Yes,P.1,0,0.0
France,FR,2020-52,GISAID,89292,184,0.2,Yes,Other,151,82.1
France,FR,2020-53,GISAID,93082,213,0.2,Yes,B.1.1.7,50,23.5
France,FR,2020-53,GISAID,93082,213,0.2,Yes,B.1.351,2,0.9
France,FR,2020-53,GISAID,93082,213,0.2,Yes,P.1,0,0.0
France,FR,2020-53,GISAID,93082,213,0.2,Yes,Other,161,75.6
France,FR,2021-01,GISAID,127528,543,0.4,Yes,B.1.1.7,200,36.8
France,FR,2021-01,GISAID,127528,543,0.4,Yes,B.1.351,5,0.9
France,FR,2021-01,GISAID,127528,543,0.4,Yes,P.1,0,0.0
France,FR,2021-01,GISAID,127528,543,0.4,Yes,Other,338,62.2
France,FR,2021-02,GISAID,127733,599,0.5,Yes,B.1.1.7,249,41.6
France,FR,2021-02,GISAID,127733,599,0.5,Yes,B.1.351,12,2.0
France,FR,2021-02,GISAID,127733,599,0.5,Yes,P.1,0,0.0
France,FR,2021-02,GISAID,127733,599,0.5,Yes,Other,338,56.4
France,FR,2021-03,GISAID,142628,672,0.5,Yes,B.1.1.7,246,36.6
France,FR,2021-03,GISAID,142628,672,0.5,Yes,B.1.351,26,3.9
France,FR,2021-03,GISAID,142628,672,0.5,Yes,P.1,3,0.4
France,FR,2021-03,GISAID,142628,672,0.5,Yes,Other,397,59.1
France,FR,2021-04,GISAID,143497,1561,1.1,Yes,B.1.1.7,795,50.9
France,FR,2021-04,GISAID,143497,1561,1.1,Yes,B.1.351,67,4.3
France,FR,2021-04,GISAID,143497,1561,1.1,Yes,P.1,7,0.4
France,FR,2021-04,GISAID,143497,1561,1.1,Yes,Other,691,44.3
France,FR,2021-05,GISAID,139934,1314,0.9,Yes,B.1.1.7,874,66.5
France,FR,2021-05,GISAID,139934,1314,0.9,Yes,B.1.351,59,4.5
France,FR,2021-05,GISAID,139934,1314,0.9,Yes,P.1,1,0.1
France,FR,2021-05,GISAID,139934,1314,0.9,Yes,Other,380,28.9
France,FR,2021-06,GISAID,128115,793,0.6,Yes,B.1.1.7,387,48.8
France,FR,2021-06,GISAID,128115,793,0.6,Yes,B.1.351,49,6.2
France,FR,2021-06,GISAID,128115,793,0.6,Yes,P.1,0,0.0
France,FR,2021-06,GISAID,128115,793,0.6,Yes,Other,354,44.6
France,FR,2021-07,GISAID,140018,1106,0.8,Yes,B.1.1.7,505,45.7
France,FR,2021-07,GISAID,140018,1106,0.8,Yes,B.1.351,53,4.8
France,FR,2021-07,GISAID,140018,1106,0.8,Yes,P.1,3,0.3
France,FR,2021-07,GISAID,140018,1106,0.8,Yes,Other,544,49.2
France,FR,2021-08,GISAID,150787,877,0.6,Yes,B.1.1.7,374,42.6
France,FR,2021-08,GISAID,150787,877,0.6,Yes,B.1.351,58,6.6
France,FR,2021-08,GISAID,150787,877,0.6,Yes,P.1,5,0.6
France,FR,2021-08,GISAID,150787,877,0.6,Yes,Other,439,50.1
France,FR,2021-09,GISAID,148265,2008,1.4,Yes,B.1.1.7,1297,64.6
France,FR,2021-09,GISAID,148265,2008,1.4,Yes,B.1.351,123,6.1
France,FR,2021-09,GISAID,148265,2008,1.4,Yes,P.1,9,0.4
France,FR,2021-09,GISAID,148265,2008,1.4,Yes,Other,577,28.7
France,FR,2021-10,GISAID,167429,1260,0.8,Yes,B.1.1.7,806,64.0
France,FR,2021-10,GISAID,167429,1260,0.8,Yes,B.1.351,80,6.3
France,FR,2021-10,GISAID,167429,1260,0.8,Yes,P.1,13,1.0
France,FR,2021-10,GISAID,167429,1260,0.8,Yes,Other,360,28.6
France,FR,2021-11,GISAID,210941,2698,1.3,Yes,B.1.1.7,2115,78.4
France,FR,2021-11,GISAID,210941,2698,1.3,Yes,B.1.351,163,6.0
France,FR,2021-11,GISAID,210941,2698,1.3,Yes,P.1,18,0.7
France,FR,2021-11,GISAID,210941,2698,1.3,Yes,Other,391,14.5
France,FR,2021-12,GISAID,262986,1388,0.5,Yes,B.1.1.7,1055,76.0
France,FR,2021-12,GISAID,262986,1388,0.5,Yes,B.1.351,47,3.4
France,FR,2021-12,GISAID,262986,1388,0.5,Yes,P.1,2,0.1
France,FR,2021-12,GISAID,262986,1388,0.5,Yes,Other,277,20.0
France,FR,2021-13,GISAID,276881,1646,0.6,Yes,B.1.1.7,1353,82.2
France,FR,2021-13,GISAID,276881,1646,0.6,Yes,B.1.351,109,6.6
France,FR,2021-13,GISAID,276881,1646,0.6,Yes,P.1,7,0.4
France,FR,2021-13,GISAID,276881,1646,0.6,Yes,Other,176,10.7
France,FR,2021-14,GISAID,236210,461,0.2,Yes,B.1.1.7,385,83.5
France,FR,2021-14,GISAID,236210,461,0.2,Yes,B.1.351,18,3.9
France,FR,2021-14,GISAID,236210,461,0.2,Yes,P.1,3,0.7
France,FR,2021-14,GISAID,236210,461,0.2,Yes,Other,53,11.5
France,FR,2021-15,GISAID,230846,272,0.1,Yes,B.1.1.7,201,73.9
France,FR,2021-15,GISAID,230846,272,0.1,Yes,B.1.351,20,7.4
France,FR,2021-15,GISAID,230846,272,0.1,Yes,P.1,16,5.9
France,FR,2021-15,GISAID,230846,272,0.1,Yes,Other,35,12.9
France,FR,2021-16,GISAID,208518,0,0.0,Yes,B.1.1.7,0,
France,FR,2021-16,GISAID,208518,0,0.0,Yes,B.1.351,0,
France,FR,2021-16,GISAID,208518,0,0.0,Yes,P.1,0,
France,FR,2021-16,GISAID,208518,0,0.0,Yes,Other,0,
France,FR,2020-40,TESSy,80601,10,0.0,Yes,B.1.1.7,0,0.0
France,FR,2020-40,TESSy,80601,10,0.0,Yes,B.1.351,0,0.0
France,FR,2020-40,TESSy,80601,10,0.0,Yes,P.1,0,0.0
France,FR,2020-40,TESSy,80601,10,0.0,Yes,Other,10,100.0
France,FR,2020-41,TESSy,115804,13,0.0,Yes,B.1.1.7,1,7.7
France,FR,2020-41,TESSy,115804,13,0.0,Yes,B.1.351,0,0.0
France,FR,2020-41,TESSy,115804,13,0.0,Yes,P.1,0,0.0
France,FR,2020-41,TESSy,115804,13,0.0,Yes,Other,12,92.3
France,FR,2020-42,TESSy,162060,20,0.0,Yes,B.1.1.7,1,5.0
France,FR,2020-42,TESSy,162060,20,0.0,Yes,B.1.351,0,0.0
France,FR,2020-42,TESSy,162060,20,0.0,Yes,P.1,0,0.0
France,FR,2020-42,TESSy,162060,20,0.0,Yes,Other,19,95.0
France,FR,2020-43,TESSy,241473,35,0.0,Yes,B.1.1.7,4,11.4
France,FR,2020-43,TESSy,241473,35,0.0,Yes,B.1.351,0,0.0
France,FR,2020-43,TESSy,241473,35,0.0,Yes,P.1,0,0.0
France,FR,2020-43,TESSy,241473,35,0.0,Yes,Other,31,88.6
France,FR,2020-44,TESSy,275408,43,0.0,Yes,B.1.1.7,11,25.6
France,FR,2020-44,TESSy,275408,43,0.0,Yes,B.1.351,0,0.0
France,FR,2020-44,TESSy,275408,43,0.0,Yes,P.1,0,0.0
France,FR,2020-44,TESSy,275408,43,0.0,Yes,Other,32,74.4
France,FR,2020-45,TESSy,373409,45,0.0,Yes,B.1.1.7,4,8.9
France,FR,2020-45,TESSy,373409,45,0.0,Yes,B.1.351,0,0.0
France,FR,2020-45,TESSy,373409,45,0.0,Yes,P.1,0,0.0
France,FR,2020-45,TESSy,373409,45,0.0,Yes,Other,41,91.1
France,FR,2020-46,TESSy,194503,44,0.0,Yes,B.1.1.7,2,4.5
France,FR,2020-46,TESSy,194503,44,0.0,Yes,B.1.351,0,0.0
France,FR,2020-46,TESSy,194503,44,0.0,Yes,P.1,0,0.0
France,FR,2020-46,TESSy,194503,44,0.0,Yes,Other,42,95.5
France,FR,2020-47,TESSy,158381,60,0.0,Yes,B.1.1.7,0,0.0
France,FR,2020-47,TESSy,158381,60,0.0,Yes,B.1.351,0,0.0
France,FR,2020-47,TESSy,158381,60,0.0,Yes,P.1,0,0.0
France,FR,2020-47,TESSy,158381,60,0.0,Yes,Other,60,100.0
France,FR,2020-48,TESSy,78275,57,0.1,Yes,B.1.1.7,3,5.3
France,FR,2020-48,TESSy,78275,57,0.1,Yes,B.1.351,0,0.0
France,FR,2020-48,TESSy,78275,57,0.1,Yes,P.1,0,0.0
France,FR,2020-48,TESSy,78275,57,0.1,Yes,Other,54,94.7
France,FR,2020-49,TESSy,74014,46,0.1,Yes,B.1.1.7,0,0.0
France,FR,2020-49,TESSy,74014,46,0.1,Yes,B.1.351,0,0.0
France,FR,2020-49,TESSy,74014,46,0.1,Yes,P.1,0,0.0
France,FR,2020-49,TESSy,74014,46,0.1,Yes,Other,46,100.0
France,FR,2020-50,TESSy,84355,68,0.1,Yes,B.1.1.7,1,1.5
France,FR,2020-50,TESSy,84355,68,0.1,Yes,B.1.351,0,0.0
France,FR,2020-50,TESSy,84355,68,0.1,Yes,P.1,0,0.0
France,FR,2020-50,TESSy,84355,68,0.1,Yes,Other,67,98.5
France,FR,2020-51,TESSy,96502,90,0.1,Yes,B.1.1.7,0,0.0
France,FR,2020-51,TESSy,96502,90,0.1,Yes,B.1.351,0,0.0
France,FR,2020-51,TESSy,96502,90,0.1,Yes,P.1,0,0.0
France,FR,2020-51,TESSy,96502,90,0.1,Yes,Other,90,100.0
France,FR,2020-52,TESSy,89292,137,0.2,Yes,B.1.1.7,28,20.4
France,FR,2020-52,TESSy,89292,137,0.2,Yes,B.1.351,3,2.2
France,FR,2020-52,TESSy,89292,137,0.2,Yes,P.1,0,0.0
France,FR,2020-52,TESSy,89292,137,0.2,Yes,Other,106,77.4
France,FR,2020-53,TESSy,93082,226,0.2,Yes,B.1.1.7,59,26.1
France,FR,2020-53,TESSy,93082,226,0.2,Yes,B.1.351,2,0.9
France,FR,2020-53,TESSy,93082,226,0.2,Yes,P.1,0,0.0
France,FR,2020-53,TESSy,93082,226,0.2,Yes,Other,165,73.0
France,FR,2021-01,TESSy,127528,870,0.7,Yes,B.1.1.7,373,42.9
France,FR,2021-01,TESSy,127528,870,0.7,Yes,B.1.351,9,1.0
France,FR,2021-01,TESSy,127528,870,0.7,Yes,P.1,0,0.0
France,FR,2021-01,TESSy,127528,870,0.7,Yes,Other,488,56.1
France,FR,2021-02,TESSy,127733,833,0.7,Yes,B.1.1.7,264,31.7
France,FR,2021-02,TESSy,127733,833,0.7,Yes,B.1.351,88,10.6
France,FR,2021-02,TESSy,127733,833,0.7,Yes,P.1,0,0.0
France,FR,2021-02,TESSy,127733,833,0.7,Yes,Other,481,57.7
France,FR,2021-03,TESSy,142628,867,0.6,Yes,B.1.1.7,266,30.7
France,FR,2021-03,TESSy,142628,867,0.6,Yes,B.1.351,79,9.1
France,FR,2021-03,TESSy,142628,867,0.6,Yes,P.1,2,0.2
France,FR,2021-03,TESSy,142628,867,0.6,Yes,Other,520,60.0
France,FR,2021-04,TESSy,143497,1766,1.2,Yes,B.1.1.7,850,48.1
France,FR,2021-04,TESSy,143497,1766,1.2,Yes,B.1.351,262,14.8
France,FR,2021-04,TESSy,143497,1766,1.2,Yes,P.1,6,0.3
France,FR,2021-04,TESSy,143497,1766,1.2,Yes,Other,648,36.7
France,FR,2021-05,TESSy,139934,1176,0.8,Yes,B.1.1.7,844,71.8
France,FR,2021-05,TESSy,139934,1176,0.8,Yes,B.1.351,53,4.5
France,FR,2021-05,TESSy,139934,1176,0.8,Yes,P.1,1,0.1
France,FR,2021-05,TESSy,139934,1176,0.8,Yes,Other,278,23.6
France,FR,2021-06,TESSy,128115,405,0.3,Yes,B.1.1.7,203,50.1
France,FR,2021-06,TESSy,128115,405,0.3,Yes,B.1.351,35,8.6
France,FR,2021-06,TESSy,128115,405,0.3,Yes,P.1,1,0.2
France,FR,2021-06,TESSy,128115,405,0.3,Yes,Other,166,41.0
France,FR,2021-07,TESSy,140018,608,0.4,Yes,B.1.1.7,268,44.1
France,FR,2021-07,TESSy,140018,608,0.4,Yes,B.1.351,39,6.4
France,FR,2021-07,TESSy,140018,608,0.4,Yes,P.1,3,0.5
France,FR,2021-07,TESSy,140018,608,0.4,Yes,Other,298,49.0
France,FR,2021-08,TESSy,150787,450,0.3,Yes,B.1.1.7,176,39.1
France,FR,2021-08,TESSy,150787,450,0.3,Yes,B.1.351,50,11.1
France,FR,2021-08,TESSy,150787,450,0.3,Yes,P.1,1,0.2
France,FR,2021-08,TESSy,150787,450,0.3,Yes,Other,223,49.6
France,FR,2021-09,TESSy,148265,1316,0.9,Yes,B.1.1.7,816,62.0
France,FR,2021-09,TESSy,148265,1316,0.9,Yes,B.1.351,87,6.6
France,FR,2021-09,TESSy,148265,1316,0.9,Yes,P.1,5,0.4
France,FR,2021-09,TESSy,148265,1316,0.9,Yes,Other,408,31.0
France,FR,2021-10,TESSy,167429,524,0.3,Yes,B.1.1.7,364,69.5
France,FR,2021-10,TESSy,167429,524,0.3,Yes,B.1.351,51,9.7
France,FR,2021-10,TESSy,167429,524,0.3,Yes,P.1,5,1.0
France,FR,2021-10,TESSy,167429,524,0.3,Yes,Other,104,19.8
France,FR,2021-11,TESSy,210941,2004,1.0,Yes,B.1.1.7,1559,77.8
France,FR,2021-11,TESSy,210941,2004,1.0,Yes,B.1.351,110,5.5
France,FR,2021-11,TESSy,210941,2004,1.0,Yes,P.1,13,0.6
France,FR,2021-11,TESSy,210941,2004,1.0,Yes,Other,322,16.1
France,FR,2021-12,TESSy,262986,928,0.4,Yes,B.1.1.7,784,84.5
France,FR,2021-12,TESSy,262986,928,0.4,Yes,B.1.351,35,3.8
France,FR,2021-12,TESSy,262986,928,0.4,Yes,P.1,0,0.0
France,FR,2021-12,TESSy,262986,928,0.4,Yes,Other,109,11.7
France,FR,2021-13,TESSy,276881,1485,0.5,Yes,B.1.1.7,1254,84.4
France,FR,2021-13,TESSy,276881,1485,0.5,Yes,B.1.351,74,5.0
France,FR,2021-13,TESSy,276881,1485,0.5,Yes,P.1,5,0.3
France,FR,2021-13,TESSy,276881,1485,0.5,Yes,Other,152,10.2
France,FR,2021-14,TESSy,236210,646,0.3,Yes,B.1.1.7,547,84.7
France,FR,2021-14,TESSy,236210,646,0.3,Yes,B.1.351,21,3.3
France,FR,2021-14,TESSy,236210,646,0.3,Yes,P.1,23,3.6
France,FR,2021-14,TESSy,236210,646,0.3,Yes,Other,55,8.5
France,FR,2021-15,TESSy,230846,918,0.4,Yes,B.1.1.7,815,88.8
France,FR,2021-15,TESSy,230846,918,0.4,Yes,B.1.351,43,4.7
France,FR,2021-15,TESSy,230846,918,0.4,Yes,P.1,3,0.3
France,FR,2021-15,TESSy,230846,918,0.4,Yes,Other,57,6.2
France,FR,2021-16,TESSy,208518,1,0.0,Yes,B.1.1.7,0,0.0
France,FR,2021-16,TESSy,208518,1,0.0,Yes,B.1.351,0,0.0
France,FR,2021-16,TESSy,208518,1,0.0,Yes,P.1,0,0.0
France,FR,2021-16,TESSy,208518,1,0.0,Yes,Other,1,100.0
Germany,DE,2020-40,GISAID,15287,129,0.8,Yes,B.1.1.7,0,0.0
Germany,DE,2020-40,GISAID,15287,129,0.8,Yes,B.1.351,0,0.0
Germany,DE,2020-40,GISAID,15287,129,0.8,Yes,P.1,0,0.0
Germany,DE,2020-40,GISAID,15287,129,0.8,Yes,Other,129,100.0
Germany,DE,2020-41,GISAID,24712,129,0.5,Yes,B.1.1.7,0,0.0
Germany,DE,2020-41,GISAID,24712,129,0.5,Yes,B.1.351,0,0.0
Germany,DE,2020-41,GISAID,24712,129,0.5,Yes,P.1,0,0.0
Germany,DE,2020-41,GISAID,24712,129,0.5,Yes,Other,129,100.0
Germany,DE,2020-42,GISAID,40968,129,0.3,Yes,B.1.1.7,0,0.0
Germany,DE,2020-42,GISAID,40968,129,0.3,Yes,B.1.351,0,0.0
Germany,DE,2020-42,GISAID,40968,129,0.3,Yes,P.1,0,0.0
Germany,DE,2020-42,GISAID,40968,129,0.3,Yes,Other,129,100.0
Germany,DE,2020-43,GISAID,71567,126,0.2,Yes,B.1.1.7,0,0.0
Germany,DE,2020-43,GISAID,71567,126,0.2,Yes,B.1.351,0,0.0
Germany,DE,2020-43,GISAID,71567,126,0.2,Yes,P.1,0,0.0
Germany,DE,2020-43,GISAID,71567,126,0.2,Yes,Other,126,100.0
Germany,DE,2020-44,GISAID,107161,136,0.1,Yes,B.1.1.7,0,0.0
Germany,DE,2020-44,GISAID,107161,136,0.1,Yes,B.1.351,0,0.0
Germany,DE,2020-44,GISAID,107161,136,0.1,Yes,P.1,0,0.0
Germany,DE,2020-44,GISAID,107161,136,0.1,Yes,Other,136,100.0
Germany,DE,2020-45,GISAID,126841,117,0.1,Yes,B.1.1.7,0,0.0
Germany,DE,2020-45,GISAID,126841,117,0.1,Yes,B.1.351,0,0.0
Germany,DE,2020-45,GISAID,126841,117,0.1,Yes,P.1,0,0.0
Germany,DE,2020-45,GISAID,126841,117,0.1,Yes,Other,117,100.0
Germany,DE,2020-46,GISAID,129459,152,0.1,Yes,B.1.1.7,0,0.0
Germany,DE,2020-46,GISAID,129459,152,0.1,Yes,B.1.351,0,0.0
Germany,DE,2020-46,GISAID,129459,152,0.1,Yes,P.1,0,0.0
Germany,DE,2020-46,GISAID,129459,152,0.1,Yes,Other,152,100.0
Germany,DE,2020-47,GISAID,127806,116,0.1,Yes,B.1.1.7,0,0.0
Germany,DE,2020-47,GISAID,127806,116,0.1,Yes,B.1.351,0,0.0
Germany,DE,2020-47,GISAID,127806,116,0.1,Yes,P.1,0,0.0
Germany,DE,2020-47,GISAID,127806,116,0.1,Yes,Other,116,100.0
Germany,DE,2020-48,GISAID,124736,194,0.2,Yes,B.1.1.7,0,0.0
Germany,DE,2020-48,GISAID,124736,194,0.2,Yes,B.1.351,0,0.0
Germany,DE,2020-48,GISAID,124736,194,0.2,Yes,P.1,0,0.0
Germany,DE,2020-48,GISAID,124736,194,0.2,Yes,Other,194,100.0
Germany,DE,2020-49,GISAID,129785,265,0.2,Yes,B.1.1.7,3,1.1
Germany,DE,2020-49,GISAID,129785,265,0.2,Yes,B.1.351,0,0.0
Germany,DE,2020-49,GISAID,129785,265,0.2,Yes,P.1,0,0.0
Germany,DE,2020-49,GISAID,129785,265,0.2,Yes,Other,262,98.9
Germany,DE,2020-50,GISAID,153424,288,0.2,Yes,B.1.1.7,2,0.7
Germany,DE,2020-50,GISAID,153424,288,0.2,Yes,B.1.351,0,0.0
Germany,DE,2020-50,GISAID,153424,288,0.2,Yes,P.1,0,0.0
Germany,DE,2020-50,GISAID,153424,288,0.2,Yes,Other,286,99.3
Germany,DE,2020-51,GISAID,173574,322,0.2,Yes,B.1.1.7,4,1.2
Germany,DE,2020-51,GISAID,173574,322,0.2,Yes,B.1.351,0,0.0
Germany,DE,2020-51,GISAID,173574,322,0.2,Yes,P.1,0,0.0
Germany,DE,2020-51,GISAID,173574,322,0.2,Yes,Other,318,98.8
Germany,DE,2020-52,GISAID,141182,256,0.2,Yes,B.1.1.7,10,3.9
Germany,DE,2020-52,GISAID,141182,256,0.2,Yes,B.1.351,1,0.4
Germany,DE,2020-52,GISAID,141182,256,0.2,Yes,P.1,0,0.0
Germany,DE,2020-52,GISAID,141182,256,0.2,Yes,Other,245,95.7
Germany,DE,2020-53,GISAID,123679,188,0.2,Yes,B.1.1.7,11,5.9
Germany,DE,2020-53,GISAID,123679,188,0.2,Yes,B.1.351,5,2.7
Germany,DE,2020-53,GISAID,123679,188,0.2,Yes,P.1,0,0.0
Germany,DE,2020-53,GISAID,123679,188,0.2,Yes,Other,172,91.5
Germany,DE,2021-01,GISAID,145511,351,0.2,Yes,B.1.1.7,4,1.1
Germany,DE,2021-01,GISAID,145511,351,0.2,Yes,B.1.351,4,1.1
Germany,DE,2021-01,GISAID,145511,351,0.2,Yes,P.1,0,0.0
Germany,DE,2021-01,GISAID,145511,351,0.2,Yes,Other,343,97.7
Germany,DE,2021-02,GISAID,119635,911,0.8,Yes,B.1.1.7,78,8.6
Germany,DE,2021-02,GISAID,119635,911,0.8,Yes,B.1.351,9,1.0
Germany,DE,2021-02,GISAID,119635,911,0.8,Yes,P.1,0,0.0
Germany,DE,2021-02,GISAID,119635,911,0.8,Yes,Other,824,90.5
Germany,DE,2021-03,GISAID,101006,1776,1.8,Yes,B.1.1.7,152,8.6
Germany,DE,2021-03,GISAID,101006,1776,1.8,Yes,B.1.351,10,0.6
Germany,DE,2021-03,GISAID,101006,1776,1.8,Yes,P.1,0,0.0
Germany,DE,2021-03,GISAID,101006,1776,1.8,Yes,Other,1614,90.9
Germany,DE,2021-04,GISAID,80306,2684,3.3,Yes,B.1.1.7,421,15.7
Germany,DE,2021-04,GISAID,80306,2684,3.3,Yes,B.1.351,15,0.6
Germany,DE,2021-04,GISAID,80306,2684,3.3,Yes,P.1,0,0.0
Germany,DE,2021-04,GISAID,80306,2684,3.3,Yes,Other,2248,83.8
Germany,DE,2021-05,GISAID,66574,2976,4.5,Yes,B.1.1.7,683,23.0
Germany,DE,2021-05,GISAID,66574,2976,4.5,Yes,B.1.351,38,1.3
Germany,DE,2021-05,GISAID,66574,2976,4.5,Yes,P.1,1,0.0
Germany,DE,2021-05,GISAID,66574,2976,4.5,Yes,Other,2254,75.7
Germany,DE,2021-06,GISAID,50442,3785,7.5,Yes,B.1.1.7,1598,42.2
Germany,DE,2021-06,GISAID,50442,3785,7.5,Yes,B.1.351,63,1.7
Germany,DE,2021-06,GISAID,50442,3785,7.5,Yes,P.1,11,0.3
Germany,DE,2021-06,GISAID,50442,3785,7.5,Yes,Other,2113,55.8
Germany,DE,2021-07,GISAID,51941,4704,9.1,Yes,B.1.1.7,2441,51.9
Germany,DE,2021-07,GISAID,51941,4704,9.1,Yes,B.1.351,75,1.6
Germany,DE,2021-07,GISAID,51941,4704,9.1,Yes,P.1,10,0.2
Germany,DE,2021-07,GISAID,51941,4704,9.1,Yes,Other,2178,46.3
Germany,DE,2021-08,GISAID,56140,5209,9.3,Yes,B.1.1.7,2658,51.0
Germany,DE,2021-08,GISAID,56140,5209,9.3,Yes,B.1.351,109,2.1
Germany,DE,2021-08,GISAID,56140,5209,9.3,Yes,P.1,10,0.2
Germany,DE,2021-08,GISAID,56140,5209,9.3,Yes,Other,2431,46.7
Germany,DE,2021-09,GISAID,58125,5738,9.9,Yes,B.1.1.7,3567,62.2
Germany,DE,2021-09,GISAID,58125,5738,9.9,Yes,B.1.351,133,2.3
Germany,DE,2021-09,GISAID,58125,5738,9.9,Yes,P.1,16,0.3
Germany,DE,2021-09,GISAID,58125,5738,9.9,Yes,Other,2021,35.2
Germany,DE,2021-10,GISAID,70656,6381,9.0,Yes,B.1.1.7,4754,74.5
Germany,DE,2021-10,GISAID,70656,6381,9.0,Yes,B.1.351,158,2.5
Germany,DE,2021-10,GISAID,70656,6381,9.0,Yes,P.1,17,0.3
Germany,DE,2021-10,GISAID,70656,6381,9.0,Yes,Other,1452,22.8
Germany,DE,2021-11,GISAID,91376,7235,7.9,Yes,B.1.1.7,6094,84.2
Germany,DE,2021-11,GISAID,91376,7235,7.9,Yes,B.1.351,143,2.0
Germany,DE,2021-11,GISAID,91376,7235,7.9,Yes,P.1,7,0.1
Germany,DE,2021-11,GISAID,91376,7235,7.9,Yes,Other,990,13.7
Germany,DE,2021-12,GISAID,115048,7360,6.4,Yes,B.1.1.7,6442,87.5
Germany,DE,2021-12,GISAID,115048,7360,6.4,Yes,B.1.351,154,2.1
Germany,DE,2021-12,GISAID,115048,7360,6.4,Yes,P.1,10,0.1
Germany,DE,2021-12,GISAID,115048,7360,6.4,Yes,Other,752,10.2
Germany,DE,2021-13,GISAID,111610,7049,6.3,Yes,B.1.1.7,6318,89.6
Germany,DE,2021-13,GISAID,111610,7049,6.3,Yes,B.1.351,121,1.7
Germany,DE,2021-13,GISAID,111610,7049,6.3,Yes,P.1,14,0.2
Germany,DE,2021-13,GISAID,111610,7049,6.3,Yes,Other,594,8.4
Germany,DE,2021-14,GISAID,117630,5874,5.0,Yes,B.1.1.7,5510,93.8
Germany,DE,2021-14,GISAID,117630,5874,5.0,Yes,B.1.351,114,1.9
Germany,DE,2021-14,GISAID,117630,5874,5.0,Yes,P.1,15,0.3
Germany,DE,2021-14,GISAID,117630,5874,5.0,Yes,Other,235,4.0
Germany,DE,2021-15,GISAID,142186,5270,3.7,Yes,B.1.1.7,5040,95.6
Germany,DE,2021-15,GISAID,142186,5270,3.7,Yes,B.1.351,81,1.5
Germany,DE,2021-15,GISAID,142186,5270,3.7,Yes,P.1,6,0.1
Germany,DE,2021-15,GISAID,142186,5270,3.7,Yes,Other,143,2.7
Germany,DE,2021-16,GISAID,145626,601,0.4,Yes,B.1.1.7,589,98.0
Germany,DE,2021-16,GISAID,145626,601,0.4,Yes,B.1.351,3,0.5
Germany,DE,2021-16,GISAID,145626,601,0.4,Yes,P.1,0,0.0
Germany,DE,2021-16,GISAID,145626,601,0.4,Yes,Other,9,1.5
Greece,EL,2020-40,GISAID,2398,0,0.0,Yes,B.1.1.7,0,
Greece,EL,2020-40,GISAID,2398,0,0.0,Yes,B.1.351,0,
Greece,EL,2020-40,GISAID,2398,0,0.0,Yes,P.1,0,
Greece,EL,2020-40,GISAID,2398,0,0.0,Yes,Other,0,
Greece,EL,2020-41,GISAID,2516,2,0.1,Yes,B.1.1.7,0,0.0
Greece,EL,2020-41,GISAID,2516,2,0.1,Yes,B.1.351,0,0.0
Greece,EL,2020-41,GISAID,2516,2,0.1,Yes,P.1,0,0.0
Greece,EL,2020-41,GISAID,2516,2,0.1,Yes,Other,2,100.0
Greece,EL,2020-42,GISAID,3012,0,0.0,Yes,B.1.1.7,0,
Greece,EL,2020-42,GISAID,3012,0,0.0,Yes,B.1.351,0,
Greece,EL,2020-42,GISAID,3012,0,0.0,Yes,P.1,0,
Greece,EL,2020-42,GISAID,3012,0,0.0,Yes,Other,0,
Greece,EL,2020-43,GISAID,5412,1,0.0,Yes,B.1.1.7,0,0.0
Greece,EL,2020-43,GISAID,5412,1,0.0,Yes,B.1.351,0,0.0
Greece,EL,2020-43,GISAID,5412,1,0.0,Yes,P.1,0,0.0
Greece,EL,2020-43,GISAID,5412,1,0.0,Yes,Other,1,100.0
Greece,EL,2020-44,GISAID,10147,1,0.0,Yes,B.1.1.7,0,0.0
Greece,EL,2020-44,GISAID,10147,1,0.0,Yes,B.1.351,0,0.0
Greece,EL,2020-44,GISAID,10147,1,0.0,Yes,P.1,0,0.0
Greece,EL,2020-44,GISAID,10147,1,0.0,Yes,Other,1,100.0
Greece,EL,2020-45,GISAID,15769,2,0.0,Yes,B.1.1.7,0,0.0
Greece,EL,2020-45,GISAID,15769,2,0.0,Yes,B.1.351,0,0.0
Greece,EL,2020-45,GISAID,15769,2,0.0,Yes,P.1,0,0.0
Greece,EL,2020-45,GISAID,15769,2,0.0,Yes,Other,2,100.0
Greece,EL,2020-46,GISAID,17507,0,0.0,Yes,B.1.1.7,0,
Greece,EL,2020-46,GISAID,17507,0,0.0,Yes,B.1.351,0,
Greece,EL,2020-46,GISAID,17507,0,0.0,Yes,P.1,0,
Greece,EL,2020-46,GISAID,17507,0,0.0,Yes,Other,0,
Greece,EL,2020-47,GISAID,17414,0,0.0,Yes,B.1.1.7,0,
Greece,EL,2020-47,GISAID,17414,0,0.0,Yes,B.1.351,0,
Greece,EL,2020-47,GISAID,17414,0,0.0,Yes,P.1,0,
Greece,EL,2020-47,GISAID,17414,0,0.0,Yes,Other,0,
Greece,EL,2020-48,GISAID,12608,1,0.0,Yes,B.1.1.7,0,0.0
Greece,EL,2020-48,GISAID,12608,1,0.0,Yes,B.1.351,0,0.0
Greece,EL,2020-48,GISAID,12608,1,0.0,Yes,P.1,0,0.0
Greece,EL,2020-48,GISAID,12608,1,0.0,Yes,Other,1,100.0
Greece,EL,2020-49,GISAID,11244,0,0.0,Yes,B.1.1.7,0,
Greece,EL,2020-49,GISAID,11244,0,0.0,Yes,B.1.351,0,
Greece,EL,2020-49,GISAID,11244,0,0.0,Yes,P.1,0,
Greece,EL,2020-49,GISAID,11244,0,0.0,Yes,Other,0,
Greece,EL,2020-50,GISAID,9063,1,0.0,Yes,B.1.1.7,0,0.0
Greece,EL,2020-50,GISAID,9063,1,0.0,Yes,B.1.351,0,0.0
Greece,EL,2020-50,GISAID,9063,1,0.0,Yes,P.1,0,0.0
Greece,EL,2020-50,GISAID,9063,1,0.0,Yes,Other,1,100.0
Greece,EL,2020-51,GISAID,6538,2,0.0,Yes,B.1.1.7,0,0.0
Greece,EL,2020-51,GISAID,6538,2,0.0,Yes,B.1.351,0,0.0
Greece,EL,2020-51,GISAID,6538,2,0.0,Yes,P.1,0,0.0
Greece,EL,2020-51,GISAID,6538,2,0.0,Yes,Other,2,100.0
Greece,EL,2020-52,GISAID,4859,1,0.0,Yes,B.1.1.7,0,0.0
Greece,EL,2020-52,GISAID,4859,1,0.0,Yes,B.1.351,0,0.0
Greece,EL,2020-52,GISAID,4859,1,0.0,Yes,P.1,0,0.0
Greece,EL,2020-52,GISAID,4859,1,0.0,Yes,Other,1,100.0
Greece,EL,2020-53,GISAID,4168,7,0.2,Yes,B.1.1.7,4,57.1
Greece,EL,2020-53,GISAID,4168,7,0.2,Yes,B.1.351,0,0.0
Greece,EL,2020-53,GISAID,4168,7,0.2,Yes,P.1,0,0.0
Greece,EL,2020-53,GISAID,4168,7,0.2,Yes,Other,3,42.9
Greece,EL,2021-01,GISAID,4639,1,0.0,Yes,B.1.1.7,0,0.0
Greece,EL,2021-01,GISAID,4639,1,0.0,Yes,B.1.351,0,0.0
Greece,EL,2021-01,GISAID,4639,1,0.0,Yes,P.1,0,0.0
Greece,EL,2021-01,GISAID,4639,1,0.0,Yes,Other,1,100.0
Greece,EL,2021-02,GISAID,3869,14,0.4,Yes,B.1.1.7,8,57.1
Greece,EL,2021-02,GISAID,3869,14,0.4,Yes,B.1.351,2,14.3
Greece,EL,2021-02,GISAID,3869,14,0.4,Yes,P.1,0,0.0
Greece,EL,2021-02,GISAID,3869,14,0.4,Yes,Other,4,28.6
Greece,EL,2021-03,GISAID,3373,93,2.8,Yes,B.1.1.7,37,39.8
Greece,EL,2021-03,GISAID,3373,93,2.8,Yes,B.1.351,1,1.1
Greece,EL,2021-03,GISAID,3373,93,2.8,Yes,P.1,0,0.0
Greece,EL,2021-03,GISAID,3373,93,2.8,Yes,Other,55,59.1
Greece,EL,2021-04,GISAID,4977,51,1.0,Yes,B.1.1.7,25,49.0
Greece,EL,2021-04,GISAID,4977,51,1.0,Yes,B.1.351,0,0.0
Greece,EL,2021-04,GISAID,4977,51,1.0,Yes,P.1,0,0.0
Greece,EL,2021-04,GISAID,4977,51,1.0,Yes,Other,26,51.0
Greece,EL,2021-05,GISAID,6989,20,0.3,Yes,B.1.1.7,8,40.0
Greece,EL,2021-05,GISAID,6989,20,0.3,Yes,B.1.351,7,35.0
Greece,EL,2021-05,GISAID,6989,20,0.3,Yes,P.1,0,0.0
Greece,EL,2021-05,GISAID,6989,20,0.3,Yes,Other,5,25.0
Greece,EL,2021-06,GISAID,8182,7,0.1,Yes,B.1.1.7,1,14.3
Greece,EL,2021-06,GISAID,8182,7,0.1,Yes,B.1.351,3,42.9
Greece,EL,2021-06,GISAID,8182,7,0.1,Yes,P.1,0,0.0
Greece,EL,2021-06,GISAID,8182,7,0.1,Yes,Other,3,42.9
Greece,EL,2021-07,GISAID,7674,14,0.2,Yes,B.1.1.7,10,71.4
Greece,EL,2021-07,GISAID,7674,14,0.2,Yes,B.1.351,1,7.1
Greece,EL,2021-07,GISAID,7674,14,0.2,Yes,P.1,0,0.0
Greece,EL,2021-07,GISAID,7674,14,0.2,Yes,Other,3,21.4
Greece,EL,2021-08,GISAID,11298,84,0.7,Yes,B.1.1.7,63,75.0
Greece,EL,2021-08,GISAID,11298,84,0.7,Yes,B.1.351,3,3.6
Greece,EL,2021-08,GISAID,11298,84,0.7,Yes,P.1,0,0.0
Greece,EL,2021-08,GISAID,11298,84,0.7,Yes,Other,18,21.4
Greece,EL,2021-09,GISAID,14020,131,0.9,Yes,B.1.1.7,121,92.4
Greece,EL,2021-09,GISAID,14020,131,0.9,Yes,B.1.351,0,0.0
Greece,EL,2021-09,GISAID,14020,131,0.9,Yes,P.1,0,0.0
Greece,EL,2021-09,GISAID,14020,131,0.9,Yes,Other,10,7.6
Greece,EL,2021-10,GISAID,16027,87,0.5,Yes,B.1.1.7,80,92.0
Greece,EL,2021-10,GISAID,16027,87,0.5,Yes,B.1.351,2,2.3
Greece,EL,2021-10,GISAID,16027,87,0.5,Yes,P.1,0,0.0
Greece,EL,2021-10,GISAID,16027,87,0.5,Yes,Other,5,5.7
Greece,EL,2021-11,GISAID,15978,133,0.8,Yes,B.1.1.7,117,88.0
Greece,EL,2021-11,GISAID,15978,133,0.8,Yes,B.1.351,1,0.8
Greece,EL,2021-11,GISAID,15978,133,0.8,Yes,P.1,0,0.0
Greece,EL,2021-11,GISAID,15978,133,0.8,Yes,Other,15,11.3
Greece,EL,2021-12,GISAID,16906,2,0.0,Yes,B.1.1.7,0,0.0
Greece,EL,2021-12,GISAID,16906,2,0.0,Yes,B.1.351,0,0.0
Greece,EL,2021-12,GISAID,16906,2,0.0,Yes,P.1,0,0.0
Greece,EL,2021-12,GISAID,16906,2,0.0,Yes,Other,2,100.0
Greece,EL,2021-13,GISAID,21383,6,0.0,Yes,B.1.1.7,0,0.0
Greece,EL,2021-13,GISAID,21383,6,0.0,Yes,B.1.351,6,100.0
Greece,EL,2021-13,GISAID,21383,6,0.0,Yes,P.1,0,0.0
Greece,EL,2021-13,GISAID,21383,6,0.0,Yes,Other,0,0.0
Greece,EL,2021-14,GISAID,20066,5,0.0,Yes,B.1.1.7,0,0.0
Greece,EL,2021-14,GISAID,20066,5,0.0,Yes,B.1.351,3,60.0
Greece,EL,2021-14,GISAID,20066,5,0.0,Yes,P.1,0,0.0
Greece,EL,2021-14,GISAID,20066,5,0.0,Yes,Other,2,40.0
Greece,EL,2021-15,GISAID,19793,0,0.0,Yes,B.1.1.7,0,
Greece,EL,2021-15,GISAID,19793,0,0.0,Yes,B.1.351,0,
Greece,EL,2021-15,GISAID,19793,0,0.0,Yes,P.1,0,
Greece,EL,2021-15,GISAID,19793,0,0.0,Yes,Other,0,
Greece,EL,2021-16,GISAID,17856,0,0.0,Yes,B.1.1.7,0,
Greece,EL,2021-16,GISAID,17856,0,0.0,Yes,B.1.351,0,
Greece,EL,2021-16,GISAID,17856,0,0.0,Yes,P.1,0,
Greece,EL,2021-16,GISAID,17856,0,0.0,Yes,Other,0,
Greece,EL,2020-40,TESSy,2398,,,No,B.1.1.7,0,
Greece,EL,2020-40,TESSy,2398,,,No,B.1.351,0,
Greece,EL,2020-40,TESSy,2398,,,No,P.1,0,
Greece,EL,2020-40,TESSy,2398,,,No,Other,0,
Greece,EL,2020-41,TESSy,2516,,,No,B.1.1.7,0,
Greece,EL,2020-41,TESSy,2516,,,No,B.1.351,0,
Greece,EL,2020-41,TESSy,2516,,,No,P.1,0,
Greece,EL,2020-41,TESSy,2516,,,No,Other,0,
Greece,EL,2020-42,TESSy,3012,,,No,B.1.1.7,0,
Greece,EL,2020-42,TESSy,3012,,,No,B.1.351,0,
Greece,EL,2020-42,TESSy,3012,,,No,P.1,0,
Greece,EL,2020-42,TESSy,3012,,,No,Other,0,
Greece,EL,2020-43,TESSy,5412,,,No,B.1.1.7,0,
Greece,EL,2020-43,TESSy,5412,,,No,B.1.351,0,
Greece,EL,2020-43,TESSy,5412,,,No,P.1,0,
Greece,EL,2020-43,TESSy,5412,,,No,Other,0,
Greece,EL,2020-44,TESSy,10147,,,No,B.1.1.7,3,
Greece,EL,2020-44,TESSy,10147,,,No,B.1.351,0,
Greece,EL,2020-44,TESSy,10147,,,No,P.1,0,
Greece,EL,2020-44,TESSy,10147,,,No,Other,0,
Greece,EL,2020-45,TESSy,15769,,,No,B.1.1.7,0,
Greece,EL,2020-45,TESSy,15769,,,No,B.1.351,0,
Greece,EL,2020-45,TESSy,15769,,,No,P.1,0,
Greece,EL,2020-45,TESSy,15769,,,No,Other,0,
Greece,EL,2020-46,TESSy,17507,,,No,B.1.1.7,3,
Greece,EL,2020-46,TESSy,17507,,,No,B.1.351,0,
Greece,EL,2020-46,TESSy,17507,,,No,P.1,0,
Greece,EL,2020-46,TESSy,17507,,,No,Other,2,
Greece,EL,2020-47,TESSy,17414,,,No,B.1.1.7,1,
Greece,EL,2020-47,TESSy,17414,,,No,B.1.351,0,
Greece,EL,2020-47,TESSy,17414,,,No,P.1,0,
Greece,EL,2020-47,TESSy,17414,,,No,Other,3,
Greece,EL,2020-48,TESSy,12608,,,No,B.1.1.7,7,
Greece,EL,2020-48,TESSy,12608,,,No,B.1.351,0,
Greece,EL,2020-48,TESSy,12608,,,No,P.1,0,
Greece,EL,2020-48,TESSy,12608,,,No,Other,0,
Greece,EL,2020-49,TESSy,11244,,,No,B.1.1.7,1,
Greece,EL,2020-49,TESSy,11244,,,No,B.1.351,0,
Greece,EL,2020-49,TESSy,11244,,,No,P.1,0,
Greece,EL,2020-49,TESSy,11244,,,No,Other,1,
Greece,EL,2020-50,TESSy,9063,,,No,B.1.1.7,2,
Greece,EL,2020-50,TESSy,9063,,,No,B.1.351,0,
Greece,EL,2020-50,TESSy,9063,,,No,P.1,0,
Greece,EL,2020-50,TESSy,9063,,,No,Other,0,
Greece,EL,2020-51,TESSy,6538,,,No,B.1.1.7,2,
Greece,EL,2020-51,TESSy,6538,,,No,B.1.351,0,
Greece,EL,2020-51,TESSy,6538,,,No,P.1,0,
Greece,EL,2020-51,TESSy,6538,,,No,Other,0,
Greece,EL,2020-52,TESSy,4859,,,No,B.1.1.7,3,
Greece,EL,2020-52,TESSy,4859,,,No,B.1.351,0,
Greece,EL,2020-52,TESSy,4859,,,No,P.1,0,
Greece,EL,2020-52,TESSy,4859,,,No,Other,0,
Greece,EL,2020-53,TESSy,4168,,,No,B.1.1.7,21,
Greece,EL,2020-53,TESSy,4168,,,No,B.1.351,0,
Greece,EL,2020-53,TESSy,4168,,,No,P.1,0,
Greece,EL,2020-53,TESSy,4168,,,No,Other,0,
Greece,EL,2021-01,TESSy,4639,,,No,B.1.1.7,30,
Greece,EL,2021-01,TESSy,4639,,,No,B.1.351,0,
Greece,EL,2021-01,TESSy,4639,,,No,P.1,0,
Greece,EL,2021-01,TESSy,4639,,,No,Other,0,
Greece,EL,2021-02,TESSy,3869,,,No,B.1.1.7,59,
Greece,EL,2021-02,TESSy,3869,,,No,B.1.351,2,
Greece,EL,2021-02,TESSy,3869,,,No,P.1,0,
Greece,EL,2021-02,TESSy,3869,,,No,Other,0,
Greece,EL,2021-03,TESSy,3373,,,No,B.1.1.7,77,
Greece,EL,2021-03,TESSy,3373,,,No,B.1.351,5,
Greece,EL,2021-03,TESSy,3373,,,No,P.1,0,
Greece,EL,2021-03,TESSy,3373,,,No,Other,0,
Greece,EL,2021-04,TESSy,4977,,,No,B.1.1.7,326,
Greece,EL,2021-04,TESSy,4977,,,No,B.1.351,0,
Greece,EL,2021-04,TESSy,4977,,,No,P.1,0,
Greece,EL,2021-04,TESSy,4977,,,No,Other,0,
Greece,EL,2021-05,TESSy,6989,,,No,B.1.1.7,467,
Greece,EL,2021-05,TESSy,6989,,,No,B.1.351,12,
Greece,EL,2021-05,TESSy,6989,,,No,P.1,0,
Greece,EL,2021-05,TESSy,6989,,,No,Other,0,
Greece,EL,2021-06,TESSy,8182,,,No,B.1.1.7,415,
Greece,EL,2021-06,TESSy,8182,,,No,B.1.351,9,
Greece,EL,2021-06,TESSy,8182,,,No,P.1,0,
Greece,EL,2021-06,TESSy,8182,,,No,Other,0,
Greece,EL,2021-07,TESSy,7674,,,No,B.1.1.7,443,
Greece,EL,2021-07,TESSy,7674,,,No,B.1.351,12,
Greece,EL,2021-07,TESSy,7674,,,No,P.1,0,
Greece,EL,2021-07,TESSy,7674,,,No,Other,2,
Greece,EL,2021-08,TESSy,11298,,,No,B.1.1.7,748,
Greece,EL,2021-08,TESSy,11298,,,No,B.1.351,16,
Greece,EL,2021-08,TESSy,11298,,,No,P.1,0,
Greece,EL,2021-08,TESSy,11298,,,No,Other,2,
Greece,EL,2021-09,TESSy,14020,,,No,B.1.1.7,851,
Greece,EL,2021-09,TESSy,14020,,,No,B.1.351,2,
Greece,EL,2021-09,TESSy,14020,,,No,P.1,0,
Greece,EL,2021-09,TESSy,14020,,,No,Other,22,
Greece,EL,2021-10,TESSy,16027,,,No,B.1.1.7,600,
Greece,EL,2021-10,TESSy,16027,,,No,B.1.351,3,
Greece,EL,2021-10,TESSy,16027,,,No,P.1,0,
Greece,EL,2021-10,TESSy,16027,,,No,Other,44,
Greece,EL,2021-11,TESSy,15978,,,No,B.1.1.7,723,
Greece,EL,2021-11,TESSy,15978,,,No,B.1.351,2,
Greece,EL,2021-11,TESSy,15978,,,No,P.1,0,
Greece,EL,2021-11,TESSy,15978,,,No,Other,111,
Greece,EL,2021-12,TESSy,16906,,,No,B.1.1.7,617,
Greece,EL,2021-12,TESSy,16906,,,No,B.1.351,3,
Greece,EL,2021-12,TESSy,16906,,,No,P.1,0,
Greece,EL,2021-12,TESSy,16906,,,No,Other,122,
Greece,EL,2021-13,TESSy,21383,,,No,B.1.1.7,609,
Greece,EL,2021-13,TESSy,21383,,,No,B.1.351,3,
Greece,EL,2021-13,TESSy,21383,,,No,P.1,0,
Greece,EL,2021-13,TESSy,21383,,,No,Other,104,
Greece,EL,2021-14,TESSy,20066,,,No,B.1.1.7,634,
Greece,EL,2021-14,TESSy,20066,,,No,B.1.351,3,
Greece,EL,2021-14,TESSy,20066,,,No,P.1,0,
Greece,EL,2021-14,TESSy,20066,,,No,Other,103,
Greece,EL,2021-15,TESSy,19793,,,No,B.1.1.7,260,
Greece,EL,2021-15,TESSy,19793,,,No,B.1.351,0,
Greece,EL,2021-15,TESSy,19793,,,No,P.1,0,
Greece,EL,2021-15,TESSy,19793,,,No,Other,52,
Greece,EL,2021-16,TESSy,17856,,,No,B.1.1.7,8,
Greece,EL,2021-16,TESSy,17856,,,No,B.1.351,0,
Greece,EL,2021-16,TESSy,17856,,,No,P.1,0,
Greece,EL,2021-16,TESSy,17856,,,No,Other,2,
Hungary,HU,2020-40,GISAID,6764,75,1.1,Yes,B.1.1.7,0,0.0
Hungary,HU,2020-40,GISAID,6764,75,1.1,Yes,B.1.351,0,0.0
Hungary,HU,2020-40,GISAID,6764,75,1.1,Yes,P.1,0,0.0
Hungary,HU,2020-40,GISAID,6764,75,1.1,Yes,Other,75,100.0
Hungary,HU,2020-41,GISAID,7097,31,0.4,Yes,B.1.1.7,0,0.0
Hungary,HU,2020-41,GISAID,7097,31,0.4,Yes,B.1.351,0,0.0
Hungary,HU,2020-41,GISAID,7097,31,0.4,Yes,P.1,0,0.0
Hungary,HU,2020-41,GISAID,7097,31,0.4,Yes,Other,31,100.0
Hungary,HU,2020-42,GISAID,9191,1,0.0,Yes,B.1.1.7,0,0.0
Hungary,HU,2020-42,GISAID,9191,1,0.0,Yes,B.1.351,0,0.0
Hungary,HU,2020-42,GISAID,9191,1,0.0,Yes,P.1,0,0.0
Hungary,HU,2020-42,GISAID,9191,1,0.0,Yes,Other,1,100.0
Hungary,HU,2020-43,GISAID,13795,5,0.0,Yes,B.1.1.7,0,0.0
Hungary,HU,2020-43,GISAID,13795,5,0.0,Yes,B.1.351,0,0.0
Hungary,HU,2020-43,GISAID,13795,5,0.0,Yes,P.1,0,0.0
Hungary,HU,2020-43,GISAID,13795,5,0.0,Yes,Other,5,100.0
Hungary,HU,2020-44,GISAID,21217,37,0.2,Yes,B.1.1.7,0,0.0
Hungary,HU,2020-44,GISAID,21217,37,0.2,Yes,B.1.351,0,0.0
Hungary,HU,2020-44,GISAID,21217,37,0.2,Yes,P.1,0,0.0
Hungary,HU,2020-44,GISAID,21217,37,0.2,Yes,Other,37,100.0
Hungary,HU,2020-45,GISAID,31998,0,0.0,Yes,B.1.1.7,0,
Hungary,HU,2020-45,GISAID,31998,0,0.0,Yes,B.1.351,0,
Hungary,HU,2020-45,GISAID,31998,0,0.0,Yes,P.1,0,
Hungary,HU,2020-45,GISAID,31998,0,0.0,Yes,Other,0,
Hungary,HU,2020-46,GISAID,32678,0,0.0,Yes,B.1.1.7,0,
Hungary,HU,2020-46,GISAID,32678,0,0.0,Yes,B.1.351,0,
Hungary,HU,2020-46,GISAID,32678,0,0.0,Yes,P.1,0,
Hungary,HU,2020-46,GISAID,32678,0,0.0,Yes,Other,0,
Hungary,HU,2020-47,GISAID,30496,0,0.0,Yes,B.1.1.7,0,
Hungary,HU,2020-47,GISAID,30496,0,0.0,Yes,B.1.351,0,
Hungary,HU,2020-47,GISAID,30496,0,0.0,Yes,P.1,0,
Hungary,HU,2020-47,GISAID,30496,0,0.0,Yes,Other,0,
Hungary,HU,2020-48,GISAID,39170,0,0.0,Yes,B.1.1.7,0,
Hungary,HU,2020-48,GISAID,39170,0,0.0,Yes,B.1.351,0,
Hungary,HU,2020-48,GISAID,39170,0,0.0,Yes,P.1,0,
Hungary,HU,2020-48,GISAID,39170,0,0.0,Yes,Other,0,
Hungary,HU,2020-49,GISAID,37026,0,0.0,Yes,B.1.1.7,0,
Hungary,HU,2020-49,GISAID,37026,0,0.0,Yes,B.1.351,0,
Hungary,HU,2020-49,GISAID,37026,0,0.0,Yes,P.1,0,
Hungary,HU,2020-49,GISAID,37026,0,0.0,Yes,Other,0,
Hungary,HU,2020-50,GISAID,29722,1,0.0,Yes,B.1.1.7,0,0.0
Hungary,HU,2020-50,GISAID,29722,1,0.0,Yes,B.1.351,0,0.0
Hungary,HU,2020-50,GISAID,29722,1,0.0,Yes,P.1,0,0.0
Hungary,HU,2020-50,GISAID,29722,1,0.0,Yes,Other,1,100.0
Hungary,HU,2020-51,GISAID,21260,0,0.0,Yes,B.1.1.7,0,
Hungary,HU,2020-51,GISAID,21260,0,0.0,Yes,B.1.351,0,
Hungary,HU,2020-51,GISAID,21260,0,0.0,Yes,P.1,0,
Hungary,HU,2020-51,GISAID,21260,0,0.0,Yes,Other,0,
Hungary,HU,2020-52,GISAID,11539,0,0.0,Yes,B.1.1.7,0,
Hungary,HU,2020-52,GISAID,11539,0,0.0,Yes,B.1.351,0,
Hungary,HU,2020-52,GISAID,11539,0,0.0,Yes,P.1,0,
Hungary,HU,2020-52,GISAID,11539,0,0.0,Yes,Other,0,
Hungary,HU,2020-53,GISAID,12182,0,0.0,Yes,B.1.1.7,0,
Hungary,HU,2020-53,GISAID,12182,0,0.0,Yes,B.1.351,0,
Hungary,HU,2020-53,GISAID,12182,0,0.0,Yes,P.1,0,
Hungary,HU,2020-53,GISAID,12182,0,0.0,Yes,Other,0,
Hungary,HU,2021-01,GISAID,14805,8,0.1,Yes,B.1.1.7,6,75.0
Hungary,HU,2021-01,GISAID,14805,8,0.1,Yes,B.1.351,0,0.0
Hungary,HU,2021-01,GISAID,14805,8,0.1,Yes,P.1,0,0.0
Hungary,HU,2021-01,GISAID,14805,8,0.1,Yes,Other,2,25.0
Hungary,HU,2021-02,GISAID,9047,8,0.1,Yes,B.1.1.7,0,0.0
Hungary,HU,2021-02,GISAID,9047,8,0.1,Yes,B.1.351,0,0.0
Hungary,HU,2021-02,GISAID,9047,8,0.1,Yes,P.1,0,0.0
Hungary,HU,2021-02,GISAID,9047,8,0.1,Yes,Other,8,100.0
Hungary,HU,2021-03,GISAID,7715,11,0.1,Yes,B.1.1.7,4,36.4
Hungary,HU,2021-03,GISAID,7715,11,0.1,Yes,B.1.351,0,0.0
Hungary,HU,2021-03,GISAID,7715,11,0.1,Yes,P.1,0,0.0
Hungary,HU,2021-03,GISAID,7715,11,0.1,Yes,Other,7,63.6
Hungary,HU,2021-04,GISAID,8292,10,0.1,Yes,B.1.1.7,4,40.0
Hungary,HU,2021-04,GISAID,8292,10,0.1,Yes,B.1.351,0,0.0
Hungary,HU,2021-04,GISAID,8292,10,0.1,Yes,P.1,0,0.0
Hungary,HU,2021-04,GISAID,8292,10,0.1,Yes,Other,6,60.0
Hungary,HU,2021-05,GISAID,8945,17,0.2,Yes,B.1.1.7,9,52.9
Hungary,HU,2021-05,GISAID,8945,17,0.2,Yes,B.1.351,0,0.0
Hungary,HU,2021-05,GISAID,8945,17,0.2,Yes,P.1,0,0.0
Hungary,HU,2021-05,GISAID,8945,17,0.2,Yes,Other,8,47.1
Hungary,HU,2021-06,GISAID,11144,8,0.1,Yes,B.1.1.7,1,12.5
Hungary,HU,2021-06,GISAID,11144,8,0.1,Yes,B.1.351,0,0.0
Hungary,HU,2021-06,GISAID,11144,8,0.1,Yes,P.1,0,0.0
Hungary,HU,2021-06,GISAID,11144,8,0.1,Yes,Other,7,87.5
Hungary,HU,2021-07,GISAID,16847,3,0.0,Yes,B.1.1.7,3,100.0
Hungary,HU,2021-07,GISAID,16847,3,0.0,Yes,B.1.351,0,0.0
Hungary,HU,2021-07,GISAID,16847,3,0.0,Yes,P.1,0,0.0
Hungary,HU,2021-07,GISAID,16847,3,0.0,Yes,Other,0,0.0
Hungary,HU,2021-08,GISAID,27279,3,0.0,Yes,B.1.1.7,2,66.7
Hungary,HU,2021-08,GISAID,27279,3,0.0,Yes,B.1.351,0,0.0
Hungary,HU,2021-08,GISAID,27279,3,0.0,Yes,P.1,0,0.0
Hungary,HU,2021-08,GISAID,27279,3,0.0,Yes,Other,1,33.3
Hungary,HU,2021-09,GISAID,35788,0,0.0,Yes,B.1.1.7,0,
Hungary,HU,2021-09,GISAID,35788,0,0.0,Yes,B.1.351,0,
Hungary,HU,2021-09,GISAID,35788,0,0.0,Yes,P.1,0,
Hungary,HU,2021-09,GISAID,35788,0,0.0,Yes,Other,0,
Hungary,HU,2021-10,GISAID,55483,0,0.0,Yes,B.1.1.7,0,
Hungary,HU,2021-10,GISAID,55483,0,0.0,Yes,B.1.351,0,
Hungary,HU,2021-10,GISAID,55483,0,0.0,Yes,P.1,0,
Hungary,HU,2021-10,GISAID,55483,0,0.0,Yes,Other,0,
Hungary,HU,2021-11,GISAID,56446,0,0.0,Yes,B.1.1.7,0,
Hungary,HU,2021-11,GISAID,56446,0,0.0,Yes,B.1.351,0,
Hungary,HU,2021-11,GISAID,56446,0,0.0,Yes,P.1,0,
Hungary,HU,2021-11,GISAID,56446,0,0.0,Yes,Other,0,
Hungary,HU,2021-12,GISAID,60482,0,0.0,Yes,B.1.1.7,0,
Hungary,HU,2021-12,GISAID,60482,0,0.0,Yes,B.1.351,0,
Hungary,HU,2021-12,GISAID,60482,0,0.0,Yes,P.1,0,
Hungary,HU,2021-12,GISAID,60482,0,0.0,Yes,Other,0,
Hungary,HU,2021-13,GISAID,48729,0,0.0,Yes,B.1.1.7,0,
Hungary,HU,2021-13,GISAID,48729,0,0.0,Yes,B.1.351,0,
Hungary,HU,2021-13,GISAID,48729,0,0.0,Yes,P.1,0,
Hungary,HU,2021-13,GISAID,48729,0,0.0,Yes,Other,0,
Hungary,HU,2021-14,GISAID,35388,0,0.0,Yes,B.1.1.7,0,
Hungary,HU,2021-14,GISAID,35388,0,0.0,Yes,B.1.351,0,
Hungary,HU,2021-14,GISAID,35388,0,0.0,Yes,P.1,0,
Hungary,HU,2021-14,GISAID,35388,0,0.0,Yes,Other,0,
Hungary,HU,2021-15,GISAID,27947,0,0.0,Yes,B.1.1.7,0,
Hungary,HU,2021-15,GISAID,27947,0,0.0,Yes,B.1.351,0,
Hungary,HU,2021-15,GISAID,27947,0,0.0,Yes,P.1,0,
Hungary,HU,2021-15,GISAID,27947,0,0.0,Yes,Other,0,
Hungary,HU,2021-16,GISAID,18266,0,0.0,Yes,B.1.1.7,0,
Hungary,HU,2021-16,GISAID,18266,0,0.0,Yes,B.1.351,0,
Hungary,HU,2021-16,GISAID,18266,0,0.0,Yes,P.1,0,
Hungary,HU,2021-16,GISAID,18266,0,0.0,Yes,Other,0,
Hungary,HU,2021-01,TESSy,14805,106,0.7,Yes,B.1.1.7,5,4.7
Hungary,HU,2021-01,TESSy,14805,106,0.7,Yes,B.1.351,0,0.0
Hungary,HU,2021-01,TESSy,14805,106,0.7,Yes,P.1,0,0.0
Hungary,HU,2021-01,TESSy,14805,106,0.7,Yes,Other,101,95.3
Hungary,HU,2021-02,TESSy,9047,42,0.5,Yes,B.1.1.7,8,19.0
Hungary,HU,2021-02,TESSy,9047,42,0.5,Yes,B.1.351,0,0.0
Hungary,HU,2021-02,TESSy,9047,42,0.5,Yes,P.1,0,0.0
Hungary,HU,2021-02,TESSy,9047,42,0.5,Yes,Other,34,81.0
Hungary,HU,2021-03,TESSy,7715,21,0.3,Yes,B.1.1.7,3,14.3
Hungary,HU,2021-03,TESSy,7715,21,0.3,Yes,B.1.351,0,0.0
Hungary,HU,2021-03,TESSy,7715,21,0.3,Yes,P.1,0,0.0
Hungary,HU,2021-03,TESSy,7715,21,0.3,Yes,Other,18,85.7
Hungary,HU,2021-04,TESSy,8292,14,0.2,Yes,B.1.1.7,14,100.0
Hungary,HU,2021-04,TESSy,8292,14,0.2,Yes,B.1.351,0,0.0
Hungary,HU,2021-04,TESSy,8292,14,0.2,Yes,P.1,0,0.0
Hungary,HU,2021-04,TESSy,8292,14,0.2,Yes,Other,0,0.0
Hungary,HU,2021-05,TESSy,8945,25,0.3,Yes,B.1.1.7,10,40.0
Hungary,HU,2021-05,TESSy,8945,25,0.3,Yes,B.1.351,0,0.0
Hungary,HU,2021-05,TESSy,8945,25,0.3,Yes,P.1,0,0.0
Hungary,HU,2021-05,TESSy,8945,25,0.3,Yes,Other,15,60.0
Hungary,HU,2021-06,TESSy,11144,137,1.2,Yes,B.1.1.7,134,97.8
Hungary,HU,2021-06,TESSy,11144,137,1.2,Yes,B.1.351,0,0.0
Hungary,HU,2021-06,TESSy,11144,137,1.2,Yes,P.1,0,0.0
Hungary,HU,2021-06,TESSy,11144,137,1.2,Yes,Other,3,2.2
Hungary,HU,2021-07,TESSy,16847,284,1.7,Yes,B.1.1.7,284,100.0
Hungary,HU,2021-07,TESSy,16847,284,1.7,Yes,B.1.351,0,0.0
Hungary,HU,2021-07,TESSy,16847,284,1.7,Yes,P.1,0,0.0
Hungary,HU,2021-07,TESSy,16847,284,1.7,Yes,Other,0,0.0
Hungary,HU,2021-08,TESSy,27279,133,0.5,Yes,B.1.1.7,83,62.4
Hungary,HU,2021-08,TESSy,27279,133,0.5,Yes,B.1.351,5,3.8
Hungary,HU,2021-08,TESSy,27279,133,0.5,Yes,P.1,0,0.0
Hungary,HU,2021-08,TESSy,27279,133,0.5,Yes,Other,45,33.8
Hungary,HU,2021-09,TESSy,35788,953,2.7,Yes,B.1.1.7,953,100.0
Hungary,HU,2021-09,TESSy,35788,953,2.7,Yes,B.1.351,0,0.0
Hungary,HU,2021-09,TESSy,35788,953,2.7,Yes,P.1,0,0.0
Hungary,HU,2021-09,TESSy,35788,953,2.7,Yes,Other,0,0.0
Hungary,HU,2021-10,TESSy,55483,124,0.2,Yes,B.1.1.7,123,99.2
Hungary,HU,2021-10,TESSy,55483,124,0.2,Yes,B.1.351,1,0.8
Hungary,HU,2021-10,TESSy,55483,124,0.2,Yes,P.1,0,0.0
Hungary,HU,2021-10,TESSy,55483,124,0.2,Yes,Other,0,0.0
Hungary,HU,2021-11,TESSy,56446,96,0.2,Yes,B.1.1.7,96,100.0
Hungary,HU,2021-11,TESSy,56446,96,0.2,Yes,B.1.351,0,0.0
Hungary,HU,2021-11,TESSy,56446,96,0.2,Yes,P.1,0,0.0
Hungary,HU,2021-11,TESSy,56446,96,0.2,Yes,Other,0,0.0
Hungary,HU,2021-12,TESSy,60482,939,1.6,Yes,B.1.1.7,1,0.1
Hungary,HU,2021-12,TESSy,60482,939,1.6,Yes,B.1.351,0,0.0
Hungary,HU,2021-12,TESSy,60482,939,1.6,Yes,P.1,0,0.0
Hungary,HU,2021-12,TESSy,60482,939,1.6,Yes,Other,938,99.9
Hungary,HU,2021-13,TESSy,48729,408,0.8,Yes,B.1.1.7,0,0.0
Hungary,HU,2021-13,TESSy,48729,408,0.8,Yes,B.1.351,0,0.0
Hungary,HU,2021-13,TESSy,48729,408,0.8,Yes,P.1,0,0.0
Hungary,HU,2021-13,TESSy,48729,408,0.8,Yes,Other,408,100.0
Hungary,HU,2021-14,TESSy,35388,1936,5.5,No,B.1.1.7,1733,
Hungary,HU,2021-14,TESSy,35388,1936,5.5,No,B.1.351,372,
Hungary,HU,2021-14,TESSy,35388,1936,5.5,No,P.1,372,
Hungary,HU,2021-14,TESSy,35388,1936,5.5,No,Other,1119,
Hungary,HU,2021-15,TESSy,27947,1359,4.9,No,B.1.1.7,1662,
Hungary,HU,2021-15,TESSy,27947,1359,4.9,No,B.1.351,148,
Hungary,HU,2021-15,TESSy,27947,1359,4.9,No,P.1,148,
Hungary,HU,2021-15,TESSy,27947,1359,4.9,No,Other,1496,
Hungary,HU,2021-16,TESSy,18266,1144,6.3,No,B.1.1.7,1596,
Hungary,HU,2021-16,TESSy,18266,1144,6.3,No,B.1.351,133,
Hungary,HU,2021-16,TESSy,18266,1144,6.3,No,P.1,133,
Hungary,HU,2021-16,TESSy,18266,1144,6.3,No,Other,1416,
Iceland,IS,2020-40,GISAID,298,298,100.0,Yes,B.1.1.7,0,0.0
Iceland,IS,2020-40,GISAID,298,298,100.0,Yes,B.1.351,0,0.0
Iceland,IS,2020-40,GISAID,298,298,100.0,Yes,P.1,0,0.0
Iceland,IS,2020-40,GISAID,298,298,100.0,Yes,Other,298,100.0
Iceland,IS,2020-41,GISAID,605,557,92.1,Yes,B.1.1.7,0,0.0
Iceland,IS,2020-41,GISAID,605,557,92.1,Yes,B.1.351,0,0.0
Iceland,IS,2020-41,GISAID,605,557,92.1,Yes,P.1,0,0.0
Iceland,IS,2020-41,GISAID,605,557,92.1,Yes,Other,557,100.0
Iceland,IS,2020-42,GISAID,529,480,90.7,Yes,B.1.1.7,0,0.0
Iceland,IS,2020-42,GISAID,529,480,90.7,Yes,B.1.351,0,0.0
Iceland,IS,2020-42,GISAID,529,480,90.7,Yes,P.1,0,0.0
Iceland,IS,2020-42,GISAID,529,480,90.7,Yes,Other,480,100.0
Iceland,IS,2020-43,GISAID,393,349,88.8,Yes,B.1.1.7,0,0.0
Iceland,IS,2020-43,GISAID,393,349,88.8,Yes,B.1.351,0,0.0
Iceland,IS,2020-43,GISAID,393,349,88.8,Yes,P.1,0,0.0
Iceland,IS,2020-43,GISAID,393,349,88.8,Yes,Other,349,100.0
Iceland,IS,2020-44,GISAID,442,373,84.4,Yes,B.1.1.7,0,0.0
Iceland,IS,2020-44,GISAID,442,373,84.4,Yes,B.1.351,0,0.0
Iceland,IS,2020-44,GISAID,442,373,84.4,Yes,P.1,0,0.0
Iceland,IS,2020-44,GISAID,442,373,84.4,Yes,Other,373,100.0
Iceland,IS,2020-45,GISAID,188,155,82.4,Yes,B.1.1.7,0,0.0
Iceland,IS,2020-45,GISAID,188,155,82.4,Yes,B.1.351,0,0.0
Iceland,IS,2020-45,GISAID,188,155,82.4,Yes,P.1,0,0.0
Iceland,IS,2020-45,GISAID,188,155,82.4,Yes,Other,155,100.0
Iceland,IS,2020-46,GISAID,111,96,86.5,Yes,B.1.1.7,0,0.0
Iceland,IS,2020-46,GISAID,111,96,86.5,Yes,B.1.351,0,0.0
Iceland,IS,2020-46,GISAID,111,96,86.5,Yes,P.1,0,0.0
Iceland,IS,2020-46,GISAID,111,96,86.5,Yes,Other,96,100.0
Iceland,IS,2020-47,GISAID,88,69,78.4,Yes,B.1.1.7,0,0.0
Iceland,IS,2020-47,GISAID,88,69,78.4,Yes,B.1.351,0,0.0
Iceland,IS,2020-47,GISAID,88,69,78.4,Yes,P.1,0,0.0
Iceland,IS,2020-47,GISAID,88,69,78.4,Yes,Other,69,100.0
Iceland,IS,2020-48,GISAID,104,96,92.3,Yes,B.1.1.7,0,0.0
Iceland,IS,2020-48,GISAID,104,96,92.3,Yes,B.1.351,0,0.0
Iceland,IS,2020-48,GISAID,104,96,92.3,Yes,P.1,0,0.0
Iceland,IS,2020-48,GISAID,104,96,92.3,Yes,Other,96,100.0
Iceland,IS,2020-49,GISAID,101,88,87.1,Yes,B.1.1.7,1,1.1
Iceland,IS,2020-49,GISAID,101,88,87.1,Yes,B.1.351,0,0.0
Iceland,IS,2020-49,GISAID,101,88,87.1,Yes,P.1,0,0.0
Iceland,IS,2020-49,GISAID,101,88,87.1,Yes,Other,87,98.9
Iceland,IS,2020-50,GISAID,75,63,84.0,Yes,B.1.1.7,0,0.0
Iceland,IS,2020-50,GISAID,75,63,84.0,Yes,B.1.351,0,0.0
Iceland,IS,2020-50,GISAID,75,63,84.0,Yes,P.1,0,0.0
Iceland,IS,2020-50,GISAID,75,63,84.0,Yes,Other,63,100.0
Iceland,IS,2020-51,GISAID,85,82,96.5,Yes,B.1.1.7,3,3.7
Iceland,IS,2020-51,GISAID,85,82,96.5,Yes,B.1.351,0,0.0
Iceland,IS,2020-51,GISAID,85,82,96.5,Yes,P.1,0,0.0
Iceland,IS,2020-51,GISAID,85,82,96.5,Yes,Other,79,96.3
Iceland,IS,2020-52,GISAID,84,65,77.4,Yes,B.1.1.7,7,10.8
Iceland,IS,2020-52,GISAID,84,65,77.4,Yes,B.1.351,0,0.0
Iceland,IS,2020-52,GISAID,84,65,77.4,Yes,P.1,0,0.0
Iceland,IS,2020-52,GISAID,84,65,77.4,Yes,Other,58,89.2
Iceland,IS,2020-53,GISAID,28,59,100.0,Yes,B.1.1.7,4,6.8
Iceland,IS,2020-53,GISAID,28,59,100.0,Yes,B.1.351,0,0.0
Iceland,IS,2020-53,GISAID,28,59,100.0,Yes,P.1,0,0.0
Iceland,IS,2020-53,GISAID,28,59,100.0,Yes,Other,55,93.2
Iceland,IS,2021-01,GISAID,144,34,23.6,Yes,B.1.1.7,5,14.7
Iceland,IS,2021-01,GISAID,144,34,23.6,Yes,B.1.351,0,0.0
Iceland,IS,2021-01,GISAID,144,34,23.6,Yes,P.1,0,0.0
Iceland,IS,2021-01,GISAID,144,34,23.6,Yes,Other,29,85.3
Iceland,IS,2021-02,GISAID,72,0,0.0,Yes,B.1.1.7,0,
Iceland,IS,2021-02,GISAID,72,0,0.0,Yes,B.1.351,0,
Iceland,IS,2021-02,GISAID,72,0,0.0,Yes,P.1,0,
Iceland,IS,2021-02,GISAID,72,0,0.0,Yes,Other,0,
Iceland,IS,2021-03,GISAID,20,0,0.0,Yes,B.1.1.7,0,
Iceland,IS,2021-03,GISAID,20,0,0.0,Yes,B.1.351,0,
Iceland,IS,2021-03,GISAID,20,0,0.0,Yes,P.1,0,
Iceland,IS,2021-03,GISAID,20,0,0.0,Yes,Other,0,
Iceland,IS,2021-04,GISAID,19,0,0.0,Yes,B.1.1.7,0,
Iceland,IS,2021-04,GISAID,19,0,0.0,Yes,B.1.351,0,
Iceland,IS,2021-04,GISAID,19,0,0.0,Yes,P.1,0,
Iceland,IS,2021-04,GISAID,19,0,0.0,Yes,Other,0,
Iceland,IS,2021-05,GISAID,11,0,0.0,Yes,B.1.1.7,0,
Iceland,IS,2021-05,GISAID,11,0,0.0,Yes,B.1.351,0,
Iceland,IS,2021-05,GISAID,11,0,0.0,Yes,P.1,0,
Iceland,IS,2021-05,GISAID,11,0,0.0,Yes,Other,0,
Iceland,IS,2021-06,GISAID,19,0,0.0,Yes,B.1.1.7,0,
Iceland,IS,2021-06,GISAID,19,0,0.0,Yes,B.1.351,0,
Iceland,IS,2021-06,GISAID,19,0,0.0,Yes,P.1,0,
Iceland,IS,2021-06,GISAID,19,0,0.0,Yes,Other,0,
Iceland,IS,2021-07,GISAID,10,0,0.0,Yes,B.1.1.7,0,
Iceland,IS,2021-07,GISAID,10,0,0.0,Yes,B.1.351,0,
Iceland,IS,2021-07,GISAID,10,0,0.0,Yes,P.1,0,
Iceland,IS,2021-07,GISAID,10,0,0.0,Yes,Other,0,
Iceland,IS,2021-08,GISAID,5,0,0.0,Yes,B.1.1.7,0,
Iceland,IS,2021-08,GISAID,5,0,0.0,Yes,B.1.351,0,
Iceland,IS,2021-08,GISAID,5,0,0.0,Yes,P.1,0,
Iceland,IS,2021-08,GISAID,5,0,0.0,Yes,Other,0,
Iceland,IS,2021-09,GISAID,10,0,0.0,Yes,B.1.1.7,0,
Iceland,IS,2021-09,GISAID,10,0,0.0,Yes,B.1.351,0,
Iceland,IS,2021-09,GISAID,10,0,0.0,Yes,P.1,0,
Iceland,IS,2021-09,GISAID,10,0,0.0,Yes,Other,0,
Iceland,IS,2021-10,GISAID,19,0,0.0,Yes,B.1.1.7,0,
Iceland,IS,2021-10,GISAID,19,0,0.0,Yes,B.1.351,0,
Iceland,IS,2021-10,GISAID,19,0,0.0,Yes,P.1,0,
Iceland,IS,2021-10,GISAID,19,0,0.0,Yes,Other,0,
Iceland,IS,2021-11,GISAID,36,0,0.0,Yes,B.1.1.7,0,
Iceland,IS,2021-11,GISAID,36,0,0.0,Yes,B.1.351,0,
Iceland,IS,2021-11,GISAID,36,0,0.0,Yes,P.1,0,
Iceland,IS,2021-11,GISAID,36,0,0.0,Yes,Other,0,
Iceland,IS,2021-12,GISAID,64,0,0.0,Yes,B.1.1.7,0,
Iceland,IS,2021-12,GISAID,64,0,0.0,Yes,B.1.351,0,
Iceland,IS,2021-12,GISAID,64,0,0.0,Yes,P.1,0,
Iceland,IS,2021-12,GISAID,64,0,0.0,Yes,Other,0,
Iceland,IS,2021-13,GISAID,42,0,0.0,Yes,B.1.1.7,0,
Iceland,IS,2021-13,GISAID,42,0,0.0,Yes,B.1.351,0,
Iceland,IS,2021-13,GISAID,42,0,0.0,Yes,P.1,0,
Iceland,IS,2021-13,GISAID,42,0,0.0,Yes,Other,0,
Iceland,IS,2021-14,GISAID,42,0,0.0,Yes,B.1.1.7,0,
Iceland,IS,2021-14,GISAID,42,0,0.0,Yes,B.1.351,0,
Iceland,IS,2021-14,GISAID,42,0,0.0,Yes,P.1,0,
Iceland,IS,2021-14,GISAID,42,0,0.0,Yes,Other,0,
Iceland,IS,2021-15,GISAID,62,0,0.0,Yes,B.1.1.7,0,
Iceland,IS,2021-15,GISAID,62,0,0.0,Yes,B.1.351,0,
Iceland,IS,2021-15,GISAID,62,0,0.0,Yes,P.1,0,
Iceland,IS,2021-15,GISAID,62,0,0.0,Yes,Other,0,
Iceland,IS,2021-16,GISAID,100,0,0.0,Yes,B.1.1.7,0,
Iceland,IS,2021-16,GISAID,100,0,0.0,Yes,B.1.351,0,
Iceland,IS,2021-16,GISAID,100,0,0.0,Yes,P.1,0,
Iceland,IS,2021-16,GISAID,100,0,0.0,Yes,Other,0,
Iceland,IS,2021-04,TESSy,19,22,100.0,Yes,B.1.1.7,0,0.0
Iceland,IS,2021-04,TESSy,19,22,100.0,Yes,B.1.351,0,0.0
Iceland,IS,2021-04,TESSy,19,22,100.0,Yes,P.1,0,0.0
Iceland,IS,2021-04,TESSy,19,22,100.0,Yes,Other,22,100.0
Iceland,IS,2021-05,TESSy,11,12,100.0,Yes,B.1.1.7,0,0.0
Iceland,IS,2021-05,TESSy,11,12,100.0,Yes,B.1.351,0,0.0
Iceland,IS,2021-05,TESSy,11,12,100.0,Yes,P.1,0,0.0
Iceland,IS,2021-05,TESSy,11,12,100.0,Yes,Other,12,100.0
Iceland,IS,2021-06,TESSy,19,15,78.9,Yes,B.1.1.7,0,0.0
Iceland,IS,2021-06,TESSy,19,15,78.9,Yes,B.1.351,0,0.0
Iceland,IS,2021-06,TESSy,19,15,78.9,Yes,P.1,0,0.0
Iceland,IS,2021-06,TESSy,19,15,78.9,Yes,Other,15,100.0
Iceland,IS,2021-07,TESSy,10,10,100.0,Yes,B.1.1.7,0,0.0
Iceland,IS,2021-07,TESSy,10,10,100.0,Yes,B.1.351,0,0.0
Iceland,IS,2021-07,TESSy,10,10,100.0,Yes,P.1,0,0.0
Iceland,IS,2021-07,TESSy,10,10,100.0,Yes,Other,10,100.0
Iceland,IS,2021-08,TESSy,5,16,100.0,Yes,B.1.1.7,9,56.2
Iceland,IS,2021-08,TESSy,5,16,100.0,Yes,B.1.351,0,0.0
Iceland,IS,2021-08,TESSy,5,16,100.0,Yes,P.1,0,0.0
Iceland,IS,2021-08,TESSy,5,16,100.0,Yes,Other,7,43.8
Iceland,IS,2021-09,TESSy,10,10,100.0,Yes,B.1.1.7,3,30.0
Iceland,IS,2021-09,TESSy,10,10,100.0,Yes,B.1.351,1,10.0
Iceland,IS,2021-09,TESSy,10,10,100.0,Yes,P.1,0,0.0
Iceland,IS,2021-09,TESSy,10,10,100.0,Yes,Other,6,60.0
Iceland,IS,2021-10,TESSy,19,7,36.8,Yes,B.1.1.7,5,71.4
Iceland,IS,2021-10,TESSy,19,7,36.8,Yes,B.1.351,0,0.0
Iceland,IS,2021-10,TESSy,19,7,36.8,Yes,P.1,0,0.0
Iceland,IS,2021-10,TESSy,19,7,36.8,Yes,Other,2,28.6
Iceland,IS,2021-11,TESSy,36,38,100.0,Yes,B.1.1.7,24,63.2
Iceland,IS,2021-11,TESSy,36,38,100.0,Yes,B.1.351,0,0.0
Iceland,IS,2021-11,TESSy,36,38,100.0,Yes,P.1,10,26.3
Iceland,IS,2021-11,TESSy,36,38,100.0,Yes,Other,4,10.5
Iceland,IS,2021-12,TESSy,64,58,90.6,Yes,B.1.1.7,58,100.0
Iceland,IS,2021-12,TESSy,64,58,90.6,Yes,B.1.351,0,0.0
Iceland,IS,2021-12,TESSy,64,58,90.6,Yes,P.1,0,0.0
Iceland,IS,2021-12,TESSy,64,58,90.6,Yes,Other,0,0.0
Iceland,IS,2021-14,TESSy,42,39,92.9,Yes,B.1.1.7,35,89.7
Iceland,IS,2021-14,TESSy,42,39,92.9,Yes,B.1.351,0,0.0
Iceland,IS,2021-14,TESSy,42,39,92.9,Yes,P.1,0,0.0
Iceland,IS,2021-14,TESSy,42,39,92.9,Yes,Other,4,10.3
Iceland,IS,2021-15,TESSy,62,62,100.0,Yes,B.1.1.7,62,100.0
Iceland,IS,2021-15,TESSy,62,62,100.0,Yes,B.1.351,0,0.0
Iceland,IS,2021-15,TESSy,62,62,100.0,Yes,P.1,0,0.0
Iceland,IS,2021-15,TESSy,62,62,100.0,Yes,Other,0,0.0
Iceland,IS,2021-16,TESSy,100,108,100.0,Yes,B.1.1.7,105,97.2
Iceland,IS,2021-16,TESSy,100,108,100.0,Yes,B.1.351,0,0.0
Iceland,IS,2021-16,TESSy,100,108,100.0,Yes,P.1,0,0.0
Iceland,IS,2021-16,TESSy,100,108,100.0,Yes,Other,3,2.8
Ireland,IE,2020-40,GISAID,3042,16,0.5,Yes,B.1.1.7,0,0.0
Ireland,IE,2020-40,GISAID,3042,16,0.5,Yes,B.1.351,0,0.0
Ireland,IE,2020-40,GISAID,3042,16,0.5,Yes,P.1,0,0.0
Ireland,IE,2020-40,GISAID,3042,16,0.5,Yes,Other,16,100.0
Ireland,IE,2020-41,GISAID,4496,69,1.5,Yes,B.1.1.7,0,0.0
Ireland,IE,2020-41,GISAID,4496,69,1.5,Yes,B.1.351,0,0.0
Ireland,IE,2020-41,GISAID,4496,69,1.5,Yes,P.1,0,0.0
Ireland,IE,2020-41,GISAID,4496,69,1.5,Yes,Other,69,100.0
Ireland,IE,2020-42,GISAID,7434,82,1.1,Yes,B.1.1.7,0,0.0
Ireland,IE,2020-42,GISAID,7434,82,1.1,Yes,B.1.351,0,0.0
Ireland,IE,2020-42,GISAID,7434,82,1.1,Yes,P.1,0,0.0
Ireland,IE,2020-42,GISAID,7434,82,1.1,Yes,Other,82,100.0
Ireland,IE,2020-43,GISAID,7166,18,0.3,Yes,B.1.1.7,0,0.0
Ireland,IE,2020-43,GISAID,7166,18,0.3,Yes,B.1.351,0,0.0
Ireland,IE,2020-43,GISAID,7166,18,0.3,Yes,P.1,0,0.0
Ireland,IE,2020-43,GISAID,7166,18,0.3,Yes,Other,18,100.0
Ireland,IE,2020-44,GISAID,4874,18,0.4,Yes,B.1.1.7,1,5.6
Ireland,IE,2020-44,GISAID,4874,18,0.4,Yes,B.1.351,0,0.0
Ireland,IE,2020-44,GISAID,4874,18,0.4,Yes,P.1,0,0.0
Ireland,IE,2020-44,GISAID,4874,18,0.4,Yes,Other,17,94.4
Ireland,IE,2020-45,GISAID,3392,52,1.5,Yes,B.1.1.7,0,0.0
Ireland,IE,2020-45,GISAID,3392,52,1.5,Yes,B.1.351,0,0.0
Ireland,IE,2020-45,GISAID,3392,52,1.5,Yes,P.1,0,0.0
Ireland,IE,2020-45,GISAID,3392,52,1.5,Yes,Other,52,100.0
Ireland,IE,2020-46,GISAID,2509,35,1.4,Yes,B.1.1.7,0,0.0
Ireland,IE,2020-46,GISAID,2509,35,1.4,Yes,B.1.351,0,0.0
Ireland,IE,2020-46,GISAID,2509,35,1.4,Yes,P.1,0,0.0
Ireland,IE,2020-46,GISAID,2509,35,1.4,Yes,Other,35,100.0
Ireland,IE,2020-47,GISAID,2558,60,2.3,Yes,B.1.1.7,0,0.0
Ireland,IE,2020-47,GISAID,2558,60,2.3,Yes,B.1.351,0,0.0
Ireland,IE,2020-47,GISAID,2558,60,2.3,Yes,P.1,0,0.0
Ireland,IE,2020-47,GISAID,2558,60,2.3,Yes,Other,60,100.0
Ireland,IE,2020-48,GISAID,1780,76,4.3,Yes,B.1.1.7,0,0.0
Ireland,IE,2020-48,GISAID,1780,76,4.3,Yes,B.1.351,0,0.0
Ireland,IE,2020-48,GISAID,1780,76,4.3,Yes,P.1,0,0.0
Ireland,IE,2020-48,GISAID,1780,76,4.3,Yes,Other,76,100.0
Ireland,IE,2020-49,GISAID,2005,16,0.8,Yes,B.1.1.7,0,0.0
Ireland,IE,2020-49,GISAID,2005,16,0.8,Yes,B.1.351,0,0.0
Ireland,IE,2020-49,GISAID,2005,16,0.8,Yes,P.1,0,0.0
Ireland,IE,2020-49,GISAID,2005,16,0.8,Yes,Other,16,100.0
Ireland,IE,2020-50,GISAID,1939,17,0.9,Yes,B.1.1.7,0,0.0
Ireland,IE,2020-50,GISAID,1939,17,0.9,Yes,B.1.351,0,0.0
Ireland,IE,2020-50,GISAID,1939,17,0.9,Yes,P.1,0,0.0
Ireland,IE,2020-50,GISAID,1939,17,0.9,Yes,Other,17,100.0
Ireland,IE,2020-51,GISAID,3357,83,2.5,Yes,B.1.1.7,11,13.3
Ireland,IE,2020-51,GISAID,3357,83,2.5,Yes,B.1.351,0,0.0
Ireland,IE,2020-51,GISAID,3357,83,2.5,Yes,P.1,0,0.0
Ireland,IE,2020-51,GISAID,3357,83,2.5,Yes,Other,72,86.7
Ireland,IE,2020-52,GISAID,6587,74,1.1,Yes,B.1.1.7,32,43.2
Ireland,IE,2020-52,GISAID,6587,74,1.1,Yes,B.1.351,3,4.1
Ireland,IE,2020-52,GISAID,6587,74,1.1,Yes,P.1,0,0.0
Ireland,IE,2020-52,GISAID,6587,74,1.1,Yes,Other,39,52.7
Ireland,IE,2020-53,GISAID,15758,127,0.8,Yes,B.1.1.7,60,47.2
Ireland,IE,2020-53,GISAID,15758,127,0.8,Yes,B.1.351,4,3.1
Ireland,IE,2020-53,GISAID,15758,127,0.8,Yes,P.1,0,0.0
Ireland,IE,2020-53,GISAID,15758,127,0.8,Yes,Other,63,49.6
Ireland,IE,2021-01,GISAID,45726,140,0.3,Yes,B.1.1.7,74,52.9
Ireland,IE,2021-01,GISAID,45726,140,0.3,Yes,B.1.351,1,0.7
Ireland,IE,2021-01,GISAID,45726,140,0.3,Yes,P.1,0,0.0
Ireland,IE,2021-01,GISAID,45726,140,0.3,Yes,Other,65,46.4
Ireland,IE,2021-02,GISAID,25113,214,0.9,Yes,B.1.1.7,103,48.1
Ireland,IE,2021-02,GISAID,25113,214,0.9,Yes,B.1.351,2,0.9
Ireland,IE,2021-02,GISAID,25113,214,0.9,Yes,P.1,0,0.0
Ireland,IE,2021-02,GISAID,25113,214,0.9,Yes,Other,109,50.9
Ireland,IE,2021-03,GISAID,14828,258,1.7,Yes,B.1.1.7,187,72.5
Ireland,IE,2021-03,GISAID,14828,258,1.7,Yes,B.1.351,3,1.2
Ireland,IE,2021-03,GISAID,14828,258,1.7,Yes,P.1,0,0.0
Ireland,IE,2021-03,GISAID,14828,258,1.7,Yes,Other,68,26.4
Ireland,IE,2021-04,GISAID,8993,302,3.4,Yes,B.1.1.7,221,73.2
Ireland,IE,2021-04,GISAID,8993,302,3.4,Yes,B.1.351,0,0.0
Ireland,IE,2021-04,GISAID,8993,302,3.4,Yes,P.1,0,0.0
Ireland,IE,2021-04,GISAID,8993,302,3.4,Yes,Other,81,26.8
Ireland,IE,2021-05,GISAID,7021,825,11.8,Yes,B.1.1.7,699,84.7
Ireland,IE,2021-05,GISAID,7021,825,11.8,Yes,B.1.351,1,0.1
Ireland,IE,2021-05,GISAID,7021,825,11.8,Yes,P.1,1,0.1
Ireland,IE,2021-05,GISAID,7021,825,11.8,Yes,Other,124,15.0
Ireland,IE,2021-06,GISAID,6014,813,13.5,Yes,B.1.1.7,705,86.7
Ireland,IE,2021-06,GISAID,6014,813,13.5,Yes,B.1.351,2,0.2
Ireland,IE,2021-06,GISAID,6014,813,13.5,Yes,P.1,2,0.2
Ireland,IE,2021-06,GISAID,6014,813,13.5,Yes,Other,104,12.8
Ireland,IE,2021-07,GISAID,5475,616,11.3,Yes,B.1.1.7,546,88.6
Ireland,IE,2021-07,GISAID,5475,616,11.3,Yes,B.1.351,6,1.0
Ireland,IE,2021-07,GISAID,5475,616,11.3,Yes,P.1,3,0.5
Ireland,IE,2021-07,GISAID,5475,616,11.3,Yes,Other,61,9.9
Ireland,IE,2021-08,GISAID,4535,931,20.5,Yes,B.1.1.7,881,94.6
Ireland,IE,2021-08,GISAID,4535,931,20.5,Yes,B.1.351,8,0.9
Ireland,IE,2021-08,GISAID,4535,931,20.5,Yes,P.1,0,0.0
Ireland,IE,2021-08,GISAID,4535,931,20.5,Yes,Other,42,4.5
Ireland,IE,2021-09,GISAID,3627,650,17.9,Yes,B.1.1.7,624,96.0
Ireland,IE,2021-09,GISAID,3627,650,17.9,Yes,B.1.351,0,0.0
Ireland,IE,2021-09,GISAID,3627,650,17.9,Yes,P.1,4,0.6
Ireland,IE,2021-09,GISAID,3627,650,17.9,Yes,Other,22,3.4
Ireland,IE,2021-10,GISAID,3522,782,22.2,Yes,B.1.1.7,750,95.9
Ireland,IE,2021-10,GISAID,3522,782,22.2,Yes,B.1.351,8,1.0
Ireland,IE,2021-10,GISAID,3522,782,22.2,Yes,P.1,1,0.1
Ireland,IE,2021-10,GISAID,3522,782,22.2,Yes,Other,23,2.9
Ireland,IE,2021-11,GISAID,3858,905,23.5,Yes,B.1.1.7,854,94.4
Ireland,IE,2021-11,GISAID,3858,905,23.5,Yes,B.1.351,21,2.3
Ireland,IE,2021-11,GISAID,3858,905,23.5,Yes,P.1,9,1.0
Ireland,IE,2021-11,GISAID,3858,905,23.5,Yes,Other,21,2.3
Ireland,IE,2021-12,GISAID,3942,835,21.2,Yes,B.1.1.7,796,95.3
Ireland,IE,2021-12,GISAID,3942,835,21.2,Yes,B.1.351,3,0.4
Ireland,IE,2021-12,GISAID,3942,835,21.2,Yes,P.1,4,0.5
Ireland,IE,2021-12,GISAID,3942,835,21.2,Yes,Other,32,3.8
Ireland,IE,2021-13,GISAID,3607,437,12.1,Yes,B.1.1.7,426,97.5
Ireland,IE,2021-13,GISAID,3607,437,12.1,Yes,B.1.351,4,0.9
Ireland,IE,2021-13,GISAID,3607,437,12.1,Yes,P.1,0,0.0
Ireland,IE,2021-13,GISAID,3607,437,12.1,Yes,Other,7,1.6
Ireland,IE,2021-14,GISAID,2797,516,18.4,Yes,B.1.1.7,463,89.7
Ireland,IE,2021-14,GISAID,2797,516,18.4,Yes,B.1.351,5,1.0
Ireland,IE,2021-14,GISAID,2797,516,18.4,Yes,P.1,2,0.4
Ireland,IE,2021-14,GISAID,2797,516,18.4,Yes,Other,46,8.9
Ireland,IE,2021-15,GISAID,2563,72,2.8,Yes,B.1.1.7,67,93.1
Ireland,IE,2021-15,GISAID,2563,72,2.8,Yes,B.1.351,0,0.0
Ireland,IE,2021-15,GISAID,2563,72,2.8,Yes,P.1,0,0.0
Ireland,IE,2021-15,GISAID,2563,72,2.8,Yes,Other,5,6.9
Ireland,IE,2021-16,GISAID,3125,0,0.0,Yes,B.1.1.7,0,
Ireland,IE,2021-16,GISAID,3125,0,0.0,Yes,B.1.351,0,
Ireland,IE,2021-16,GISAID,3125,0,0.0,Yes,P.1,0,
Ireland,IE,2021-16,GISAID,3125,0,0.0,Yes,Other,0,
Ireland,IE,2020-48,TESSy,1780,65,3.7,Yes,B.1.1.7,0,0.0
Ireland,IE,2020-48,TESSy,1780,65,3.7,Yes,B.1.351,0,0.0
Ireland,IE,2020-48,TESSy,1780,65,3.7,Yes,P.1,0,0.0
Ireland,IE,2020-48,TESSy,1780,65,3.7,Yes,Other,65,100.0
Ireland,IE,2020-49,TESSy,2005,4,0.2,Yes,Other,4,100.0
Ireland,IE,2020-50,TESSy,1939,4,0.2,Yes,B.1.1.7,0,0.0
Ireland,IE,2020-50,TESSy,1939,4,0.2,Yes,B.1.351,0,0.0
Ireland,IE,2020-50,TESSy,1939,4,0.2,Yes,P.1,0,0.0
Ireland,IE,2020-50,TESSy,1939,4,0.2,Yes,Other,4,100.0
Ireland,IE,2020-51,TESSy,3357,57,1.7,Yes,B.1.1.7,8,14.0
Ireland,IE,2020-51,TESSy,3357,57,1.7,Yes,B.1.351,0,0.0
Ireland,IE,2020-51,TESSy,3357,57,1.7,Yes,P.1,0,0.0
Ireland,IE,2020-51,TESSy,3357,57,1.7,Yes,Other,49,86.0
Ireland,IE,2020-52,TESSy,6587,46,0.7,Yes,B.1.1.7,17,37.0
Ireland,IE,2020-52,TESSy,6587,46,0.7,Yes,B.1.351,3,6.5
Ireland,IE,2020-52,TESSy,6587,46,0.7,Yes,P.1,0,0.0
Ireland,IE,2020-52,TESSy,6587,46,0.7,Yes,Other,26,56.5
Ireland,IE,2020-53,TESSy,15758,99,0.6,Yes,B.1.1.7,39,39.4
Ireland,IE,2020-53,TESSy,15758,99,0.6,Yes,B.1.351,4,4.0
Ireland,IE,2020-53,TESSy,15758,99,0.6,Yes,Other,56,56.6
Ireland,IE,2021-01,TESSy,45726,135,0.3,Yes,B.1.1.7,70,51.9
Ireland,IE,2021-01,TESSy,45726,135,0.3,Yes,B.1.351,1,0.7
Ireland,IE,2021-01,TESSy,45726,135,0.3,Yes,P.1,0,0.0
Ireland,IE,2021-01,TESSy,45726,135,0.3,Yes,Other,64,47.4
Ireland,IE,2021-02,TESSy,25113,240,1.0,Yes,B.1.1.7,132,55.0
Ireland,IE,2021-02,TESSy,25113,240,1.0,Yes,B.1.351,1,0.4
Ireland,IE,2021-02,TESSy,25113,240,1.0,Yes,Other,107,44.6
Ireland,IE,2021-03,TESSy,14828,259,1.7,Yes,B.1.1.7,191,73.7
Ireland,IE,2021-03,TESSy,14828,259,1.7,Yes,B.1.351,1,0.4
Ireland,IE,2021-03,TESSy,14828,259,1.7,Yes,P.1,0,0.0
Ireland,IE,2021-03,TESSy,14828,259,1.7,Yes,Other,67,25.9
Ireland,IE,2021-04,TESSy,8993,339,3.8,Yes,B.1.1.7,253,74.6
Ireland,IE,2021-04,TESSy,8993,339,3.8,Yes,B.1.351,1,0.3
Ireland,IE,2021-04,TESSy,8993,339,3.8,Yes,Other,85,25.1
Ireland,IE,2021-05,TESSy,7021,820,11.7,Yes,B.1.1.7,695,84.8
Ireland,IE,2021-05,TESSy,7021,820,11.7,Yes,B.1.351,1,0.1
Ireland,IE,2021-05,TESSy,7021,820,11.7,Yes,P.1,2,0.2
Ireland,IE,2021-05,TESSy,7021,820,11.7,Yes,Other,122,14.9
Ireland,IE,2021-06,TESSy,6014,772,12.8,Yes,B.1.1.7,670,86.8
Ireland,IE,2021-06,TESSy,6014,772,12.8,Yes,B.1.351,3,0.4
Ireland,IE,2021-06,TESSy,6014,772,12.8,Yes,P.1,2,0.3
Ireland,IE,2021-06,TESSy,6014,772,12.8,Yes,Other,97,12.6
Ireland,IE,2021-07,TESSy,5475,578,10.6,Yes,B.1.1.7,514,88.9
Ireland,IE,2021-07,TESSy,5475,578,10.6,Yes,B.1.351,7,1.2
Ireland,IE,2021-07,TESSy,5475,578,10.6,Yes,P.1,3,0.5
Ireland,IE,2021-07,TESSy,5475,578,10.6,Yes,Other,54,9.3
Ireland,IE,2021-08,TESSy,4535,997,22.0,Yes,B.1.1.7,935,93.8
Ireland,IE,2021-08,TESSy,4535,997,22.0,Yes,B.1.351,8,0.8
Ireland,IE,2021-08,TESSy,4535,997,22.0,Yes,P.1,0,0.0
Ireland,IE,2021-08,TESSy,4535,997,22.0,Yes,Other,54,5.4
Ireland,IE,2021-09,TESSy,3627,673,18.6,Yes,B.1.1.7,646,96.0
Ireland,IE,2021-09,TESSy,3627,673,18.6,Yes,B.1.351,1,0.1
Ireland,IE,2021-09,TESSy,3627,673,18.6,Yes,P.1,4,0.6
Ireland,IE,2021-09,TESSy,3627,673,18.6,Yes,Other,22,3.3
Ireland,IE,2021-10,TESSy,3522,808,22.9,Yes,B.1.1.7,774,95.8
Ireland,IE,2021-10,TESSy,3522,808,22.9,Yes,B.1.351,9,1.1
Ireland,IE,2021-10,TESSy,3522,808,22.9,Yes,P.1,1,0.1
Ireland,IE,2021-10,TESSy,3522,808,22.9,Yes,Other,24,3.0
Ireland,IE,2021-11,TESSy,3858,903,23.4,Yes,B.1.1.7,853,94.5
Ireland,IE,2021-11,TESSy,3858,903,23.4,Yes,B.1.351,20,2.2
Ireland,IE,2021-11,TESSy,3858,903,23.4,Yes,P.1,9,1.0
Ireland,IE,2021-11,TESSy,3858,903,23.4,Yes,Other,21,2.3
Ireland,IE,2021-12,TESSy,3942,835,21.2,Yes,B.1.1.7,795,95.2
Ireland,IE,2021-12,TESSy,3942,835,21.2,Yes,B.1.351,3,0.4
Ireland,IE,2021-12,TESSy,3942,835,21.2,Yes,P.1,4,0.5
Ireland,IE,2021-12,TESSy,3942,835,21.2,Yes,Other,33,4.0
Ireland,IE,2021-13,TESSy,3607,453,12.6,Yes,B.1.1.7,440,97.1
Ireland,IE,2021-13,TESSy,3607,453,12.6,Yes,B.1.351,5,1.1
Ireland,IE,2021-13,TESSy,3607,453,12.6,Yes,P.1,0,0.0
Ireland,IE,2021-13,TESSy,3607,453,12.6,Yes,Other,8,1.8
Ireland,IE,2021-14,TESSy,2797,472,16.9,Yes,B.1.1.7,426,90.3
Ireland,IE,2021-14,TESSy,2797,472,16.9,Yes,B.1.351,4,0.8
Ireland,IE,2021-14,TESSy,2797,472,16.9,Yes,P.1,2,0.4
Ireland,IE,2021-14,TESSy,2797,472,16.9,Yes,Other,40,8.5
Ireland,IE,2021-15,TESSy,2563,110,4.3,Yes,B.1.1.7,100,90.9
Ireland,IE,2021-15,TESSy,2563,110,4.3,Yes,B.1.351,0,0.0
Ireland,IE,2021-15,TESSy,2563,110,4.3,Yes,P.1,0,0.0
Ireland,IE,2021-15,TESSy,2563,110,4.3,Yes,Other,10,9.1
Ireland,IE,2021-16,TESSy,3125,0,0.0,Yes,B.1.1.7,0,
Ireland,IE,2021-16,TESSy,3125,0,0.0,Yes,B.1.351,0,
Ireland,IE,2021-16,TESSy,3125,0,0.0,Yes,P.1,0,
Ireland,IE,2021-16,TESSy,3125,0,0.0,Yes,Other,0,
Italy,IT,2020-40,GISAID,15459,40,0.3,Yes,B.1.1.7,0,0.0
Italy,IT,2020-40,GISAID,15459,40,0.3,Yes,B.1.351,0,0.0
Italy,IT,2020-40,GISAID,15459,40,0.3,Yes,P.1,0,0.0
Italy,IT,2020-40,GISAID,15459,40,0.3,Yes,Other,40,100.0
Italy,IT,2020-41,GISAID,29621,38,0.1,Yes,B.1.1.7,0,0.0
Italy,IT,2020-41,GISAID,29621,38,0.1,Yes,B.1.351,0,0.0
Italy,IT,2020-41,GISAID,29621,38,0.1,Yes,P.1,0,0.0
Italy,IT,2020-41,GISAID,29621,38,0.1,Yes,Other,38,100.0
Italy,IT,2020-42,GISAID,59291,63,0.1,Yes,B.1.1.7,0,0.0
Italy,IT,2020-42,GISAID,59291,63,0.1,Yes,B.1.351,0,0.0
Italy,IT,2020-42,GISAID,59291,63,0.1,Yes,P.1,0,0.0
Italy,IT,2020-42,GISAID,59291,63,0.1,Yes,Other,63,100.0
Italy,IT,2020-43,GISAID,111541,51,0.0,Yes,B.1.1.7,0,0.0
Italy,IT,2020-43,GISAID,111541,51,0.0,Yes,B.1.351,0,0.0
Italy,IT,2020-43,GISAID,111541,51,0.0,Yes,P.1,0,0.0
Italy,IT,2020-43,GISAID,111541,51,0.0,Yes,Other,51,100.0
Italy,IT,2020-44,GISAID,183553,251,0.1,Yes,B.1.1.7,0,0.0
Italy,IT,2020-44,GISAID,183553,251,0.1,Yes,B.1.351,0,0.0
Italy,IT,2020-44,GISAID,183553,251,0.1,Yes,P.1,0,0.0
Italy,IT,2020-44,GISAID,183553,251,0.1,Yes,Other,251,100.0
Italy,IT,2020-45,GISAID,225769,113,0.1,Yes,B.1.1.7,0,0.0
Italy,IT,2020-45,GISAID,225769,113,0.1,Yes,B.1.351,0,0.0
Italy,IT,2020-45,GISAID,225769,113,0.1,Yes,P.1,0,0.0
Italy,IT,2020-45,GISAID,225769,113,0.1,Yes,Other,113,100.0
Italy,IT,2020-46,GISAID,243425,67,0.0,Yes,B.1.1.7,0,0.0
Italy,IT,2020-46,GISAID,243425,67,0.0,Yes,B.1.351,0,0.0
Italy,IT,2020-46,GISAID,243425,67,0.0,Yes,P.1,0,0.0
Italy,IT,2020-46,GISAID,243425,67,0.0,Yes,Other,67,100.0
Italy,IT,2020-47,GISAID,230339,78,0.0,Yes,B.1.1.7,0,0.0
Italy,IT,2020-47,GISAID,230339,78,0.0,Yes,B.1.351,0,0.0
Italy,IT,2020-47,GISAID,230339,78,0.0,Yes,P.1,0,0.0
Italy,IT,2020-47,GISAID,230339,78,0.0,Yes,Other,78,100.0
Italy,IT,2020-48,GISAID,176310,132,0.1,Yes,B.1.1.7,0,0.0
Italy,IT,2020-48,GISAID,176310,132,0.1,Yes,B.1.351,0,0.0
Italy,IT,2020-48,GISAID,176310,132,0.1,Yes,P.1,0,0.0
Italy,IT,2020-48,GISAID,176310,132,0.1,Yes,Other,132,100.0
Italy,IT,2020-49,GISAID,143700,61,0.0,Yes,B.1.1.7,0,0.0
Italy,IT,2020-49,GISAID,143700,61,0.0,Yes,B.1.351,0,0.0
Italy,IT,2020-49,GISAID,143700,61,0.0,Yes,P.1,0,0.0
Italy,IT,2020-49,GISAID,143700,61,0.0,Yes,Other,61,100.0
Italy,IT,2020-50,GISAID,114834,160,0.1,Yes,B.1.1.7,0,0.0
Italy,IT,2020-50,GISAID,114834,160,0.1,Yes,B.1.351,0,0.0
Italy,IT,2020-50,GISAID,114834,160,0.1,Yes,P.1,0,0.0
Italy,IT,2020-50,GISAID,114834,160,0.1,Yes,Other,160,100.0
Italy,IT,2020-51,GISAID,109473,451,0.4,Yes,B.1.1.7,13,2.9
Italy,IT,2020-51,GISAID,109473,451,0.4,Yes,B.1.351,0,0.0
Italy,IT,2020-51,GISAID,109473,451,0.4,Yes,P.1,0,0.0
Italy,IT,2020-51,GISAID,109473,451,0.4,Yes,Other,438,97.1
Italy,IT,2020-52,GISAID,94511,341,0.4,Yes,B.1.1.7,43,12.6
Italy,IT,2020-52,GISAID,94511,341,0.4,Yes,B.1.351,0,0.0
Italy,IT,2020-52,GISAID,94511,341,0.4,Yes,P.1,0,0.0
Italy,IT,2020-52,GISAID,94511,341,0.4,Yes,Other,298,87.4
Italy,IT,2020-53,GISAID,107750,287,0.3,Yes,B.1.1.7,88,30.7
Italy,IT,2020-53,GISAID,107750,287,0.3,Yes,B.1.351,0,0.0
Italy,IT,2020-53,GISAID,107750,287,0.3,Yes,P.1,0,0.0
Italy,IT,2020-53,GISAID,107750,287,0.3,Yes,Other,199,69.3
Italy,IT,2021-01,GISAID,121045,269,0.2,Yes,B.1.1.7,62,23.0
Italy,IT,2021-01,GISAID,121045,269,0.2,Yes,B.1.351,0,0.0
Italy,IT,2021-01,GISAID,121045,269,0.2,Yes,P.1,2,0.7
Italy,IT,2021-01,GISAID,121045,269,0.2,Yes,Other,205,76.2
Italy,IT,2021-02,GISAID,104786,467,0.4,Yes,B.1.1.7,19,4.1
Italy,IT,2021-02,GISAID,104786,467,0.4,Yes,B.1.351,0,0.0
Italy,IT,2021-02,GISAID,104786,467,0.4,Yes,P.1,1,0.2
Italy,IT,2021-02,GISAID,104786,467,0.4,Yes,Other,447,95.7
Italy,IT,2021-03,GISAID,85536,391,0.5,Yes,B.1.1.7,118,30.2
Italy,IT,2021-03,GISAID,85536,391,0.5,Yes,B.1.351,0,0.0
Italy,IT,2021-03,GISAID,85536,391,0.5,Yes,P.1,5,1.3
Italy,IT,2021-03,GISAID,85536,391,0.5,Yes,Other,268,68.5
Italy,IT,2021-04,GISAID,86219,53,0.1,Yes,B.1.1.7,17,32.1
Italy,IT,2021-04,GISAID,86219,53,0.1,Yes,B.1.351,3,5.7
Italy,IT,2021-04,GISAID,86219,53,0.1,Yes,P.1,2,3.8
Italy,IT,2021-04,GISAID,86219,53,0.1,Yes,Other,31,58.5
Italy,IT,2021-05,GISAID,83706,737,0.9,Yes,B.1.1.7,395,53.6
Italy,IT,2021-05,GISAID,83706,737,0.9,Yes,B.1.351,0,0.0
Italy,IT,2021-05,GISAID,83706,737,0.9,Yes,P.1,39,5.3
Italy,IT,2021-05,GISAID,83706,737,0.9,Yes,Other,303,41.1
Italy,IT,2021-06,GISAID,85141,973,1.1,Yes,B.1.1.7,377,38.7
Italy,IT,2021-06,GISAID,85141,973,1.1,Yes,B.1.351,5,0.5
Italy,IT,2021-06,GISAID,85141,973,1.1,Yes,P.1,30,3.1
Italy,IT,2021-06,GISAID,85141,973,1.1,Yes,Other,561,57.7
Italy,IT,2021-07,GISAID,87367,1711,2.0,Yes,B.1.1.7,779,45.5
Italy,IT,2021-07,GISAID,87367,1711,2.0,Yes,B.1.351,6,0.4
Italy,IT,2021-07,GISAID,87367,1711,2.0,Yes,P.1,77,4.5
Italy,IT,2021-07,GISAID,87367,1711,2.0,Yes,Other,849,49.6
Italy,IT,2021-08,GISAID,116019,1739,1.5,Yes,B.1.1.7,1074,61.8
Italy,IT,2021-08,GISAID,116019,1739,1.5,Yes,B.1.351,3,0.2
Italy,IT,2021-08,GISAID,116019,1739,1.5,Yes,P.1,44,2.5
Italy,IT,2021-08,GISAID,116019,1739,1.5,Yes,Other,618,35.5
Italy,IT,2021-09,GISAID,142221,2027,1.4,Yes,B.1.1.7,1492,73.6
Italy,IT,2021-09,GISAID,142221,2027,1.4,Yes,B.1.351,1,0.0
Italy,IT,2021-09,GISAID,142221,2027,1.4,Yes,P.1,85,4.2
Italy,IT,2021-09,GISAID,142221,2027,1.4,Yes,Other,449,22.2
Italy,IT,2021-10,GISAID,155656,2367,1.5,Yes,B.1.1.7,1878,79.3
Italy,IT,2021-10,GISAID,155656,2367,1.5,Yes,B.1.351,4,0.2
Italy,IT,2021-10,GISAID,155656,2367,1.5,Yes,P.1,71,3.0
Italy,IT,2021-10,GISAID,155656,2367,1.5,Yes,Other,414,17.5
Italy,IT,2021-11,GISAID,153234,2366,1.5,Yes,B.1.1.7,1977,83.6
Italy,IT,2021-11,GISAID,153234,2366,1.5,Yes,B.1.351,9,0.4
Italy,IT,2021-11,GISAID,153234,2366,1.5,Yes,P.1,68,2.9
Italy,IT,2021-11,GISAID,153234,2366,1.5,Yes,Other,312,13.2
Italy,IT,2021-12,GISAID,155681,1178,0.8,Yes,B.1.1.7,1017,86.3
Italy,IT,2021-12,GISAID,155681,1178,0.8,Yes,B.1.351,3,0.3
Italy,IT,2021-12,GISAID,155681,1178,0.8,Yes,P.1,42,3.6
Italy,IT,2021-12,GISAID,155681,1178,0.8,Yes,Other,116,9.8
Italy,IT,2021-13,GISAID,136207,1358,1.0,Yes,B.1.1.7,1235,90.9
Italy,IT,2021-13,GISAID,136207,1358,1.0,Yes,B.1.351,1,0.1
Italy,IT,2021-13,GISAID,136207,1358,1.0,Yes,P.1,44,3.2
Italy,IT,2021-13,GISAID,136207,1358,1.0,Yes,Other,78,5.7
Italy,IT,2021-14,GISAID,101550,637,0.6,Yes,B.1.1.7,562,88.2
Italy,IT,2021-14,GISAID,101550,637,0.6,Yes,B.1.351,2,0.3
Italy,IT,2021-14,GISAID,101550,637,0.6,Yes,P.1,33,5.2
Italy,IT,2021-14,GISAID,101550,637,0.6,Yes,Other,40,6.3
Italy,IT,2021-15,GISAID,100317,220,0.2,Yes,B.1.1.7,206,93.6
Italy,IT,2021-15,GISAID,100317,220,0.2,Yes,B.1.351,0,0.0
Italy,IT,2021-15,GISAID,100317,220,0.2,Yes,P.1,9,4.1
Italy,IT,2021-15,GISAID,100317,220,0.2,Yes,Other,5,2.3
Italy,IT,2021-16,GISAID,92543,16,0.0,Yes,B.1.1.7,9,56.2
Italy,IT,2021-16,GISAID,92543,16,0.0,Yes,B.1.351,0,0.0
Italy,IT,2021-16,GISAID,92543,16,0.0,Yes,P.1,1,6.2
Italy,IT,2021-16,GISAID,92543,16,0.0,Yes,Other,6,37.5
Italy,IT,2020-40,TESSy,15459,1,0.0,No,P.1,1,
Italy,IT,2020-41,TESSy,29621,6,0.0,No,B.1.1.7,4,
Italy,IT,2020-41,TESSy,29621,6,0.0,No,P.1,2,
Italy,IT,2020-42,TESSy,59291,16,0.0,No,B.1.1.7,10,
Italy,IT,2020-42,TESSy,59291,16,0.0,No,P.1,6,
Italy,IT,2020-43,TESSy,111541,15,0.0,No,B.1.1.7,10,
Italy,IT,2020-43,TESSy,111541,15,0.0,No,B.1.351,1,
Italy,IT,2020-43,TESSy,111541,15,0.0,No,P.1,4,
Italy,IT,2020-44,TESSy,183553,11,0.0,No,B.1.1.7,9,
Italy,IT,2020-44,TESSy,183553,11,0.0,No,P.1,2,
Italy,IT,2020-45,TESSy,225769,9,0.0,No,B.1.1.7,6,
Italy,IT,2020-45,TESSy,225769,9,0.0,No,P.1,3,
Italy,IT,2020-46,TESSy,243425,13,0.0,No,B.1.1.7,11,
Italy,IT,2020-46,TESSy,243425,13,0.0,No,P.1,2,
Italy,IT,2020-47,TESSy,230339,8,0.0,No,B.1.1.7,8,
Italy,IT,2020-48,TESSy,176310,11,0.0,No,B.1.1.7,8,
Italy,IT,2020-48,TESSy,176310,11,0.0,No,P.1,3,
Italy,IT,2020-49,TESSy,143700,11,0.0,No,B.1.1.7,10,
Italy,IT,2020-49,TESSy,143700,11,0.0,No,P.1,1,
Italy,IT,2020-50,TESSy,114834,2,0.0,No,B.1.1.7,2,
Italy,IT,2020-51,TESSy,109473,22,0.0,No,B.1.1.7,22,
Italy,IT,2020-52,TESSy,94511,58,0.1,No,B.1.1.7,57,
Italy,IT,2020-52,TESSy,94511,58,0.1,No,P.1,1,
Italy,IT,2020-53,TESSy,107750,107,0.1,No,B.1.1.7,107,
Italy,IT,2021-01,TESSy,121045,111,0.1,No,B.1.1.7,106,
Italy,IT,2021-01,TESSy,121045,111,0.1,No,P.1,5,
Italy,IT,2021-02,TESSy,104786,86,0.1,No,B.1.1.7,83,
Italy,IT,2021-02,TESSy,104786,86,0.1,No,P.1,3,
Italy,IT,2021-03,TESSy,85536,196,0.2,No,B.1.1.7,178,
Italy,IT,2021-03,TESSy,85536,196,0.2,No,P.1,18,
Italy,IT,2021-04,TESSy,86219,177,0.2,No,B.1.1.7,155,
Italy,IT,2021-04,TESSy,86219,177,0.2,No,B.1.351,5,
Italy,IT,2021-04,TESSy,86219,177,0.2,No,P.1,17,
Italy,IT,2021-05,TESSy,83706,876,1.0,No,B.1.1.7,801,
Italy,IT,2021-05,TESSy,83706,876,1.0,No,B.1.351,10,
Italy,IT,2021-05,TESSy,83706,876,1.0,No,P.1,65,
Italy,IT,2021-06,TESSy,85141,900,1.1,No,B.1.1.7,733,
Italy,IT,2021-06,TESSy,85141,900,1.1,No,B.1.351,23,
Italy,IT,2021-06,TESSy,85141,900,1.1,No,P.1,144,
Italy,IT,2021-07,TESSy,87367,1328,1.5,No,B.1.1.7,1192,
Italy,IT,2021-07,TESSy,87367,1328,1.5,No,B.1.351,27,
Italy,IT,2021-07,TESSy,87367,1328,1.5,No,P.1,109,
Italy,IT,2021-08,TESSy,116019,1029,0.9,No,B.1.1.7,933,
Italy,IT,2021-08,TESSy,116019,1029,0.9,No,B.1.351,30,
Italy,IT,2021-08,TESSy,116019,1029,0.9,No,P.1,66,
Italy,IT,2021-09,TESSy,142221,1177,0.8,No,B.1.1.7,1089,
Italy,IT,2021-09,TESSy,142221,1177,0.8,No,B.1.351,11,
Italy,IT,2021-09,TESSy,142221,1177,0.8,No,P.1,77,
Italy,IT,2021-10,TESSy,155656,1181,0.8,No,B.1.1.7,1103,
Italy,IT,2021-10,TESSy,155656,1181,0.8,No,B.1.351,18,
Italy,IT,2021-10,TESSy,155656,1181,0.8,No,P.1,60,
Italy,IT,2021-11,TESSy,153234,1534,1.0,No,B.1.1.7,1381,
Italy,IT,2021-11,TESSy,153234,1534,1.0,No,B.1.351,14,
Italy,IT,2021-11,TESSy,153234,1534,1.0,No,P.1,139,
Italy,IT,2021-12,TESSy,155681,789,0.5,No,B.1.1.7,702,
Italy,IT,2021-12,TESSy,155681,789,0.5,No,B.1.351,3,
Italy,IT,2021-12,TESSy,155681,789,0.5,No,P.1,84,
Italy,IT,2021-13,TESSy,136207,662,0.5,No,B.1.1.7,593,
Italy,IT,2021-13,TESSy,136207,662,0.5,No,B.1.351,5,
Italy,IT,2021-13,TESSy,136207,662,0.5,No,P.1,64,
Italy,IT,2021-14,TESSy,101550,351,0.3,No,B.1.1.7,299,
Italy,IT,2021-14,TESSy,101550,351,0.3,No,B.1.351,4,
Italy,IT,2021-14,TESSy,101550,351,0.3,No,P.1,48,
Italy,IT,2021-15,TESSy,100317,181,0.2,No,B.1.1.7,166,
Italy,IT,2021-15,TESSy,100317,181,0.2,No,P.1,15,
Italy,IT,2021-16,TESSy,92543,32,0.0,No,B.1.1.7,31,
Italy,IT,2021-16,TESSy,92543,32,0.0,No,P.1,1,
Latvia,LV,2020-40,GISAID,410,212,51.7,Yes,B.1.1.7,0,0.0
Latvia,LV,2020-40,GISAID,410,212,51.7,Yes,B.1.351,0,0.0
Latvia,LV,2020-40,GISAID,410,212,51.7,Yes,P.1,0,0.0
Latvia,LV,2020-40,GISAID,410,212,51.7,Yes,Other,212,100.0
Latvia,LV,2020-41,GISAID,584,85,14.6,Yes,B.1.1.7,0,0.0
Latvia,LV,2020-41,GISAID,584,85,14.6,Yes,B.1.351,0,0.0
Latvia,LV,2020-41,GISAID,584,85,14.6,Yes,P.1,0,0.0
Latvia,LV,2020-41,GISAID,584,85,14.6,Yes,Other,85,100.0
Latvia,LV,2020-42,GISAID,780,8,1.0,Yes,B.1.1.7,0,0.0
Latvia,LV,2020-42,GISAID,780,8,1.0,Yes,B.1.351,0,0.0
Latvia,LV,2020-42,GISAID,780,8,1.0,Yes,P.1,0,0.0
Latvia,LV,2020-42,GISAID,780,8,1.0,Yes,Other,8,100.0
Latvia,LV,2020-43,GISAID,1228,4,0.3,Yes,B.1.1.7,0,0.0
Latvia,LV,2020-43,GISAID,1228,4,0.3,Yes,B.1.351,0,0.0
Latvia,LV,2020-43,GISAID,1228,4,0.3,Yes,P.1,0,0.0
Latvia,LV,2020-43,GISAID,1228,4,0.3,Yes,Other,4,100.0
Latvia,LV,2020-44,GISAID,1458,1,0.1,Yes,B.1.1.7,0,0.0
Latvia,LV,2020-44,GISAID,1458,1,0.1,Yes,B.1.351,0,0.0
Latvia,LV,2020-44,GISAID,1458,1,0.1,Yes,P.1,0,0.0
Latvia,LV,2020-44,GISAID,1458,1,0.1,Yes,Other,1,100.0
Latvia,LV,2020-45,GISAID,1959,0,0.0,Yes,B.1.1.7,0,
Latvia,LV,2020-45,GISAID,1959,0,0.0,Yes,B.1.351,0,
Latvia,LV,2020-45,GISAID,1959,0,0.0,Yes,P.1,0,
Latvia,LV,2020-45,GISAID,1959,0,0.0,Yes,Other,0,
Latvia,LV,2020-46,GISAID,2452,0,0.0,Yes,B.1.1.7,0,
Latvia,LV,2020-46,GISAID,2452,0,0.0,Yes,B.1.351,0,
Latvia,LV,2020-46,GISAID,2452,0,0.0,Yes,P.1,0,
Latvia,LV,2020-46,GISAID,2452,0,0.0,Yes,Other,0,
Latvia,LV,2020-47,GISAID,2573,1,0.0,Yes,B.1.1.7,0,0.0
Latvia,LV,2020-47,GISAID,2573,1,0.0,Yes,B.1.351,0,0.0
Latvia,LV,2020-47,GISAID,2573,1,0.0,Yes,P.1,0,0.0
Latvia,LV,2020-47,GISAID,2573,1,0.0,Yes,Other,1,100.0
Latvia,LV,2020-48,GISAID,3855,0,0.0,Yes,B.1.1.7,0,
Latvia,LV,2020-48,GISAID,3855,0,0.0,Yes,B.1.351,0,
Latvia,LV,2020-48,GISAID,3855,0,0.0,Yes,P.1,0,
Latvia,LV,2020-48,GISAID,3855,0,0.0,Yes,Other,0,
Latvia,LV,2020-49,GISAID,4338,0,0.0,Yes,B.1.1.7,0,
Latvia,LV,2020-49,GISAID,4338,0,0.0,Yes,B.1.351,0,
Latvia,LV,2020-49,GISAID,4338,0,0.0,Yes,P.1,0,
Latvia,LV,2020-49,GISAID,4338,0,0.0,Yes,Other,0,
Latvia,LV,2020-50,GISAID,4362,1,0.0,Yes,B.1.1.7,0,0.0
Latvia,LV,2020-50,GISAID,4362,1,0.0,Yes,B.1.351,0,0.0
Latvia,LV,2020-50,GISAID,4362,1,0.0,Yes,P.1,0,0.0
Latvia,LV,2020-50,GISAID,4362,1,0.0,Yes,Other,1,100.0
Latvia,LV,2020-51,GISAID,5265,3,0.1,Yes,B.1.1.7,0,0.0
Latvia,LV,2020-51,GISAID,5265,3,0.1,Yes,B.1.351,0,0.0
Latvia,LV,2020-51,GISAID,5265,3,0.1,Yes,P.1,0,0.0
Latvia,LV,2020-51,GISAID,5265,3,0.1,Yes,Other,3,100.0
Latvia,LV,2020-52,GISAID,5390,0,0.0,Yes,B.1.1.7,0,
Latvia,LV,2020-52,GISAID,5390,0,0.0,Yes,B.1.351,0,
Latvia,LV,2020-52,GISAID,5390,0,0.0,Yes,P.1,0,
Latvia,LV,2020-52,GISAID,5390,0,0.0,Yes,Other,0,
Latvia,LV,2020-53,GISAID,6167,1,0.0,Yes,B.1.1.7,0,0.0
Latvia,LV,2020-53,GISAID,6167,1,0.0,Yes,B.1.351,0,0.0
Latvia,LV,2020-53,GISAID,6167,1,0.0,Yes,P.1,0,0.0
Latvia,LV,2020-53,GISAID,6167,1,0.0,Yes,Other,1,100.0
Latvia,LV,2021-01,GISAID,7071,3,0.0,Yes,B.1.1.7,0,0.0
Latvia,LV,2021-01,GISAID,7071,3,0.0,Yes,B.1.351,0,0.0
Latvia,LV,2021-01,GISAID,7071,3,0.0,Yes,P.1,0,0.0
Latvia,LV,2021-01,GISAID,7071,3,0.0,Yes,Other,3,100.0
Latvia,LV,2021-02,GISAID,6096,12,0.2,Yes,B.1.1.7,4,33.3
Latvia,LV,2021-02,GISAID,6096,12,0.2,Yes,B.1.351,0,0.0
Latvia,LV,2021-02,GISAID,6096,12,0.2,Yes,P.1,0,0.0
Latvia,LV,2021-02,GISAID,6096,12,0.2,Yes,Other,8,66.7
Latvia,LV,2021-03,GISAID,5344,70,1.3,Yes,B.1.1.7,1,1.4
Latvia,LV,2021-03,GISAID,5344,70,1.3,Yes,B.1.351,0,0.0
Latvia,LV,2021-03,GISAID,5344,70,1.3,Yes,P.1,0,0.0
Latvia,LV,2021-03,GISAID,5344,70,1.3,Yes,Other,69,98.6
Latvia,LV,2021-04,GISAID,5233,95,1.8,Yes,B.1.1.7,3,3.2
Latvia,LV,2021-04,GISAID,5233,95,1.8,Yes,B.1.351,0,0.0
Latvia,LV,2021-04,GISAID,5233,95,1.8,Yes,P.1,0,0.0
Latvia,LV,2021-04,GISAID,5233,95,1.8,Yes,Other,92,96.8
Latvia,LV,2021-05,GISAID,5559,155,2.8,Yes,B.1.1.7,7,4.5
Latvia,LV,2021-05,GISAID,5559,155,2.8,Yes,B.1.351,0,0.0
Latvia,LV,2021-05,GISAID,5559,155,2.8,Yes,P.1,0,0.0
Latvia,LV,2021-05,GISAID,5559,155,2.8,Yes,Other,148,95.5
Latvia,LV,2021-06,GISAID,4906,232,4.7,Yes,B.1.1.7,20,8.6
Latvia,LV,2021-06,GISAID,4906,232,4.7,Yes,B.1.351,0,0.0
Latvia,LV,2021-06,GISAID,4906,232,4.7,Yes,P.1,0,0.0
Latvia,LV,2021-06,GISAID,4906,232,4.7,Yes,Other,212,91.4
Latvia,LV,2021-07,GISAID,4813,192,4.0,Yes,B.1.1.7,42,21.9
Latvia,LV,2021-07,GISAID,4813,192,4.0,Yes,B.1.351,0,0.0
Latvia,LV,2021-07,GISAID,4813,192,4.0,Yes,P.1,0,0.0
Latvia,LV,2021-07,GISAID,4813,192,4.0,Yes,Other,150,78.1
Latvia,LV,2021-08,GISAID,4667,284,6.1,Yes,B.1.1.7,81,28.5
Latvia,LV,2021-08,GISAID,4667,284,6.1,Yes,B.1.351,0,0.0
Latvia,LV,2021-08,GISAID,4667,284,6.1,Yes,P.1,0,0.0
Latvia,LV,2021-08,GISAID,4667,284,6.1,Yes,Other,203,71.5
Latvia,LV,2021-09,GISAID,4145,179,4.3,Yes,B.1.1.7,78,43.6
Latvia,LV,2021-09,GISAID,4145,179,4.3,Yes,B.1.351,0,0.0
Latvia,LV,2021-09,GISAID,4145,179,4.3,Yes,P.1,0,0.0
Latvia,LV,2021-09,GISAID,4145,179,4.3,Yes,Other,101,56.4
Latvia,LV,2021-10,GISAID,3450,388,11.2,Yes,B.1.1.7,178,45.9
Latvia,LV,2021-10,GISAID,3450,388,11.2,Yes,B.1.351,1,0.3
Latvia,LV,2021-10,GISAID,3450,388,11.2,Yes,P.1,0,0.0
Latvia,LV,2021-10,GISAID,3450,388,11.2,Yes,Other,209,53.9
Latvia,LV,2021-11,GISAID,3628,405,11.2,Yes,B.1.1.7,215,53.1
Latvia,LV,2021-11,GISAID,3628,405,11.2,Yes,B.1.351,1,0.2
Latvia,LV,2021-11,GISAID,3628,405,11.2,Yes,P.1,0,0.0
Latvia,LV,2021-11,GISAID,3628,405,11.2,Yes,Other,189,46.7
Latvia,LV,2021-12,GISAID,3631,232,6.4,Yes,B.1.1.7,170,73.3
Latvia,LV,2021-12,GISAID,3631,232,6.4,Yes,B.1.351,1,0.4
Latvia,LV,2021-12,GISAID,3631,232,6.4,Yes,P.1,0,0.0
Latvia,LV,2021-12,GISAID,3631,232,6.4,Yes,Other,61,26.3
Latvia,LV,2021-13,GISAID,3065,44,1.4,Yes,B.1.1.7,36,81.8
Latvia,LV,2021-13,GISAID,3065,44,1.4,Yes,B.1.351,0,0.0
Latvia,LV,2021-13,GISAID,3065,44,1.4,Yes,P.1,0,0.0
Latvia,LV,2021-13,GISAID,3065,44,1.4,Yes,Other,8,18.2
Latvia,LV,2021-14,GISAID,3503,0,0.0,Yes,B.1.1.7,0,
Latvia,LV,2021-14,GISAID,3503,0,0.0,Yes,B.1.351,0,
Latvia,LV,2021-14,GISAID,3503,0,0.0,Yes,P.1,0,
Latvia,LV,2021-14,GISAID,3503,0,0.0,Yes,Other,0,
Latvia,LV,2021-15,GISAID,3726,0,0.0,Yes,B.1.1.7,0,
Latvia,LV,2021-15,GISAID,3726,0,0.0,Yes,B.1.351,0,
Latvia,LV,2021-15,GISAID,3726,0,0.0,Yes,P.1,0,
Latvia,LV,2021-15,GISAID,3726,0,0.0,Yes,Other,0,
Latvia,LV,2021-16,GISAID,3982,0,0.0,Yes,B.1.1.7,0,
Latvia,LV,2021-16,GISAID,3982,0,0.0,Yes,B.1.351,0,
Latvia,LV,2021-16,GISAID,3982,0,0.0,Yes,P.1,0,
Latvia,LV,2021-16,GISAID,3982,0,0.0,Yes,Other,0,
Latvia,LV,2021-01,TESSy,7071,40,0.6,Yes,B.1.1.7,5,12.5
Latvia,LV,2021-01,TESSy,7071,40,0.6,Yes,B.1.351,0,0.0
Latvia,LV,2021-01,TESSy,7071,40,0.6,Yes,P.1,0,0.0
Latvia,LV,2021-01,TESSy,7071,40,0.6,Yes,Other,35,87.5
Latvia,LV,2021-02,TESSy,6096,113,1.9,Yes,B.1.1.7,2,1.8
Latvia,LV,2021-02,TESSy,6096,113,1.9,Yes,B.1.351,0,0.0
Latvia,LV,2021-02,TESSy,6096,113,1.9,Yes,P.1,0,0.0
Latvia,LV,2021-02,TESSy,6096,113,1.9,Yes,Other,111,98.2
Latvia,LV,2021-03,TESSy,5344,68,1.3,Yes,B.1.1.7,3,4.4
Latvia,LV,2021-03,TESSy,5344,68,1.3,Yes,B.1.351,0,0.0
Latvia,LV,2021-03,TESSy,5344,68,1.3,Yes,P.1,0,0.0
Latvia,LV,2021-03,TESSy,5344,68,1.3,Yes,Other,65,95.6
Latvia,LV,2021-04,TESSy,5233,63,1.2,Yes,B.1.1.7,2,3.2
Latvia,LV,2021-04,TESSy,5233,63,1.2,Yes,B.1.351,0,0.0
Latvia,LV,2021-04,TESSy,5233,63,1.2,Yes,P.1,0,0.0
Latvia,LV,2021-04,TESSy,5233,63,1.2,Yes,Other,61,96.8
Latvia,LV,2021-05,TESSy,5559,113,2.0,Yes,B.1.1.7,6,5.3
Latvia,LV,2021-05,TESSy,5559,113,2.0,Yes,B.1.351,0,0.0
Latvia,LV,2021-05,TESSy,5559,113,2.0,Yes,P.1,0,0.0
Latvia,LV,2021-05,TESSy,5559,113,2.0,Yes,Other,107,94.7
Latvia,LV,2021-06,TESSy,4906,19,0.4,Yes,B.1.1.7,2,10.5
Latvia,LV,2021-06,TESSy,4906,19,0.4,Yes,B.1.351,0,0.0
Latvia,LV,2021-06,TESSy,4906,19,0.4,Yes,P.1,0,0.0
Latvia,LV,2021-06,TESSy,4906,19,0.4,Yes,Other,17,89.5
Latvia,LV,2021-07,TESSy,4813,96,2.0,Yes,B.1.1.7,8,8.3
Latvia,LV,2021-07,TESSy,4813,96,2.0,Yes,B.1.351,0,0.0
Latvia,LV,2021-07,TESSy,4813,96,2.0,Yes,P.1,0,0.0
Latvia,LV,2021-07,TESSy,4813,96,2.0,Yes,Other,88,91.7
Latvia,LV,2021-08,TESSy,4667,192,4.1,Yes,B.1.1.7,36,18.8
Latvia,LV,2021-08,TESSy,4667,192,4.1,Yes,B.1.351,0,0.0
Latvia,LV,2021-08,TESSy,4667,192,4.1,Yes,P.1,0,0.0
Latvia,LV,2021-08,TESSy,4667,192,4.1,Yes,Other,156,81.2
Latvia,LV,2021-09,TESSy,4145,192,4.6,Yes,B.1.1.7,110,57.3
Latvia,LV,2021-09,TESSy,4145,192,4.6,Yes,B.1.351,0,0.0
Latvia,LV,2021-09,TESSy,4145,192,4.6,Yes,P.1,0,0.0
Latvia,LV,2021-09,TESSy,4145,192,4.6,Yes,Other,82,42.7
Latvia,LV,2021-10,TESSy,3450,96,2.8,Yes,B.1.1.7,44,45.8
Latvia,LV,2021-10,TESSy,3450,96,2.8,Yes,B.1.351,0,0.0
Latvia,LV,2021-10,TESSy,3450,96,2.8,Yes,P.1,0,0.0
Latvia,LV,2021-10,TESSy,3450,96,2.8,Yes,Other,52,54.2
Latvia,LV,2021-11,TESSy,3628,96,2.6,Yes,B.1.1.7,50,52.1
Latvia,LV,2021-11,TESSy,3628,96,2.6,Yes,B.1.351,0,0.0
Latvia,LV,2021-11,TESSy,3628,96,2.6,Yes,P.1,0,0.0
Latvia,LV,2021-11,TESSy,3628,96,2.6,Yes,Other,46,47.9
Latvia,LV,2021-12,TESSy,3631,184,5.1,Yes,B.1.1.7,99,53.8
Latvia,LV,2021-12,TESSy,3631,184,5.1,Yes,B.1.351,1,0.5
Latvia,LV,2021-12,TESSy,3631,184,5.1,Yes,P.1,0,0.0
Latvia,LV,2021-12,TESSy,3631,184,5.1,Yes,Other,84,45.7
Latvia,LV,2021-13,TESSy,3065,188,6.1,Yes,B.1.1.7,138,73.4
Latvia,LV,2021-13,TESSy,3065,188,6.1,Yes,B.1.351,1,0.5
Latvia,LV,2021-13,TESSy,3065,188,6.1,Yes,P.1,0,0.0
Latvia,LV,2021-13,TESSy,3065,188,6.1,Yes,Other,49,26.1
Latvia,LV,2021-14,TESSy,3503,191,5.5,Yes,B.1.1.7,122,63.9
Latvia,LV,2021-14,TESSy,3503,191,5.5,Yes,B.1.351,0,0.0
Latvia,LV,2021-14,TESSy,3503,191,5.5,Yes,P.1,0,0.0
Latvia,LV,2021-14,TESSy,3503,191,5.5,Yes,Other,69,36.1
Latvia,LV,2021-15,TESSy,3726,379,10.2,Yes,B.1.1.7,226,59.6
Latvia,LV,2021-15,TESSy,3726,379,10.2,Yes,B.1.351,8,2.1
Latvia,LV,2021-15,TESSy,3726,379,10.2,Yes,P.1,0,0.0
Latvia,LV,2021-15,TESSy,3726,379,10.2,Yes,Other,145,38.3
Latvia,LV,2021-16,TESSy,3982,275,6.9,Yes,B.1.1.7,185,67.3
Latvia,LV,2021-16,TESSy,3982,275,6.9,Yes,B.1.351,1,0.4
Latvia,LV,2021-16,TESSy,3982,275,6.9,Yes,P.1,1,0.4
Latvia,LV,2021-16,TESSy,3982,275,6.9,Yes,Other,88,32.0
Liechtenstein,LI,2020-40,GISAID,9,0,0.0,Yes,B.1.1.7,0,
Liechtenstein,LI,2020-40,GISAID,9,0,0.0,Yes,B.1.351,0,
Liechtenstein,LI,2020-40,GISAID,9,0,0.0,Yes,P.1,0,
Liechtenstein,LI,2020-40,GISAID,9,0,0.0,Yes,Other,0,
Liechtenstein,LI,2020-41,GISAID,12,0,0.0,Yes,B.1.1.7,0,
Liechtenstein,LI,2020-41,GISAID,12,0,0.0,Yes,B.1.351,0,
Liechtenstein,LI,2020-41,GISAID,12,0,0.0,Yes,P.1,0,
Liechtenstein,LI,2020-41,GISAID,12,0,0.0,Yes,Other,0,
Liechtenstein,LI,2020-42,GISAID,86,0,0.0,Yes,B.1.1.7,0,
Liechtenstein,LI,2020-42,GISAID,86,0,0.0,Yes,B.1.351,0,
Liechtenstein,LI,2020-42,GISAID,86,0,0.0,Yes,P.1,0,
Liechtenstein,LI,2020-42,GISAID,86,0,0.0,Yes,Other,0,
Liechtenstein,LI,2020-43,GISAID,141,3,2.1,Yes,B.1.1.7,0,0.0
Liechtenstein,LI,2020-43,GISAID,141,3,2.1,Yes,B.1.351,0,0.0
Liechtenstein,LI,2020-43,GISAID,141,3,2.1,Yes,P.1,0,0.0
Liechtenstein,LI,2020-43,GISAID,141,3,2.1,Yes,Other,3,100.0
Liechtenstein,LI,2020-44,GISAID,186,0,0.0,Yes,B.1.1.7,0,
Liechtenstein,LI,2020-44,GISAID,186,0,0.0,Yes,B.1.351,0,
Liechtenstein,LI,2020-44,GISAID,186,0,0.0,Yes,P.1,0,
Liechtenstein,LI,2020-44,GISAID,186,0,0.0,Yes,Other,0,
Liechtenstein,LI,2020-45,GISAID,237,0,0.0,Yes,B.1.1.7,0,
Liechtenstein,LI,2020-45,GISAID,237,0,0.0,Yes,B.1.351,0,
Liechtenstein,LI,2020-45,GISAID,237,0,0.0,Yes,P.1,0,
Liechtenstein,LI,2020-45,GISAID,237,0,0.0,Yes,Other,0,
Liechtenstein,LI,2020-46,GISAID,197,0,0.0,Yes,B.1.1.7,0,
Liechtenstein,LI,2020-46,GISAID,197,0,0.0,Yes,B.1.351,0,
Liechtenstein,LI,2020-46,GISAID,197,0,0.0,Yes,P.1,0,
Liechtenstein,LI,2020-46,GISAID,197,0,0.0,Yes,Other,0,
Liechtenstein,LI,2020-47,GISAID,127,1,0.8,Yes,B.1.1.7,0,0.0
Liechtenstein,LI,2020-47,GISAID,127,1,0.8,Yes,B.1.351,0,0.0
Liechtenstein,LI,2020-47,GISAID,127,1,0.8,Yes,P.1,0,0.0
Liechtenstein,LI,2020-47,GISAID,127,1,0.8,Yes,Other,1,100.0
Liechtenstein,LI,2020-48,GISAID,161,0,0.0,Yes,B.1.1.7,0,
Liechtenstein,LI,2020-48,GISAID,161,0,0.0,Yes,B.1.351,0,
Liechtenstein,LI,2020-48,GISAID,161,0,0.0,Yes,P.1,0,
Liechtenstein,LI,2020-48,GISAID,161,0,0.0,Yes,Other,0,
Liechtenstein,LI,2020-49,GISAID,123,2,1.6,Yes,B.1.1.7,0,0.0
Liechtenstein,LI,2020-49,GISAID,123,2,1.6,Yes,B.1.351,0,0.0
Liechtenstein,LI,2020-49,GISAID,123,2,1.6,Yes,P.1,0,0.0
Liechtenstein,LI,2020-49,GISAID,123,2,1.6,Yes,Other,2,100.0
Liechtenstein,LI,2020-50,GISAID,118,2,1.7,Yes,B.1.1.7,0,0.0
Liechtenstein,LI,2020-50,GISAID,118,2,1.7,Yes,B.1.351,0,0.0
Liechtenstein,LI,2020-50,GISAID,118,2,1.7,Yes,P.1,0,0.0
Liechtenstein,LI,2020-50,GISAID,118,2,1.7,Yes,Other,2,100.0
Liechtenstein,LI,2020-51,GISAID,315,10,3.2,Yes,B.1.1.7,0,0.0
Liechtenstein,LI,2020-51,GISAID,315,10,3.2,Yes,B.1.351,0,0.0
Liechtenstein,LI,2020-51,GISAID,315,10,3.2,Yes,P.1,0,0.0
Liechtenstein,LI,2020-51,GISAID,315,10,3.2,Yes,Other,10,100.0
Liechtenstein,LI,2020-52,GISAID,263,5,1.9,Yes,B.1.1.7,0,0.0
Liechtenstein,LI,2020-52,GISAID,263,5,1.9,Yes,B.1.351,0,0.0
Liechtenstein,LI,2020-52,GISAID,263,5,1.9,Yes,P.1,0,0.0
Liechtenstein,LI,2020-52,GISAID,263,5,1.9,Yes,Other,5,100.0
Liechtenstein,LI,2020-53,GISAID,130,10,7.7,Yes,B.1.1.7,0,0.0
Liechtenstein,LI,2020-53,GISAID,130,10,7.7,Yes,B.1.351,0,0.0
Liechtenstein,LI,2020-53,GISAID,130,10,7.7,Yes,P.1,0,0.0
Liechtenstein,LI,2020-53,GISAID,130,10,7.7,Yes,Other,10,100.0
Liechtenstein,LI,2021-01,GISAID,124,0,0.0,Yes,B.1.1.7,0,
Liechtenstein,LI,2021-01,GISAID,124,0,0.0,Yes,B.1.351,0,
Liechtenstein,LI,2021-01,GISAID,124,0,0.0,Yes,P.1,0,
Liechtenstein,LI,2021-01,GISAID,124,0,0.0,Yes,Other,0,
Liechtenstein,LI,2021-02,GISAID,49,1,2.0,Yes,B.1.1.7,0,0.0
Liechtenstein,LI,2021-02,GISAID,49,1,2.0,Yes,B.1.351,0,0.0
Liechtenstein,LI,2021-02,GISAID,49,1,2.0,Yes,P.1,0,0.0
Liechtenstein,LI,2021-02,GISAID,49,1,2.0,Yes,Other,1,100.0
Liechtenstein,LI,2021-03,GISAID,59,1,1.7,Yes,B.1.1.7,0,0.0
Liechtenstein,LI,2021-03,GISAID,59,1,1.7,Yes,B.1.351,0,0.0
Liechtenstein,LI,2021-03,GISAID,59,1,1.7,Yes,P.1,0,0.0
Liechtenstein,LI,2021-03,GISAID,59,1,1.7,Yes,Other,1,100.0
Liechtenstein,LI,2021-04,GISAID,43,1,2.3,Yes,B.1.1.7,0,0.0
Liechtenstein,LI,2021-04,GISAID,43,1,2.3,Yes,B.1.351,0,0.0
Liechtenstein,LI,2021-04,GISAID,43,1,2.3,Yes,P.1,0,0.0
Liechtenstein,LI,2021-04,GISAID,43,1,2.3,Yes,Other,1,100.0
Liechtenstein,LI,2021-05,GISAID,29,2,6.9,Yes,B.1.1.7,0,0.0
Liechtenstein,LI,2021-05,GISAID,29,2,6.9,Yes,B.1.351,0,0.0
Liechtenstein,LI,2021-05,GISAID,29,2,6.9,Yes,P.1,0,0.0
Liechtenstein,LI,2021-05,GISAID,29,2,6.9,Yes,Other,2,100.0
Liechtenstein,LI,2021-06,GISAID,14,1,7.1,Yes,B.1.1.7,0,0.0
Liechtenstein,LI,2021-06,GISAID,14,1,7.1,Yes,B.1.351,0,0.0
Liechtenstein,LI,2021-06,GISAID,14,1,7.1,Yes,P.1,0,0.0
Liechtenstein,LI,2021-06,GISAID,14,1,7.1,Yes,Other,1,100.0
Liechtenstein,LI,2021-07,GISAID,10,0,0.0,Yes,B.1.1.7,0,
Liechtenstein,LI,2021-07,GISAID,10,0,0.0,Yes,B.1.351,0,
Liechtenstein,LI,2021-07,GISAID,10,0,0.0,Yes,P.1,0,
Liechtenstein,LI,2021-07,GISAID,10,0,0.0,Yes,Other,0,
Liechtenstein,LI,2021-08,GISAID,26,2,7.7,Yes,B.1.1.7,2,100.0
Liechtenstein,LI,2021-08,GISAID,26,2,7.7,Yes,B.1.351,0,0.0
Liechtenstein,LI,2021-08,GISAID,26,2,7.7,Yes,P.1,0,0.0
Liechtenstein,LI,2021-08,GISAID,26,2,7.7,Yes,Other,0,0.0
Liechtenstein,LI,2021-09,GISAID,18,1,5.6,Yes,B.1.1.7,1,100.0
Liechtenstein,LI,2021-09,GISAID,18,1,5.6,Yes,B.1.351,0,0.0
Liechtenstein,LI,2021-09,GISAID,18,1,5.6,Yes,P.1,0,0.0
Liechtenstein,LI,2021-09,GISAID,18,1,5.6,Yes,Other,0,0.0
Liechtenstein,LI,2021-10,GISAID,21,0,0.0,Yes,B.1.1.7,0,
Liechtenstein,LI,2021-10,GISAID,21,0,0.0,Yes,B.1.351,0,
Liechtenstein,LI,2021-10,GISAID,21,0,0.0,Yes,P.1,0,
Liechtenstein,LI,2021-10,GISAID,21,0,0.0,Yes,Other,0,
Liechtenstein,LI,2021-11,GISAID,19,0,0.0,Yes,B.1.1.7,0,
Liechtenstein,LI,2021-11,GISAID,19,0,0.0,Yes,B.1.351,0,
Liechtenstein,LI,2021-11,GISAID,19,0,0.0,Yes,P.1,0,
Liechtenstein,LI,2021-11,GISAID,19,0,0.0,Yes,Other,0,
Liechtenstein,LI,2021-12,GISAID,30,0,0.0,Yes,B.1.1.7,0,
Liechtenstein,LI,2021-12,GISAID,30,0,0.0,Yes,B.1.351,0,
Liechtenstein,LI,2021-12,GISAID,30,0,0.0,Yes,P.1,0,
Liechtenstein,LI,2021-12,GISAID,30,0,0.0,Yes,Other,0,
Liechtenstein,LI,2021-13,GISAID,33,0,0.0,Yes,B.1.1.7,0,
Liechtenstein,LI,2021-13,GISAID,33,0,0.0,Yes,B.1.351,0,
Liechtenstein,LI,2021-13,GISAID,33,0,0.0,Yes,P.1,0,
Liechtenstein,LI,2021-13,GISAID,33,0,0.0,Yes,Other,0,
Liechtenstein,LI,2021-14,GISAID,71,0,0.0,Yes,B.1.1.7,0,
Liechtenstein,LI,2021-14,GISAID,71,0,0.0,Yes,B.1.351,0,
Liechtenstein,LI,2021-14,GISAID,71,0,0.0,Yes,P.1,0,
Liechtenstein,LI,2021-14,GISAID,71,0,0.0,Yes,Other,0,
Liechtenstein,LI,2021-15,GISAID,68,0,0.0,Yes,B.1.1.7,0,
Liechtenstein,LI,2021-15,GISAID,68,0,0.0,Yes,B.1.351,0,
Liechtenstein,LI,2021-15,GISAID,68,0,0.0,Yes,P.1,0,
Liechtenstein,LI,2021-15,GISAID,68,0,0.0,Yes,Other,0,
Liechtenstein,LI,2021-16,GISAID,67,0,0.0,Yes,B.1.1.7,0,
Liechtenstein,LI,2021-16,GISAID,67,0,0.0,Yes,B.1.351,0,
Liechtenstein,LI,2021-16,GISAID,67,0,0.0,Yes,P.1,0,
Liechtenstein,LI,2021-16,GISAID,67,0,0.0,Yes,Other,0,
Lithuania,LT,2020-40,GISAID,800,3,0.4,Yes,B.1.1.7,0,0.0
Lithuania,LT,2020-40,GISAID,800,3,0.4,Yes,B.1.351,0,0.0
Lithuania,LT,2020-40,GISAID,800,3,0.4,Yes,P.1,0,0.0
Lithuania,LT,2020-40,GISAID,800,3,0.4,Yes,Other,3,100.0
Lithuania,LT,2020-41,GISAID,937,1,0.1,Yes,B.1.1.7,0,0.0
Lithuania,LT,2020-41,GISAID,937,1,0.1,Yes,B.1.351,0,0.0
Lithuania,LT,2020-41,GISAID,937,1,0.1,Yes,P.1,0,0.0
Lithuania,LT,2020-41,GISAID,937,1,0.1,Yes,Other,1,100.0
Lithuania,LT,2020-42,GISAID,1399,2,0.1,Yes,B.1.1.7,0,0.0
Lithuania,LT,2020-42,GISAID,1399,2,0.1,Yes,B.1.351,0,0.0
Lithuania,LT,2020-42,GISAID,1399,2,0.1,Yes,P.1,0,0.0
Lithuania,LT,2020-42,GISAID,1399,2,0.1,Yes,Other,2,100.0
Lithuania,LT,2020-43,GISAID,2663,0,0.0,Yes,B.1.1.7,0,
Lithuania,LT,2020-43,GISAID,2663,0,0.0,Yes,B.1.351,0,
Lithuania,LT,2020-43,GISAID,2663,0,0.0,Yes,P.1,0,
Lithuania,LT,2020-43,GISAID,2663,0,0.0,Yes,Other,0,
Lithuania,LT,2020-44,GISAID,5535,2,0.0,Yes,B.1.1.7,0,0.0
Lithuania,LT,2020-44,GISAID,5535,2,0.0,Yes,B.1.351,0,0.0
Lithuania,LT,2020-44,GISAID,5535,2,0.0,Yes,P.1,0,0.0
Lithuania,LT,2020-44,GISAID,5535,2,0.0,Yes,Other,2,100.0
Lithuania,LT,2020-45,GISAID,8980,1,0.0,Yes,B.1.1.7,0,0.0
Lithuania,LT,2020-45,GISAID,8980,1,0.0,Yes,B.1.351,0,0.0
Lithuania,LT,2020-45,GISAID,8980,1,0.0,Yes,P.1,0,0.0
Lithuania,LT,2020-45,GISAID,8980,1,0.0,Yes,Other,1,100.0
Lithuania,LT,2020-46,GISAID,10059,8,0.1,Yes,B.1.1.7,0,0.0
Lithuania,LT,2020-46,GISAID,10059,8,0.1,Yes,B.1.351,0,0.0
Lithuania,LT,2020-46,GISAID,10059,8,0.1,Yes,P.1,0,0.0
Lithuania,LT,2020-46,GISAID,10059,8,0.1,Yes,Other,8,100.0
Lithuania,LT,2020-47,GISAID,12289,9,0.1,Yes,B.1.1.7,0,0.0
Lithuania,LT,2020-47,GISAID,12289,9,0.1,Yes,B.1.351,0,0.0
Lithuania,LT,2020-47,GISAID,12289,9,0.1,Yes,P.1,0,0.0
Lithuania,LT,2020-47,GISAID,12289,9,0.1,Yes,Other,9,100.0
Lithuania,LT,2020-48,GISAID,14278,18,0.1,Yes,B.1.1.7,0,0.0
Lithuania,LT,2020-48,GISAID,14278,18,0.1,Yes,B.1.351,0,0.0
Lithuania,LT,2020-48,GISAID,14278,18,0.1,Yes,P.1,0,0.0
Lithuania,LT,2020-48,GISAID,14278,18,0.1,Yes,Other,18,100.0
Lithuania,LT,2020-49,GISAID,14711,181,1.2,Yes,B.1.1.7,0,0.0
Lithuania,LT,2020-49,GISAID,14711,181,1.2,Yes,B.1.351,0,0.0
Lithuania,LT,2020-49,GISAID,14711,181,1.2,Yes,P.1,0,0.0
Lithuania,LT,2020-49,GISAID,14711,181,1.2,Yes,Other,181,100.0
Lithuania,LT,2020-50,GISAID,18985,121,0.6,Yes,B.1.1.7,0,0.0
Lithuania,LT,2020-50,GISAID,18985,121,0.6,Yes,B.1.351,0,0.0
Lithuania,LT,2020-50,GISAID,18985,121,0.6,Yes,P.1,0,0.0
Lithuania,LT,2020-50,GISAID,18985,121,0.6,Yes,Other,121,100.0
Lithuania,LT,2020-51,GISAID,19466,85,0.4,Yes,B.1.1.7,0,0.0
Lithuania,LT,2020-51,GISAID,19466,85,0.4,Yes,B.1.351,0,0.0
Lithuania,LT,2020-51,GISAID,19466,85,0.4,Yes,P.1,0,0.0
Lithuania,LT,2020-51,GISAID,19466,85,0.4,Yes,Other,85,100.0
Lithuania,LT,2020-52,GISAID,17882,23,0.1,Yes,B.1.1.7,0,0.0
Lithuania,LT,2020-52,GISAID,17882,23,0.1,Yes,B.1.351,0,0.0
Lithuania,LT,2020-52,GISAID,17882,23,0.1,Yes,P.1,0,0.0
Lithuania,LT,2020-52,GISAID,17882,23,0.1,Yes,Other,23,100.0
Lithuania,LT,2020-53,GISAID,15618,88,0.6,Yes,B.1.1.7,0,0.0
Lithuania,LT,2020-53,GISAID,15618,88,0.6,Yes,B.1.351,0,0.0
Lithuania,LT,2020-53,GISAID,15618,88,0.6,Yes,P.1,0,0.0
Lithuania,LT,2020-53,GISAID,15618,88,0.6,Yes,Other,88,100.0
Lithuania,LT,2021-01,GISAID,12459,122,1.0,Yes,B.1.1.7,0,0.0
Lithuania,LT,2021-01,GISAID,12459,122,1.0,Yes,B.1.351,0,0.0
Lithuania,LT,2021-01,GISAID,12459,122,1.0,Yes,P.1,0,0.0
Lithuania,LT,2021-01,GISAID,12459,122,1.0,Yes,Other,122,100.0
Lithuania,LT,2021-02,GISAID,7546,115,1.5,Yes,B.1.1.7,0,0.0
Lithuania,LT,2021-02,GISAID,7546,115,1.5,Yes,B.1.351,0,0.0
Lithuania,LT,2021-02,GISAID,7546,115,1.5,Yes,P.1,0,0.0
Lithuania,LT,2021-02,GISAID,7546,115,1.5,Yes,Other,115,100.0
Lithuania,LT,2021-03,GISAID,9174,76,0.8,Yes,B.1.1.7,0,0.0
Lithuania,LT,2021-03,GISAID,9174,76,0.8,Yes,B.1.351,0,0.0
Lithuania,LT,2021-03,GISAID,9174,76,0.8,Yes,P.1,0,0.0
Lithuania,LT,2021-03,GISAID,9174,76,0.8,Yes,Other,76,100.0
Lithuania,LT,2021-04,GISAID,5727,11,0.2,Yes,B.1.1.7,0,0.0
Lithuania,LT,2021-04,GISAID,5727,11,0.2,Yes,B.1.351,0,0.0
Lithuania,LT,2021-04,GISAID,5727,11,0.2,Yes,P.1,0,0.0
Lithuania,LT,2021-04,GISAID,5727,11,0.2,Yes,Other,11,100.0
Lithuania,LT,2021-05,GISAID,4146,173,4.2,Yes,B.1.1.7,9,5.2
Lithuania,LT,2021-05,GISAID,4146,173,4.2,Yes,B.1.351,0,0.0
Lithuania,LT,2021-05,GISAID,4146,173,4.2,Yes,P.1,0,0.0
Lithuania,LT,2021-05,GISAID,4146,173,4.2,Yes,Other,164,94.8
Lithuania,LT,2021-06,GISAID,3898,225,5.8,Yes,B.1.1.7,19,8.4
Lithuania,LT,2021-06,GISAID,3898,225,5.8,Yes,B.1.351,0,0.0
Lithuania,LT,2021-06,GISAID,3898,225,5.8,Yes,P.1,0,0.0
Lithuania,LT,2021-06,GISAID,3898,225,5.8,Yes,Other,206,91.6
Lithuania,LT,2021-07,GISAID,3396,656,19.3,Yes,B.1.1.7,76,11.6
Lithuania,LT,2021-07,GISAID,3396,656,19.3,Yes,B.1.351,0,0.0
Lithuania,LT,2021-07,GISAID,3396,656,19.3,Yes,P.1,0,0.0
Lithuania,LT,2021-07,GISAID,3396,656,19.3,Yes,Other,580,88.4
Lithuania,LT,2021-08,GISAID,5065,634,12.5,Yes,B.1.1.7,152,24.0
Lithuania,LT,2021-08,GISAID,5065,634,12.5,Yes,B.1.351,0,0.0
Lithuania,LT,2021-08,GISAID,5065,634,12.5,Yes,P.1,0,0.0
Lithuania,LT,2021-08,GISAID,5065,634,12.5,Yes,Other,482,76.0
Lithuania,LT,2021-09,GISAID,3032,565,18.6,Yes,B.1.1.7,196,34.7
Lithuania,LT,2021-09,GISAID,3032,565,18.6,Yes,B.1.351,4,0.7
Lithuania,LT,2021-09,GISAID,3032,565,18.6,Yes,P.1,0,0.0
Lithuania,LT,2021-09,GISAID,3032,565,18.6,Yes,Other,365,64.6
Lithuania,LT,2021-10,GISAID,3214,199,6.2,Yes,B.1.1.7,108,54.3
Lithuania,LT,2021-10,GISAID,3214,199,6.2,Yes,B.1.351,2,1.0
Lithuania,LT,2021-10,GISAID,3214,199,6.2,Yes,P.1,0,0.0
Lithuania,LT,2021-10,GISAID,3214,199,6.2,Yes,Other,89,44.7
Lithuania,LT,2021-11,GISAID,3696,1147,31.0,Yes,B.1.1.7,687,59.9
Lithuania,LT,2021-11,GISAID,3696,1147,31.0,Yes,B.1.351,2,0.2
Lithuania,LT,2021-11,GISAID,3696,1147,31.0,Yes,P.1,0,0.0
Lithuania,LT,2021-11,GISAID,3696,1147,31.0,Yes,Other,458,39.9
Lithuania,LT,2021-12,GISAID,5025,736,14.6,Yes,B.1.1.7,565,76.8
Lithuania,LT,2021-12,GISAID,5025,736,14.6,Yes,B.1.351,1,0.1
Lithuania,LT,2021-12,GISAID,5025,736,14.6,Yes,P.1,0,0.0
Lithuania,LT,2021-12,GISAID,5025,736,14.6,Yes,Other,170,23.1
Lithuania,LT,2021-13,GISAID,5847,343,5.9,Yes,B.1.1.7,271,79.0
Lithuania,LT,2021-13,GISAID,5847,343,5.9,Yes,B.1.351,0,0.0
Lithuania,LT,2021-13,GISAID,5847,343,5.9,Yes,P.1,0,0.0
Lithuania,LT,2021-13,GISAID,5847,343,5.9,Yes,Other,72,21.0
Lithuania,LT,2021-14,GISAID,6571,27,0.4,Yes,B.1.1.7,22,81.5
Lithuania,LT,2021-14,GISAID,6571,27,0.4,Yes,B.1.351,0,0.0
Lithuania,LT,2021-14,GISAID,6571,27,0.4,Yes,P.1,0,0.0
Lithuania,LT,2021-14,GISAID,6571,27,0.4,Yes,Other,5,18.5
Lithuania,LT,2021-15,GISAID,7449,0,0.0,Yes,B.1.1.7,0,
Lithuania,LT,2021-15,GISAID,7449,0,0.0,Yes,B.1.351,0,
Lithuania,LT,2021-15,GISAID,7449,0,0.0,Yes,P.1,0,
Lithuania,LT,2021-15,GISAID,7449,0,0.0,Yes,Other,0,
Lithuania,LT,2021-16,GISAID,7640,0,0.0,Yes,B.1.1.7,0,
Lithuania,LT,2021-16,GISAID,7640,0,0.0,Yes,B.1.351,0,
Lithuania,LT,2021-16,GISAID,7640,0,0.0,Yes,P.1,0,
Lithuania,LT,2021-16,GISAID,7640,0,0.0,Yes,Other,0,
Lithuania,LT,2020-52,TESSy,17882,0,0.0,Yes,B.1.1.7,0,
Lithuania,LT,2020-52,TESSy,17882,0,0.0,Yes,B.1.351,0,
Lithuania,LT,2020-52,TESSy,17882,0,0.0,Yes,P.1,0,
Lithuania,LT,2020-52,TESSy,17882,0,0.0,Yes,Other,0,
Lithuania,LT,2020-53,TESSy,15618,0,0.0,Yes,B.1.1.7,0,
Lithuania,LT,2020-53,TESSy,15618,0,0.0,Yes,B.1.351,0,
Lithuania,LT,2020-53,TESSy,15618,0,0.0,Yes,P.1,0,
Lithuania,LT,2020-53,TESSy,15618,0,0.0,Yes,Other,0,
Lithuania,LT,2021-01,TESSy,12459,0,0.0,Yes,B.1.1.7,0,
Lithuania,LT,2021-01,TESSy,12459,0,0.0,Yes,B.1.351,0,
Lithuania,LT,2021-01,TESSy,12459,0,0.0,Yes,P.1,0,
Lithuania,LT,2021-01,TESSy,12459,0,0.0,Yes,Other,0,
Lithuania,LT,2021-02,TESSy,7546,0,0.0,Yes,B.1.1.7,0,
Lithuania,LT,2021-02,TESSy,7546,0,0.0,Yes,B.1.351,0,
Lithuania,LT,2021-02,TESSy,7546,0,0.0,Yes,P.1,0,
Lithuania,LT,2021-02,TESSy,7546,0,0.0,Yes,Other,0,
Lithuania,LT,2021-03,TESSy,9174,0,0.0,Yes,B.1.1.7,0,
Lithuania,LT,2021-03,TESSy,9174,0,0.0,Yes,B.1.351,0,
Lithuania,LT,2021-03,TESSy,9174,0,0.0,Yes,P.1,0,
Lithuania,LT,2021-03,TESSy,9174,0,0.0,Yes,Other,0,
Lithuania,LT,2021-04,TESSy,5727,7,0.1,Yes,B.1.1.7,1,14.3
Lithuania,LT,2021-04,TESSy,5727,7,0.1,Yes,B.1.351,0,0.0
Lithuania,LT,2021-04,TESSy,5727,7,0.1,Yes,P.1,0,0.0
Lithuania,LT,2021-04,TESSy,5727,7,0.1,Yes,Other,6,85.7
Lithuania,LT,2021-05,TESSy,4146,0,0.0,Yes,B.1.1.7,0,
Lithuania,LT,2021-05,TESSy,4146,0,0.0,Yes,B.1.351,0,
Lithuania,LT,2021-05,TESSy,4146,0,0.0,Yes,P.1,0,
Lithuania,LT,2021-05,TESSy,4146,0,0.0,Yes,Other,0,
Lithuania,LT,2021-06,TESSy,3898,15,0.4,Yes,B.1.1.7,0,0.0
Lithuania,LT,2021-06,TESSy,3898,15,0.4,Yes,B.1.351,0,0.0
Lithuania,LT,2021-06,TESSy,3898,15,0.4,Yes,P.1,0,0.0
Lithuania,LT,2021-06,TESSy,3898,15,0.4,Yes,Other,15,100.0
Lithuania,LT,2021-07,TESSy,3396,125,3.7,Yes,B.1.1.7,9,7.2
Lithuania,LT,2021-07,TESSy,3396,125,3.7,Yes,B.1.351,0,0.0
Lithuania,LT,2021-07,TESSy,3396,125,3.7,Yes,P.1,0,0.0
Lithuania,LT,2021-07,TESSy,3396,125,3.7,Yes,Other,116,92.8
Lithuania,LT,2021-08,TESSy,5065,347,6.9,Yes,B.1.1.7,75,21.6
Lithuania,LT,2021-08,TESSy,5065,347,6.9,Yes,B.1.351,0,0.0
Lithuania,LT,2021-08,TESSy,5065,347,6.9,Yes,P.1,0,0.0
Lithuania,LT,2021-08,TESSy,5065,347,6.9,Yes,Other,272,78.4
Lithuania,LT,2021-09,TESSy,3032,0,0.0,Yes,B.1.1.7,0,
Lithuania,LT,2021-09,TESSy,3032,0,0.0,Yes,B.1.351,0,
Lithuania,LT,2021-09,TESSy,3032,0,0.0,Yes,P.1,0,
Lithuania,LT,2021-09,TESSy,3032,0,0.0,Yes,Other,0,
Lithuania,LT,2021-10,TESSy,3214,621,19.3,Yes,B.1.1.7,41,6.6
Lithuania,LT,2021-10,TESSy,3214,621,19.3,Yes,B.1.351,0,0.0
Lithuania,LT,2021-10,TESSy,3214,621,19.3,Yes,P.1,0,0.0
Lithuania,LT,2021-10,TESSy,3214,621,19.3,Yes,Other,580,93.4
Lithuania,LT,2021-11,TESSy,3696,1608,43.5,Yes,B.1.1.7,31,1.9
Lithuania,LT,2021-11,TESSy,3696,1608,43.5,Yes,B.1.351,2,0.1
Lithuania,LT,2021-11,TESSy,3696,1608,43.5,Yes,P.1,0,0.0
Lithuania,LT,2021-11,TESSy,3696,1608,43.5,Yes,Other,1575,97.9
Lithuania,LT,2021-12,TESSy,5025,358,7.1,Yes,B.1.1.7,220,61.5
Lithuania,LT,2021-12,TESSy,5025,358,7.1,Yes,B.1.351,5,1.4
Lithuania,LT,2021-12,TESSy,5025,358,7.1,Yes,P.1,0,0.0
Lithuania,LT,2021-12,TESSy,5025,358,7.1,Yes,Other,133,37.2
Lithuania,LT,2021-13,TESSy,5847,258,4.4,Yes,B.1.1.7,147,57.0
Lithuania,LT,2021-13,TESSy,5847,258,4.4,Yes,B.1.351,0,0.0
Lithuania,LT,2021-13,TESSy,5847,258,4.4,Yes,P.1,0,0.0
Lithuania,LT,2021-13,TESSy,5847,258,4.4,Yes,Other,111,43.0
Lithuania,LT,2021-14,TESSy,6571,776,11.8,Yes,B.1.1.7,442,57.0
Lithuania,LT,2021-14,TESSy,6571,776,11.8,Yes,B.1.351,1,0.1
Lithuania,LT,2021-14,TESSy,6571,776,11.8,Yes,P.1,0,0.0
Lithuania,LT,2021-14,TESSy,6571,776,11.8,Yes,Other,333,42.9
Lithuania,LT,2021-15,TESSy,7449,424,5.7,Yes,B.1.1.7,323,76.2
Lithuania,LT,2021-15,TESSy,7449,424,5.7,Yes,B.1.351,2,0.5
Lithuania,LT,2021-15,TESSy,7449,424,5.7,Yes,P.1,0,0.0
Lithuania,LT,2021-15,TESSy,7449,424,5.7,Yes,Other,99,23.3
Lithuania,LT,2021-16,TESSy,7640,585,7.7,Yes,B.1.1.7,450,76.9
Lithuania,LT,2021-16,TESSy,7640,585,7.7,Yes,B.1.351,2,0.3
Lithuania,LT,2021-16,TESSy,7640,585,7.7,Yes,P.1,0,0.0
Lithuania,LT,2021-16,TESSy,7640,585,7.7,Yes,Other,133,22.7
Luxembourg,LU,2020-40,GISAID,352,12,3.4,Yes,B.1.1.7,0,0.0
Luxembourg,LU,2020-40,GISAID,352,12,3.4,Yes,B.1.351,0,0.0
Luxembourg,LU,2020-40,GISAID,352,12,3.4,Yes,P.1,0,0.0
Luxembourg,LU,2020-40,GISAID,352,12,3.4,Yes,Other,12,100.0
Luxembourg,LU,2020-41,GISAID,651,22,3.4,Yes,B.1.1.7,0,0.0
Luxembourg,LU,2020-41,GISAID,651,22,3.4,Yes,B.1.351,0,0.0
Luxembourg,LU,2020-41,GISAID,651,22,3.4,Yes,P.1,0,0.0
Luxembourg,LU,2020-41,GISAID,651,22,3.4,Yes,Other,22,100.0
Luxembourg,LU,2020-42,GISAID,1286,32,2.5,Yes,B.1.1.7,0,0.0
Luxembourg,LU,2020-42,GISAID,1286,32,2.5,Yes,B.1.351,0,0.0
Luxembourg,LU,2020-42,GISAID,1286,32,2.5,Yes,P.1,0,0.0
Luxembourg,LU,2020-42,GISAID,1286,32,2.5,Yes,Other,32,100.0
Luxembourg,LU,2020-43,GISAID,3558,361,10.1,Yes,B.1.1.7,0,0.0
Luxembourg,LU,2020-43,GISAID,3558,361,10.1,Yes,B.1.351,0,0.0
Luxembourg,LU,2020-43,GISAID,3558,361,10.1,Yes,P.1,0,0.0
Luxembourg,LU,2020-43,GISAID,3558,361,10.1,Yes,Other,361,100.0
Luxembourg,LU,2020-44,GISAID,4578,320,7.0,Yes,B.1.1.7,0,0.0
Luxembourg,LU,2020-44,GISAID,4578,320,7.0,Yes,B.1.351,0,0.0
Luxembourg,LU,2020-44,GISAID,4578,320,7.0,Yes,P.1,0,0.0
Luxembourg,LU,2020-44,GISAID,4578,320,7.0,Yes,Other,320,100.0
Luxembourg,LU,2020-45,GISAID,3699,204,5.5,Yes,B.1.1.7,0,0.0
Luxembourg,LU,2020-45,GISAID,3699,204,5.5,Yes,B.1.351,0,0.0
Luxembourg,LU,2020-45,GISAID,3699,204,5.5,Yes,P.1,0,0.0
Luxembourg,LU,2020-45,GISAID,3699,204,5.5,Yes,Other,204,100.0
Luxembourg,LU,2020-46,GISAID,4063,220,5.4,Yes,B.1.1.7,0,0.0
Luxembourg,LU,2020-46,GISAID,4063,220,5.4,Yes,B.1.351,0,0.0
Luxembourg,LU,2020-46,GISAID,4063,220,5.4,Yes,P.1,0,0.0
Luxembourg,LU,2020-46,GISAID,4063,220,5.4,Yes,Other,220,100.0
Luxembourg,LU,2020-47,GISAID,3789,210,5.5,Yes,B.1.1.7,0,0.0
Luxembourg,LU,2020-47,GISAID,3789,210,5.5,Yes,B.1.351,0,0.0
Luxembourg,LU,2020-47,GISAID,3789,210,5.5,Yes,P.1,0,0.0
Luxembourg,LU,2020-47,GISAID,3789,210,5.5,Yes,Other,210,100.0
Luxembourg,LU,2020-48,GISAID,3640,220,6.0,Yes,B.1.1.7,0,0.0
Luxembourg,LU,2020-48,GISAID,3640,220,6.0,Yes,B.1.351,0,0.0
Luxembourg,LU,2020-48,GISAID,3640,220,6.0,Yes,P.1,0,0.0
Luxembourg,LU,2020-48,GISAID,3640,220,6.0,Yes,Other,220,100.0
Luxembourg,LU,2020-49,GISAID,3711,405,10.9,Yes,B.1.1.7,0,0.0
Luxembourg,LU,2020-49,GISAID,3711,405,10.9,Yes,B.1.351,0,0.0
Luxembourg,LU,2020-49,GISAID,3711,405,10.9,Yes,P.1,0,0.0
Luxembourg,LU,2020-49,GISAID,3711,405,10.9,Yes,Other,405,100.0
Luxembourg,LU,2020-50,GISAID,3588,373,10.4,Yes,B.1.1.7,0,0.0
Luxembourg,LU,2020-50,GISAID,3588,373,10.4,Yes,B.1.351,0,0.0
Luxembourg,LU,2020-50,GISAID,3588,373,10.4,Yes,P.1,0,0.0
Luxembourg,LU,2020-50,GISAID,3588,373,10.4,Yes,Other,373,100.0
Luxembourg,LU,2020-51,GISAID,2795,285,10.2,Yes,B.1.1.7,0,0.0
Luxembourg,LU,2020-51,GISAID,2795,285,10.2,Yes,B.1.351,0,0.0
Luxembourg,LU,2020-51,GISAID,2795,285,10.2,Yes,P.1,0,0.0
Luxembourg,LU,2020-51,GISAID,2795,285,10.2,Yes,Other,285,100.0
Luxembourg,LU,2020-52,GISAID,1782,111,6.2,Yes,B.1.1.7,1,0.9
Luxembourg,LU,2020-52,GISAID,1782,111,6.2,Yes,B.1.351,0,0.0
Luxembourg,LU,2020-52,GISAID,1782,111,6.2,Yes,P.1,0,0.0
Luxembourg,LU,2020-52,GISAID,1782,111,6.2,Yes,Other,110,99.1
Luxembourg,LU,2020-53,GISAID,1070,137,12.8,Yes,B.1.1.7,5,3.6
Luxembourg,LU,2020-53,GISAID,1070,137,12.8,Yes,B.1.351,0,0.0
Luxembourg,LU,2020-53,GISAID,1070,137,12.8,Yes,P.1,0,0.0
Luxembourg,LU,2020-53,GISAID,1070,137,12.8,Yes,Other,132,96.4
Luxembourg,LU,2021-01,GISAID,1065,101,9.5,Yes,B.1.1.7,9,8.9
Luxembourg,LU,2021-01,GISAID,1065,101,9.5,Yes,B.1.351,0,0.0
Luxembourg,LU,2021-01,GISAID,1065,101,9.5,Yes,P.1,0,0.0
Luxembourg,LU,2021-01,GISAID,1065,101,9.5,Yes,Other,92,91.1
Luxembourg,LU,2021-02,GISAID,868,83,9.6,Yes,B.1.1.7,15,18.1
Luxembourg,LU,2021-02,GISAID,868,83,9.6,Yes,B.1.351,1,1.2
Luxembourg,LU,2021-02,GISAID,868,83,9.6,Yes,P.1,0,0.0
Luxembourg,LU,2021-02,GISAID,868,83,9.6,Yes,Other,67,80.7
Luxembourg,LU,2021-03,GISAID,852,105,12.3,Yes,B.1.1.7,21,20.0
Luxembourg,LU,2021-03,GISAID,852,105,12.3,Yes,B.1.351,4,3.8
Luxembourg,LU,2021-03,GISAID,852,105,12.3,Yes,P.1,0,0.0
Luxembourg,LU,2021-03,GISAID,852,105,12.3,Yes,Other,80,76.2
Luxembourg,LU,2021-04,GISAID,965,143,14.8,Yes,B.1.1.7,52,36.4
Luxembourg,LU,2021-04,GISAID,965,143,14.8,Yes,B.1.351,7,4.9
Luxembourg,LU,2021-04,GISAID,965,143,14.8,Yes,P.1,0,0.0
Luxembourg,LU,2021-04,GISAID,965,143,14.8,Yes,Other,84,58.7
Luxembourg,LU,2021-05,GISAID,1179,347,29.4,Yes,B.1.1.7,191,55.0
Luxembourg,LU,2021-05,GISAID,1179,347,29.4,Yes,B.1.351,17,4.9
Luxembourg,LU,2021-05,GISAID,1179,347,29.4,Yes,P.1,1,0.3
Luxembourg,LU,2021-05,GISAID,1179,347,29.4,Yes,Other,138,39.8
Luxembourg,LU,2021-06,GISAID,1036,170,16.4,Yes,B.1.1.7,95,55.9
Luxembourg,LU,2021-06,GISAID,1036,170,16.4,Yes,B.1.351,15,8.8
Luxembourg,LU,2021-06,GISAID,1036,170,16.4,Yes,P.1,0,0.0
Luxembourg,LU,2021-06,GISAID,1036,170,16.4,Yes,Other,60,35.3
Luxembourg,LU,2021-07,GISAID,1254,130,10.4,Yes,B.1.1.7,70,53.8
Luxembourg,LU,2021-07,GISAID,1254,130,10.4,Yes,B.1.351,32,24.6
Luxembourg,LU,2021-07,GISAID,1254,130,10.4,Yes,P.1,0,0.0
Luxembourg,LU,2021-07,GISAID,1254,130,10.4,Yes,Other,28,21.5
Luxembourg,LU,2021-08,GISAID,1287,284,22.1,Yes,B.1.1.7,176,62.0
Luxembourg,LU,2021-08,GISAID,1287,284,22.1,Yes,B.1.351,54,19.0
Luxembourg,LU,2021-08,GISAID,1287,284,22.1,Yes,P.1,1,0.4
Luxembourg,LU,2021-08,GISAID,1287,284,22.1,Yes,Other,53,18.7
Luxembourg,LU,2021-09,GISAID,1221,336,27.5,Yes,B.1.1.7,208,61.9
Luxembourg,LU,2021-09,GISAID,1221,336,27.5,Yes,B.1.351,66,19.6
Luxembourg,LU,2021-09,GISAID,1221,336,27.5,Yes,P.1,1,0.3
Luxembourg,LU,2021-09,GISAID,1221,336,27.5,Yes,Other,61,18.2
Luxembourg,LU,2021-10,GISAID,1231,198,16.1,Yes,B.1.1.7,123,62.1
Luxembourg,LU,2021-10,GISAID,1231,198,16.1,Yes,B.1.351,44,22.2
Luxembourg,LU,2021-10,GISAID,1231,198,16.1,Yes,P.1,0,0.0
Luxembourg,LU,2021-10,GISAID,1231,198,16.1,Yes,Other,31,15.7
Luxembourg,LU,2021-11,GISAID,1539,357,23.2,Yes,B.1.1.7,233,65.3
Luxembourg,LU,2021-11,GISAID,1539,357,23.2,Yes,B.1.351,91,25.5
Luxembourg,LU,2021-11,GISAID,1539,357,23.2,Yes,P.1,0,0.0
Luxembourg,LU,2021-11,GISAID,1539,357,23.2,Yes,Other,33,9.2
Luxembourg,LU,2021-12,GISAID,1339,360,26.9,Yes,B.1.1.7,260,72.2
Luxembourg,LU,2021-12,GISAID,1339,360,26.9,Yes,B.1.351,79,21.9
Luxembourg,LU,2021-12,GISAID,1339,360,26.9,Yes,P.1,0,0.0
Luxembourg,LU,2021-12,GISAID,1339,360,26.9,Yes,Other,21,5.8
Luxembourg,LU,2021-13,GISAID,1605,14,0.9,Yes,B.1.1.7,8,57.1
Luxembourg,LU,2021-13,GISAID,1605,14,0.9,Yes,B.1.351,5,35.7
Luxembourg,LU,2021-13,GISAID,1605,14,0.9,Yes,P.1,0,0.0
Luxembourg,LU,2021-13,GISAID,1605,14,0.9,Yes,Other,1,7.1
Luxembourg,LU,2021-14,GISAID,1290,0,0.0,Yes,B.1.1.7,0,
Luxembourg,LU,2021-14,GISAID,1290,0,0.0,Yes,B.1.351,0,
Luxembourg,LU,2021-14,GISAID,1290,0,0.0,Yes,P.1,0,
Luxembourg,LU,2021-14,GISAID,1290,0,0.0,Yes,Other,0,
Luxembourg,LU,2021-15,GISAID,1303,0,0.0,Yes,B.1.1.7,0,
Luxembourg,LU,2021-15,GISAID,1303,0,0.0,Yes,B.1.351,0,
Luxembourg,LU,2021-15,GISAID,1303,0,0.0,Yes,P.1,0,
Luxembourg,LU,2021-15,GISAID,1303,0,0.0,Yes,Other,0,
Luxembourg,LU,2021-16,GISAID,1249,0,0.0,Yes,B.1.1.7,0,
Luxembourg,LU,2021-16,GISAID,1249,0,0.0,Yes,B.1.351,0,
Luxembourg,LU,2021-16,GISAID,1249,0,0.0,Yes,P.1,0,
Luxembourg,LU,2021-16,GISAID,1249,0,0.0,Yes,Other,0,
Luxembourg,LU,2020-49,TESSy,3711,18,0.5,Yes,Other,18,100.0
Luxembourg,LU,2020-50,TESSy,3588,148,4.1,Yes,Other,148,100.0
Luxembourg,LU,2020-51,TESSy,2795,7,0.3,Yes,Other,7,100.0
Luxembourg,LU,2020-52,TESSy,1782,8,0.4,Yes,B.1.1.7,1,12.5
Luxembourg,LU,2020-52,TESSy,1782,8,0.4,Yes,Other,7,87.5
Luxembourg,LU,2020-53,TESSy,1070,15,1.4,Yes,B.1.1.7,7,46.7
Luxembourg,LU,2020-53,TESSy,1070,15,1.4,Yes,Other,8,53.3
Luxembourg,LU,2021-01,TESSy,1065,94,8.8,Yes,B.1.1.7,9,9.6
Luxembourg,LU,2021-01,TESSy,1065,94,8.8,Yes,Other,85,90.4
Luxembourg,LU,2021-02,TESSy,868,69,7.9,Yes,B.1.1.7,13,18.8
Luxembourg,LU,2021-02,TESSy,868,69,7.9,Yes,B.1.351,2,2.9
Luxembourg,LU,2021-02,TESSy,868,69,7.9,Yes,Other,54,78.3
Luxembourg,LU,2021-03,TESSy,852,104,12.2,Yes,B.1.1.7,29,27.9
Luxembourg,LU,2021-03,TESSy,852,104,12.2,Yes,B.1.351,3,2.9
Luxembourg,LU,2021-03,TESSy,852,104,12.2,Yes,Other,72,69.2
Luxembourg,LU,2021-04,TESSy,965,89,9.2,Yes,B.1.1.7,40,44.9
Luxembourg,LU,2021-04,TESSy,965,89,9.2,Yes,B.1.351,10,11.2
Luxembourg,LU,2021-04,TESSy,965,89,9.2,Yes,Other,39,43.8
Luxembourg,LU,2021-05,TESSy,1179,238,20.2,Yes,B.1.1.7,139,58.4
Luxembourg,LU,2021-05,TESSy,1179,238,20.2,Yes,B.1.351,9,3.8
Luxembourg,LU,2021-05,TESSy,1179,238,20.2,Yes,P.1,1,0.4
Luxembourg,LU,2021-05,TESSy,1179,238,20.2,Yes,Other,89,37.4
Luxembourg,LU,2021-06,TESSy,1036,156,15.1,Yes,B.1.1.7,90,57.7
Luxembourg,LU,2021-06,TESSy,1036,156,15.1,Yes,B.1.351,16,10.3
Luxembourg,LU,2021-06,TESSy,1036,156,15.1,Yes,Other,50,32.1
Luxembourg,LU,2021-07,TESSy,1254,145,11.6,Yes,B.1.1.7,83,57.2
Luxembourg,LU,2021-07,TESSy,1254,145,11.6,Yes,B.1.351,29,20.0
Luxembourg,LU,2021-07,TESSy,1254,145,11.6,Yes,Other,33,22.8
Luxembourg,LU,2021-08,TESSy,1287,345,26.8,Yes,B.1.1.7,198,57.4
Luxembourg,LU,2021-08,TESSy,1287,345,26.8,Yes,B.1.351,65,18.8
Luxembourg,LU,2021-08,TESSy,1287,345,26.8,Yes,Other,82,23.8
Luxembourg,LU,2021-09,TESSy,1221,330,27.0,Yes,B.1.1.7,234,70.9
Luxembourg,LU,2021-09,TESSy,1221,330,27.0,Yes,B.1.351,50,15.2
Luxembourg,LU,2021-09,TESSy,1221,330,27.0,Yes,P.1,1,0.3
Luxembourg,LU,2021-09,TESSy,1221,330,27.0,Yes,Other,45,13.6
Luxembourg,LU,2021-10,TESSy,1231,209,17.0,Yes,B.1.1.7,142,67.9
Luxembourg,LU,2021-10,TESSy,1231,209,17.0,Yes,B.1.351,37,17.7
Luxembourg,LU,2021-10,TESSy,1231,209,17.0,Yes,Other,30,14.4
Luxembourg,LU,2021-11,TESSy,1539,395,25.7,Yes,B.1.1.7,284,71.9
Luxembourg,LU,2021-11,TESSy,1539,395,25.7,Yes,B.1.351,82,20.8
Luxembourg,LU,2021-11,TESSy,1539,395,25.7,Yes,Other,29,7.3
Luxembourg,LU,2021-12,TESSy,1339,434,32.4,Yes,B.1.1.7,320,73.7
Luxembourg,LU,2021-12,TESSy,1339,434,32.4,Yes,B.1.351,90,20.7
Luxembourg,LU,2021-12,TESSy,1339,434,32.4,Yes,Other,24,5.5
Luxembourg,LU,2021-13,TESSy,1605,332,20.7,Yes,B.1.1.7,255,76.8
Luxembourg,LU,2021-13,TESSy,1605,332,20.7,Yes,B.1.351,55,16.6
Luxembourg,LU,2021-13,TESSy,1605,332,20.7,Yes,P.1,5,1.5
Luxembourg,LU,2021-13,TESSy,1605,332,20.7,Yes,Other,17,5.1
Luxembourg,LU,2021-14,TESSy,1290,487,37.8,Yes,B.1.1.7,406,83.4
Luxembourg,LU,2021-14,TESSy,1290,487,37.8,Yes,B.1.351,65,13.3
Luxembourg,LU,2021-14,TESSy,1290,487,37.8,Yes,P.1,3,0.6
Luxembourg,LU,2021-14,TESSy,1290,487,37.8,Yes,Other,13,2.7
Luxembourg,LU,2021-15,TESSy,1303,463,35.5,Yes,B.1.1.7,409,88.3
Luxembourg,LU,2021-15,TESSy,1303,463,35.5,Yes,B.1.351,37,8.0
Luxembourg,LU,2021-15,TESSy,1303,463,35.5,Yes,P.1,2,0.4
Luxembourg,LU,2021-15,TESSy,1303,463,35.5,Yes,Other,15,3.2
Luxembourg,LU,2021-16,TESSy,1249,20,1.6,No,B.1.1.7,19,
Luxembourg,LU,2021-16,TESSy,1249,20,1.6,No,B.1.351,1,
Malta,MT,2020-40,GISAID,311,0,0.0,Yes,B.1.1.7,0,
Malta,MT,2020-40,GISAID,311,0,0.0,Yes,B.1.351,0,
Malta,MT,2020-40,GISAID,311,0,0.0,Yes,P.1,0,
Malta,MT,2020-40,GISAID,311,0,0.0,Yes,Other,0,
Malta,MT,2020-41,GISAID,517,0,0.0,Yes,B.1.1.7,0,
Malta,MT,2020-41,GISAID,517,0,0.0,Yes,B.1.351,0,
Malta,MT,2020-41,GISAID,517,0,0.0,Yes,P.1,0,
Malta,MT,2020-41,GISAID,517,0,0.0,Yes,Other,0,
Malta,MT,2020-42,GISAID,894,0,0.0,Yes,B.1.1.7,0,
Malta,MT,2020-42,GISAID,894,0,0.0,Yes,B.1.351,0,
Malta,MT,2020-42,GISAID,894,0,0.0,Yes,P.1,0,
Malta,MT,2020-42,GISAID,894,0,0.0,Yes,Other,0,
Malta,MT,2020-43,GISAID,838,0,0.0,Yes,B.1.1.7,0,
Malta,MT,2020-43,GISAID,838,0,0.0,Yes,B.1.351,0,
Malta,MT,2020-43,GISAID,838,0,0.0,Yes,P.1,0,
Malta,MT,2020-43,GISAID,838,0,0.0,Yes,Other,0,
Malta,MT,2020-44,GISAID,823,0,0.0,Yes,B.1.1.7,0,
Malta,MT,2020-44,GISAID,823,0,0.0,Yes,B.1.351,0,
Malta,MT,2020-44,GISAID,823,0,0.0,Yes,P.1,0,
Malta,MT,2020-44,GISAID,823,0,0.0,Yes,Other,0,
Malta,MT,2020-45,GISAID,842,0,0.0,Yes,B.1.1.7,0,
Malta,MT,2020-45,GISAID,842,0,0.0,Yes,B.1.351,0,
Malta,MT,2020-45,GISAID,842,0,0.0,Yes,P.1,0,
Malta,MT,2020-45,GISAID,842,0,0.0,Yes,Other,0,
Malta,MT,2020-46,GISAID,894,0,0.0,Yes,B.1.1.7,0,
Malta,MT,2020-46,GISAID,894,0,0.0,Yes,B.1.351,0,
Malta,MT,2020-46,GISAID,894,0,0.0,Yes,P.1,0,
Malta,MT,2020-46,GISAID,894,0,0.0,Yes,Other,0,
Malta,MT,2020-47,GISAID,867,0,0.0,Yes,B.1.1.7,0,
Malta,MT,2020-47,GISAID,867,0,0.0,Yes,B.1.351,0,
Malta,MT,2020-47,GISAID,867,0,0.0,Yes,P.1,0,
Malta,MT,2020-47,GISAID,867,0,0.0,Yes,Other,0,
Malta,MT,2020-48,GISAID,869,0,0.0,Yes,B.1.1.7,0,
Malta,MT,2020-48,GISAID,869,0,0.0,Yes,B.1.351,0,
Malta,MT,2020-48,GISAID,869,0,0.0,Yes,P.1,0,
Malta,MT,2020-48,GISAID,869,0,0.0,Yes,Other,0,
Malta,MT,2020-49,GISAID,786,0,0.0,Yes,B.1.1.7,0,
Malta,MT,2020-49,GISAID,786,0,0.0,Yes,B.1.351,0,
Malta,MT,2020-49,GISAID,786,0,0.0,Yes,P.1,0,
Malta,MT,2020-49,GISAID,786,0,0.0,Yes,Other,0,
Malta,MT,2020-50,GISAID,595,0,0.0,Yes,B.1.1.7,0,
Malta,MT,2020-50,GISAID,595,0,0.0,Yes,B.1.351,0,
Malta,MT,2020-50,GISAID,595,0,0.0,Yes,P.1,0,
Malta,MT,2020-50,GISAID,595,0,0.0,Yes,Other,0,
Malta,MT,2020-51,GISAID,548,3,0.5,Yes,B.1.1.7,0,0.0
Malta,MT,2020-51,GISAID,548,3,0.5,Yes,B.1.351,0,0.0
Malta,MT,2020-51,GISAID,548,3,0.5,Yes,P.1,0,0.0
Malta,MT,2020-51,GISAID,548,3,0.5,Yes,Other,3,100.0
Malta,MT,2020-52,GISAID,624,1,0.2,Yes,B.1.1.7,0,0.0
Malta,MT,2020-52,GISAID,624,1,0.2,Yes,B.1.351,0,0.0
Malta,MT,2020-52,GISAID,624,1,0.2,Yes,P.1,0,0.0
Malta,MT,2020-52,GISAID,624,1,0.2,Yes,Other,1,100.0
Malta,MT,2020-53,GISAID,804,0,0.0,Yes,B.1.1.7,0,
Malta,MT,2020-53,GISAID,804,0,0.0,Yes,B.1.351,0,
Malta,MT,2020-53,GISAID,804,0,0.0,Yes,P.1,0,
Malta,MT,2020-53,GISAID,804,0,0.0,Yes,Other,0,
Malta,MT,2021-01,GISAID,1299,0,0.0,Yes,B.1.1.7,0,
Malta,MT,2021-01,GISAID,1299,0,0.0,Yes,B.1.351,0,
Malta,MT,2021-01,GISAID,1299,0,0.0,Yes,P.1,0,
Malta,MT,2021-01,GISAID,1299,0,0.0,Yes,Other,0,
Malta,MT,2021-02,GISAID,1213,0,0.0,Yes,B.1.1.7,0,
Malta,MT,2021-02,GISAID,1213,0,0.0,Yes,B.1.351,0,
Malta,MT,2021-02,GISAID,1213,0,0.0,Yes,P.1,0,
Malta,MT,2021-02,GISAID,1213,0,0.0,Yes,Other,0,
Malta,MT,2021-03,GISAID,1119,1,0.1,Yes,B.1.1.7,0,0.0
Malta,MT,2021-03,GISAID,1119,1,0.1,Yes,B.1.351,0,0.0
Malta,MT,2021-03,GISAID,1119,1,0.1,Yes,P.1,0,0.0
Malta,MT,2021-03,GISAID,1119,1,0.1,Yes,Other,1,100.0
Malta,MT,2021-04,GISAID,1021,0,0.0,Yes,B.1.1.7,0,
Malta,MT,2021-04,GISAID,1021,0,0.0,Yes,B.1.351,0,
Malta,MT,2021-04,GISAID,1021,0,0.0,Yes,P.1,0,
Malta,MT,2021-04,GISAID,1021,0,0.0,Yes,Other,0,
Malta,MT,2021-05,GISAID,896,0,0.0,Yes,B.1.1.7,0,
Malta,MT,2021-05,GISAID,896,0,0.0,Yes,B.1.351,0,
Malta,MT,2021-05,GISAID,896,0,0.0,Yes,P.1,0,
Malta,MT,2021-05,GISAID,896,0,0.0,Yes,Other,0,
Malta,MT,2021-06,GISAID,1132,0,0.0,Yes,B.1.1.7,0,
Malta,MT,2021-06,GISAID,1132,0,0.0,Yes,B.1.351,0,
Malta,MT,2021-06,GISAID,1132,0,0.0,Yes,P.1,0,
Malta,MT,2021-06,GISAID,1132,0,0.0,Yes,Other,0,
Malta,MT,2021-07,GISAID,1140,0,0.0,Yes,B.1.1.7,0,
Malta,MT,2021-07,GISAID,1140,0,0.0,Yes,B.1.351,0,
Malta,MT,2021-07,GISAID,1140,0,0.0,Yes,P.1,0,
Malta,MT,2021-07,GISAID,1140,0,0.0,Yes,Other,0,
Malta,MT,2021-08,GISAID,2141,0,0.0,Yes,B.1.1.7,0,
Malta,MT,2021-08,GISAID,2141,0,0.0,Yes,B.1.351,0,
Malta,MT,2021-08,GISAID,2141,0,0.0,Yes,P.1,0,
Malta,MT,2021-08,GISAID,2141,0,0.0,Yes,Other,0,
Malta,MT,2021-09,GISAID,2122,0,0.0,Yes,B.1.1.7,0,
Malta,MT,2021-09,GISAID,2122,0,0.0,Yes,B.1.351,0,
Malta,MT,2021-09,GISAID,2122,0,0.0,Yes,P.1,0,
Malta,MT,2021-09,GISAID,2122,0,0.0,Yes,Other,0,
Malta,MT,2021-10,GISAID,1704,0,0.0,Yes,B.1.1.7,0,
Malta,MT,2021-10,GISAID,1704,0,0.0,Yes,B.1.351,0,
Malta,MT,2021-10,GISAID,1704,0,0.0,Yes,P.1,0,
Malta,MT,2021-10,GISAID,1704,0,0.0,Yes,Other,0,
Malta,MT,2021-11,GISAID,1313,0,0.0,Yes,B.1.1.7,0,
Malta,MT,2021-11,GISAID,1313,0,0.0,Yes,B.1.351,0,
Malta,MT,2021-11,GISAID,1313,0,0.0,Yes,P.1,0,
Malta,MT,2021-11,GISAID,1313,0,0.0,Yes,Other,0,
Malta,MT,2021-12,GISAID,619,0,0.0,Yes,B.1.1.7,0,
Malta,MT,2021-12,GISAID,619,0,0.0,Yes,B.1.351,0,
Malta,MT,2021-12,GISAID,619,0,0.0,Yes,P.1,0,
Malta,MT,2021-12,GISAID,619,0,0.0,Yes,Other,0,
Malta,MT,2021-13,GISAID,341,0,0.0,Yes,B.1.1.7,0,
Malta,MT,2021-13,GISAID,341,0,0.0,Yes,B.1.351,0,
Malta,MT,2021-13,GISAID,341,0,0.0,Yes,P.1,0,
Malta,MT,2021-13,GISAID,341,0,0.0,Yes,Other,0,
Malta,MT,2021-14,GISAID,382,0,0.0,Yes,B.1.1.7,0,
Malta,MT,2021-14,GISAID,382,0,0.0,Yes,B.1.351,0,
Malta,MT,2021-14,GISAID,382,0,0.0,Yes,P.1,0,
Malta,MT,2021-14,GISAID,382,0,0.0,Yes,Other,0,
Malta,MT,2021-15,GISAID,365,0,0.0,Yes,B.1.1.7,0,
Malta,MT,2021-15,GISAID,365,0,0.0,Yes,B.1.351,0,
Malta,MT,2021-15,GISAID,365,0,0.0,Yes,P.1,0,
Malta,MT,2021-15,GISAID,365,0,0.0,Yes,Other,0,
Malta,MT,2021-16,GISAID,163,0,0.0,Yes,B.1.1.7,0,
Malta,MT,2021-16,GISAID,163,0,0.0,Yes,B.1.351,0,
Malta,MT,2021-16,GISAID,163,0,0.0,Yes,P.1,0,
Malta,MT,2021-16,GISAID,163,0,0.0,Yes,Other,0,
Malta,MT,2020-40,TESSy,311,,,No,B.1.1.7,0,
Malta,MT,2020-40,TESSy,311,,,No,B.1.351,0,
Malta,MT,2020-40,TESSy,311,,,No,P.1,0,
Malta,MT,2020-40,TESSy,311,,,No,Other,0,
Malta,MT,2020-41,TESSy,517,,,No,B.1.1.7,0,
Malta,MT,2020-41,TESSy,517,,,No,B.1.351,0,
Malta,MT,2020-41,TESSy,517,,,No,P.1,0,
Malta,MT,2020-41,TESSy,517,,,No,Other,0,
Malta,MT,2020-42,TESSy,894,,,No,B.1.1.7,0,
Malta,MT,2020-42,TESSy,894,,,No,B.1.351,0,
Malta,MT,2020-42,TESSy,894,,,No,P.1,0,
Malta,MT,2020-42,TESSy,894,,,No,Other,0,
Malta,MT,2020-43,TESSy,838,,,No,B.1.1.7,0,
Malta,MT,2020-43,TESSy,838,,,No,B.1.351,0,
Malta,MT,2020-43,TESSy,838,,,No,P.1,0,
Malta,MT,2020-43,TESSy,838,,,No,Other,0,
Malta,MT,2020-44,TESSy,823,,,No,B.1.1.7,0,
Malta,MT,2020-44,TESSy,823,,,No,B.1.351,0,
Malta,MT,2020-44,TESSy,823,,,No,P.1,0,
Malta,MT,2020-44,TESSy,823,,,No,Other,0,
Malta,MT,2020-45,TESSy,842,,,No,B.1.1.7,0,
Malta,MT,2020-45,TESSy,842,,,No,B.1.351,0,
Malta,MT,2020-45,TESSy,842,,,No,P.1,0,
Malta,MT,2020-45,TESSy,842,,,No,Other,0,
Malta,MT,2020-46,TESSy,894,,,No,B.1.1.7,0,
Malta,MT,2020-46,TESSy,894,,,No,B.1.351,0,
Malta,MT,2020-46,TESSy,894,,,No,P.1,0,
Malta,MT,2020-46,TESSy,894,,,No,Other,0,
Malta,MT,2020-47,TESSy,867,,,No,B.1.1.7,0,
Malta,MT,2020-47,TESSy,867,,,No,B.1.351,0,
Malta,MT,2020-47,TESSy,867,,,No,P.1,0,
Malta,MT,2020-47,TESSy,867,,,No,Other,0,
Malta,MT,2020-48,TESSy,869,,,No,B.1.1.7,0,
Malta,MT,2020-48,TESSy,869,,,No,B.1.351,0,
Malta,MT,2020-48,TESSy,869,,,No,P.1,0,
Malta,MT,2020-48,TESSy,869,,,No,Other,0,
Malta,MT,2020-49,TESSy,786,,,No,B.1.1.7,0,
Malta,MT,2020-49,TESSy,786,,,No,B.1.351,0,
Malta,MT,2020-49,TESSy,786,,,No,P.1,0,
Malta,MT,2020-49,TESSy,786,,,No,Other,0,
Malta,MT,2020-50,TESSy,595,,,No,B.1.1.7,0,
Malta,MT,2020-50,TESSy,595,,,No,B.1.351,0,
Malta,MT,2020-50,TESSy,595,,,No,P.1,0,
Malta,MT,2020-50,TESSy,595,,,No,Other,0,
Malta,MT,2020-51,TESSy,548,,,No,B.1.1.7,5,
Malta,MT,2020-51,TESSy,548,,,No,B.1.351,0,
Malta,MT,2020-51,TESSy,548,,,No,P.1,0,
Malta,MT,2020-51,TESSy,548,,,No,Other,0,
Malta,MT,2020-52,TESSy,624,,,No,B.1.1.7,5,
Malta,MT,2020-52,TESSy,624,,,No,B.1.351,0,
Malta,MT,2020-52,TESSy,624,,,No,P.1,0,
Malta,MT,2020-52,TESSy,624,,,No,Other,0,
Malta,MT,2020-53,TESSy,804,,,No,B.1.1.7,4,
Malta,MT,2020-53,TESSy,804,,,No,B.1.351,0,
Malta,MT,2020-53,TESSy,804,,,No,P.1,0,
Malta,MT,2020-53,TESSy,804,,,No,Other,0,
Malta,MT,2021-01,TESSy,1299,,,No,B.1.1.7,0,
Malta,MT,2021-01,TESSy,1299,,,No,B.1.351,0,
Malta,MT,2021-01,TESSy,1299,,,No,P.1,0,
Malta,MT,2021-01,TESSy,1299,,,No,Other,0,
Malta,MT,2021-02,TESSy,1213,,,No,B.1.1.7,4,
Malta,MT,2021-02,TESSy,1213,,,No,B.1.351,1,
Malta,MT,2021-02,TESSy,1213,,,No,P.1,0,
Malta,MT,2021-02,TESSy,1213,,,No,Other,0,
Malta,MT,2021-03,TESSy,1119,,,No,B.1.1.7,10,
Malta,MT,2021-03,TESSy,1119,,,No,B.1.351,0,
Malta,MT,2021-03,TESSy,1119,,,No,P.1,0,
Malta,MT,2021-03,TESSy,1119,,,No,Other,0,
Malta,MT,2021-04,TESSy,1021,,,No,B.1.1.7,11,
Malta,MT,2021-04,TESSy,1021,,,No,B.1.351,0,
Malta,MT,2021-04,TESSy,1021,,,No,P.1,0,
Malta,MT,2021-04,TESSy,1021,,,No,Other,0,
Malta,MT,2021-05,TESSy,896,,,No,B.1.1.7,12,
Malta,MT,2021-05,TESSy,896,,,No,B.1.351,0,
Malta,MT,2021-05,TESSy,896,,,No,P.1,0,
Malta,MT,2021-05,TESSy,896,,,No,Other,0,
Malta,MT,2021-06,TESSy,1132,,,No,B.1.1.7,11,
Malta,MT,2021-06,TESSy,1132,,,No,B.1.351,0,
Malta,MT,2021-06,TESSy,1132,,,No,P.1,0,
Malta,MT,2021-06,TESSy,1132,,,No,Other,0,
Malta,MT,2021-07,TESSy,1140,,,No,B.1.1.7,1,
Malta,MT,2021-07,TESSy,1140,,,No,B.1.351,0,
Malta,MT,2021-07,TESSy,1140,,,No,P.1,0,
Malta,MT,2021-07,TESSy,1140,,,No,Other,0,
Malta,MT,2021-08,TESSy,2141,,,No,B.1.1.7,54,
Malta,MT,2021-08,TESSy,2141,,,No,B.1.351,1,
Malta,MT,2021-08,TESSy,2141,,,No,P.1,0,
Malta,MT,2021-08,TESSy,2141,,,No,Other,0,
Malta,MT,2021-09,TESSy,2122,,,No,B.1.1.7,0,
Malta,MT,2021-09,TESSy,2122,,,No,B.1.351,0,
Malta,MT,2021-09,TESSy,2122,,,No,P.1,0,
Malta,MT,2021-09,TESSy,2122,,,No,Other,0,
Malta,MT,2021-10,TESSy,1704,,,No,B.1.1.7,0,
Malta,MT,2021-10,TESSy,1704,,,No,B.1.351,0,
Malta,MT,2021-10,TESSy,1704,,,No,P.1,0,
Malta,MT,2021-10,TESSy,1704,,,No,Other,0,
Malta,MT,2021-11,TESSy,1313,,,No,B.1.1.7,0,
Malta,MT,2021-11,TESSy,1313,,,No,B.1.351,0,
Malta,MT,2021-11,TESSy,1313,,,No,P.1,0,
Malta,MT,2021-11,TESSy,1313,,,No,Other,0,
Malta,MT,2021-12,TESSy,619,,,No,B.1.1.7,0,
Malta,MT,2021-12,TESSy,619,,,No,B.1.351,0,
Malta,MT,2021-12,TESSy,619,,,No,P.1,0,
Malta,MT,2021-12,TESSy,619,,,No,Other,0,
Malta,MT,2021-13,TESSy,341,,,No,B.1.1.7,0,
Malta,MT,2021-13,TESSy,341,,,No,B.1.351,0,
Malta,MT,2021-13,TESSy,341,,,No,P.1,0,
Malta,MT,2021-13,TESSy,341,,,No,Other,0,
Malta,MT,2021-14,TESSy,382,,,No,B.1.1.7,0,
Malta,MT,2021-14,TESSy,382,,,No,B.1.351,0,
Malta,MT,2021-14,TESSy,382,,,No,P.1,0,
Malta,MT,2021-14,TESSy,382,,,No,Other,0,
Malta,MT,2021-15,TESSy,365,,,No,B.1.1.7,0,
Malta,MT,2021-15,TESSy,365,,,No,B.1.351,0,
Malta,MT,2021-15,TESSy,365,,,No,P.1,0,
Malta,MT,2021-15,TESSy,365,,,No,Other,0,
Malta,MT,2021-16,TESSy,163,,,No,B.1.1.7,0,
Malta,MT,2021-16,TESSy,163,,,No,B.1.351,0,
Malta,MT,2021-16,TESSy,163,,,No,P.1,0,
Malta,MT,2021-16,TESSy,163,,,No,Other,0,
Netherlands,NL,2020-40,GISAID,24239,125,0.5,Yes,B.1.1.7,0,0.0
Netherlands,NL,2020-40,GISAID,24239,125,0.5,Yes,B.1.351,0,0.0
Netherlands,NL,2020-40,GISAID,24239,125,0.5,Yes,P.1,0,0.0
Netherlands,NL,2020-40,GISAID,24239,125,0.5,Yes,Other,125,100.0
Netherlands,NL,2020-41,GISAID,38701,150,0.4,Yes,B.1.1.7,0,0.0
Netherlands,NL,2020-41,GISAID,38701,150,0.4,Yes,B.1.351,0,0.0
Netherlands,NL,2020-41,GISAID,38701,150,0.4,Yes,P.1,0,0.0
Netherlands,NL,2020-41,GISAID,38701,150,0.4,Yes,Other,150,100.0
Netherlands,NL,2020-42,GISAID,53784,214,0.4,Yes,B.1.1.7,0,0.0
Netherlands,NL,2020-42,GISAID,53784,214,0.4,Yes,B.1.351,0,0.0
Netherlands,NL,2020-42,GISAID,53784,214,0.4,Yes,P.1,0,0.0
Netherlands,NL,2020-42,GISAID,53784,214,0.4,Yes,Other,214,100.0
Netherlands,NL,2020-43,GISAID,62691,194,0.3,Yes,B.1.1.7,0,0.0
Netherlands,NL,2020-43,GISAID,62691,194,0.3,Yes,B.1.351,0,0.0
Netherlands,NL,2020-43,GISAID,62691,194,0.3,Yes,P.1,0,0.0
Netherlands,NL,2020-43,GISAID,62691,194,0.3,Yes,Other,194,100.0
Netherlands,NL,2020-44,GISAID,68512,193,0.3,Yes,B.1.1.7,0,0.0
Netherlands,NL,2020-44,GISAID,68512,193,0.3,Yes,B.1.351,0,0.0
Netherlands,NL,2020-44,GISAID,68512,193,0.3,Yes,P.1,0,0.0
Netherlands,NL,2020-44,GISAID,68512,193,0.3,Yes,Other,193,100.0
Netherlands,NL,2020-45,GISAID,50136,185,0.4,Yes,B.1.1.7,0,0.0
Netherlands,NL,2020-45,GISAID,50136,185,0.4,Yes,B.1.351,0,0.0
Netherlands,NL,2020-45,GISAID,50136,185,0.4,Yes,P.1,0,0.0
Netherlands,NL,2020-45,GISAID,50136,185,0.4,Yes,Other,185,100.0
Netherlands,NL,2020-46,GISAID,37762,206,0.5,Yes,B.1.1.7,1,0.5
Netherlands,NL,2020-46,GISAID,37762,206,0.5,Yes,B.1.351,0,0.0
Netherlands,NL,2020-46,GISAID,37762,206,0.5,Yes,P.1,0,0.0
Netherlands,NL,2020-46,GISAID,37762,206,0.5,Yes,Other,205,99.5
Netherlands,NL,2020-47,GISAID,36725,198,0.5,Yes,B.1.1.7,0,0.0
Netherlands,NL,2020-47,GISAID,36725,198,0.5,Yes,B.1.351,0,0.0
Netherlands,NL,2020-47,GISAID,36725,198,0.5,Yes,P.1,0,0.0
Netherlands,NL,2020-47,GISAID,36725,198,0.5,Yes,Other,198,100.0
Netherlands,NL,2020-48,GISAID,34213,258,0.8,Yes,B.1.1.7,1,0.4
Netherlands,NL,2020-48,GISAID,34213,258,0.8,Yes,B.1.351,0,0.0
Netherlands,NL,2020-48,GISAID,34213,258,0.8,Yes,P.1,0,0.0
Netherlands,NL,2020-48,GISAID,34213,258,0.8,Yes,Other,257,99.6
Netherlands,NL,2020-49,GISAID,38280,249,0.7,Yes,B.1.1.7,1,0.4
Netherlands,NL,2020-49,GISAID,38280,249,0.7,Yes,B.1.351,0,0.0
Netherlands,NL,2020-49,GISAID,38280,249,0.7,Yes,P.1,0,0.0
Netherlands,NL,2020-49,GISAID,38280,249,0.7,Yes,Other,248,99.6
Netherlands,NL,2020-50,GISAID,56193,360,0.6,Yes,B.1.1.7,5,1.4
Netherlands,NL,2020-50,GISAID,56193,360,0.6,Yes,B.1.351,0,0.0
Netherlands,NL,2020-50,GISAID,56193,360,0.6,Yes,P.1,0,0.0
Netherlands,NL,2020-50,GISAID,56193,360,0.6,Yes,Other,355,98.6
Netherlands,NL,2020-51,GISAID,76154,430,0.6,Yes,B.1.1.7,23,5.3
Netherlands,NL,2020-51,GISAID,76154,430,0.6,Yes,B.1.351,0,0.0
Netherlands,NL,2020-51,GISAID,76154,430,0.6,Yes,P.1,0,0.0
Netherlands,NL,2020-51,GISAID,76154,430,0.6,Yes,Other,407,94.7
Netherlands,NL,2020-52,GISAID,80594,543,0.7,Yes,B.1.1.7,48,8.8
Netherlands,NL,2020-52,GISAID,80594,543,0.7,Yes,B.1.351,2,0.4
Netherlands,NL,2020-52,GISAID,80594,543,0.7,Yes,P.1,0,0.0
Netherlands,NL,2020-52,GISAID,80594,543,0.7,Yes,Other,493,90.8
Netherlands,NL,2020-53,GISAID,50699,578,1.1,Yes,B.1.1.7,94,16.3
Netherlands,NL,2020-53,GISAID,50699,578,1.1,Yes,B.1.351,5,0.9
Netherlands,NL,2020-53,GISAID,50699,578,1.1,Yes,P.1,0,0.0
Netherlands,NL,2020-53,GISAID,50699,578,1.1,Yes,Other,479,82.9
Netherlands,NL,2021-01,GISAID,57026,752,1.3,Yes,B.1.1.7,111,14.8
Netherlands,NL,2021-01,GISAID,57026,752,1.3,Yes,B.1.351,6,0.8
Netherlands,NL,2021-01,GISAID,57026,752,1.3,Yes,P.1,0,0.0
Netherlands,NL,2021-01,GISAID,57026,752,1.3,Yes,Other,635,84.4
Netherlands,NL,2021-02,GISAID,38967,822,2.1,Yes,B.1.1.7,174,21.2
Netherlands,NL,2021-02,GISAID,38967,822,2.1,Yes,B.1.351,34,4.1
Netherlands,NL,2021-02,GISAID,38967,822,2.1,Yes,P.1,0,0.0
Netherlands,NL,2021-02,GISAID,38967,822,2.1,Yes,Other,614,74.7
Netherlands,NL,2021-03,GISAID,35590,833,2.3,Yes,B.1.1.7,205,24.6
Netherlands,NL,2021-03,GISAID,35590,833,2.3,Yes,B.1.351,17,2.0
Netherlands,NL,2021-03,GISAID,35590,833,2.3,Yes,P.1,0,0.0
Netherlands,NL,2021-03,GISAID,35590,833,2.3,Yes,Other,611,73.3
Netherlands,NL,2021-04,GISAID,28671,1093,3.8,Yes,B.1.1.7,326,29.8
Netherlands,NL,2021-04,GISAID,28671,1093,3.8,Yes,B.1.351,13,1.2
Netherlands,NL,2021-04,GISAID,28671,1093,3.8,Yes,P.1,3,0.3
Netherlands,NL,2021-04,GISAID,28671,1093,3.8,Yes,Other,751,68.7
Netherlands,NL,2021-05,GISAID,26270,1079,4.1,Yes,B.1.1.7,369,34.2
Netherlands,NL,2021-05,GISAID,26270,1079,4.1,Yes,B.1.351,28,2.6
Netherlands,NL,2021-05,GISAID,26270,1079,4.1,Yes,P.1,1,0.1
Netherlands,NL,2021-05,GISAID,26270,1079,4.1,Yes,Other,681,63.1
Netherlands,NL,2021-06,GISAID,24069,1046,4.3,Yes,B.1.1.7,378,36.1
Netherlands,NL,2021-06,GISAID,24069,1046,4.3,Yes,B.1.351,38,3.6
Netherlands,NL,2021-06,GISAID,24069,1046,4.3,Yes,P.1,4,0.4
Netherlands,NL,2021-06,GISAID,24069,1046,4.3,Yes,Other,626,59.8
Netherlands,NL,2021-07,GISAID,28657,1132,4.0,Yes,B.1.1.7,711,62.8
Netherlands,NL,2021-07,GISAID,28657,1132,4.0,Yes,B.1.351,46,4.1
Netherlands,NL,2021-07,GISAID,28657,1132,4.0,Yes,P.1,5,0.4
Netherlands,NL,2021-07,GISAID,28657,1132,4.0,Yes,Other,370,32.7
Netherlands,NL,2021-08,GISAID,31613,1303,4.1,Yes,B.1.1.7,997,76.5
Netherlands,NL,2021-08,GISAID,31613,1303,4.1,Yes,B.1.351,33,2.5
Netherlands,NL,2021-08,GISAID,31613,1303,4.1,Yes,P.1,11,0.8
Netherlands,NL,2021-08,GISAID,31613,1303,4.1,Yes,Other,261,20.0
Netherlands,NL,2021-09,GISAID,31428,1802,5.7,Yes,B.1.1.7,1491,82.7
Netherlands,NL,2021-09,GISAID,31428,1802,5.7,Yes,B.1.351,39,2.2
Netherlands,NL,2021-09,GISAID,31428,1802,5.7,Yes,P.1,27,1.5
Netherlands,NL,2021-09,GISAID,31428,1802,5.7,Yes,Other,245,13.6
Netherlands,NL,2021-10,GISAID,38713,2027,5.2,Yes,B.1.1.7,1758,86.7
Netherlands,NL,2021-10,GISAID,38713,2027,5.2,Yes,B.1.351,67,3.3
Netherlands,NL,2021-10,GISAID,38713,2027,5.2,Yes,P.1,18,0.9
Netherlands,NL,2021-10,GISAID,38713,2027,5.2,Yes,Other,184,9.1
Netherlands,NL,2021-11,GISAID,45084,1618,3.6,Yes,B.1.1.7,1432,88.5
Netherlands,NL,2021-11,GISAID,45084,1618,3.6,Yes,B.1.351,62,3.8
Netherlands,NL,2021-11,GISAID,45084,1618,3.6,Yes,P.1,41,2.5
Netherlands,NL,2021-11,GISAID,45084,1618,3.6,Yes,Other,83,5.1
Netherlands,NL,2021-12,GISAID,51280,1625,3.2,Yes,B.1.1.7,1487,91.5
Netherlands,NL,2021-12,GISAID,51280,1625,3.2,Yes,B.1.351,47,2.9
Netherlands,NL,2021-12,GISAID,51280,1625,3.2,Yes,P.1,46,2.8
Netherlands,NL,2021-12,GISAID,51280,1625,3.2,Yes,Other,43,2.6
Netherlands,NL,2021-13,GISAID,48242,1584,3.3,Yes,B.1.1.7,1484,93.7
Netherlands,NL,2021-13,GISAID,48242,1584,3.3,Yes,B.1.351,42,2.7
Netherlands,NL,2021-13,GISAID,48242,1584,3.3,Yes,P.1,21,1.3
Netherlands,NL,2021-13,GISAID,48242,1584,3.3,Yes,Other,36,2.3
Netherlands,NL,2021-14,GISAID,49814,708,1.4,Yes,B.1.1.7,664,93.8
Netherlands,NL,2021-14,GISAID,49814,708,1.4,Yes,B.1.351,16,2.3
Netherlands,NL,2021-14,GISAID,49814,708,1.4,Yes,P.1,17,2.4
Netherlands,NL,2021-14,GISAID,49814,708,1.4,Yes,Other,11,1.6
Netherlands,NL,2021-15,GISAID,53550,3,0.0,Yes,B.1.1.7,2,66.7
Netherlands,NL,2021-15,GISAID,53550,3,0.0,Yes,B.1.351,0,0.0
Netherlands,NL,2021-15,GISAID,53550,3,0.0,Yes,P.1,0,0.0
Netherlands,NL,2021-15,GISAID,53550,3,0.0,Yes,Other,1,33.3
Netherlands,NL,2021-16,GISAID,56272,0,0.0,Yes,B.1.1.7,0,
Netherlands,NL,2021-16,GISAID,56272,0,0.0,Yes,B.1.351,0,
Netherlands,NL,2021-16,GISAID,56272,0,0.0,Yes,P.1,0,
Netherlands,NL,2021-16,GISAID,56272,0,0.0,Yes,Other,0,
Norway,NO,2020-40,GISAID,743,60,8.1,Yes,B.1.1.7,0,0.0
Norway,NO,2020-40,GISAID,743,60,8.1,Yes,B.1.351,0,0.0
Norway,NO,2020-40,GISAID,743,60,8.1,Yes,P.1,0,0.0
Norway,NO,2020-40,GISAID,743,60,8.1,Yes,Other,60,100.0
Norway,NO,2020-41,GISAID,1072,44,4.1,Yes,B.1.1.7,0,0.0
Norway,NO,2020-41,GISAID,1072,44,4.1,Yes,B.1.351,0,0.0
Norway,NO,2020-41,GISAID,1072,44,4.1,Yes,P.1,0,0.0
Norway,NO,2020-41,GISAID,1072,44,4.1,Yes,Other,44,100.0
Norway,NO,2020-42,GISAID,915,56,6.1,Yes,B.1.1.7,0,0.0
Norway,NO,2020-42,GISAID,915,56,6.1,Yes,B.1.351,0,0.0
Norway,NO,2020-42,GISAID,915,56,6.1,Yes,P.1,0,0.0
Norway,NO,2020-42,GISAID,915,56,6.1,Yes,Other,56,100.0
Norway,NO,2020-43,GISAID,1096,66,6.0,Yes,B.1.1.7,0,0.0
Norway,NO,2020-43,GISAID,1096,66,6.0,Yes,B.1.351,0,0.0
Norway,NO,2020-43,GISAID,1096,66,6.0,Yes,P.1,0,0.0
Norway,NO,2020-43,GISAID,1096,66,6.0,Yes,Other,66,100.0
Norway,NO,2020-44,GISAID,2331,95,4.1,Yes,B.1.1.7,0,0.0
Norway,NO,2020-44,GISAID,2331,95,4.1,Yes,B.1.351,0,0.0
Norway,NO,2020-44,GISAID,2331,95,4.1,Yes,P.1,0,0.0
Norway,NO,2020-44,GISAID,2331,95,4.1,Yes,Other,95,100.0
Norway,NO,2020-45,GISAID,3662,66,1.8,Yes,B.1.1.7,0,0.0
Norway,NO,2020-45,GISAID,3662,66,1.8,Yes,B.1.351,0,0.0
Norway,NO,2020-45,GISAID,3662,66,1.8,Yes,P.1,0,0.0
Norway,NO,2020-45,GISAID,3662,66,1.8,Yes,Other,66,100.0
Norway,NO,2020-46,GISAID,4001,57,1.4,Yes,B.1.1.7,0,0.0
Norway,NO,2020-46,GISAID,4001,57,1.4,Yes,B.1.351,0,0.0
Norway,NO,2020-46,GISAID,4001,57,1.4,Yes,P.1,0,0.0
Norway,NO,2020-46,GISAID,4001,57,1.4,Yes,Other,57,100.0
Norway,NO,2020-47,GISAID,4212,52,1.2,Yes,B.1.1.7,0,0.0
Norway,NO,2020-47,GISAID,4212,52,1.2,Yes,B.1.351,0,0.0
Norway,NO,2020-47,GISAID,4212,52,1.2,Yes,P.1,0,0.0
Norway,NO,2020-47,GISAID,4212,52,1.2,Yes,Other,52,100.0
Norway,NO,2020-48,GISAID,3309,41,1.2,Yes,B.1.1.7,0,0.0
Norway,NO,2020-48,GISAID,3309,41,1.2,Yes,B.1.351,0,0.0
Norway,NO,2020-48,GISAID,3309,41,1.2,Yes,P.1,0,0.0
Norway,NO,2020-48,GISAID,3309,41,1.2,Yes,Other,41,100.0
Norway,NO,2020-49,GISAID,2624,86,3.3,Yes,B.1.1.7,0,0.0
Norway,NO,2020-49,GISAID,2624,86,3.3,Yes,B.1.351,0,0.0
Norway,NO,2020-49,GISAID,2624,86,3.3,Yes,P.1,0,0.0
Norway,NO,2020-49,GISAID,2624,86,3.3,Yes,Other,86,100.0
Norway,NO,2020-50,GISAID,3632,113,3.1,Yes,B.1.1.7,3,2.7
Norway,NO,2020-50,GISAID,3632,113,3.1,Yes,B.1.351,0,0.0
Norway,NO,2020-50,GISAID,3632,113,3.1,Yes,P.1,0,0.0
Norway,NO,2020-50,GISAID,3632,113,3.1,Yes,Other,110,97.3
Norway,NO,2020-51,GISAID,1772,123,6.9,Yes,B.1.1.7,11,8.9
Norway,NO,2020-51,GISAID,1772,123,6.9,Yes,B.1.351,0,0.0
Norway,NO,2020-51,GISAID,1772,123,6.9,Yes,P.1,0,0.0
Norway,NO,2020-51,GISAID,1772,123,6.9,Yes,Other,112,91.1
Norway,NO,2020-52,GISAID,4282,100,2.3,Yes,B.1.1.7,9,9.0
Norway,NO,2020-52,GISAID,4282,100,2.3,Yes,B.1.351,1,1.0
Norway,NO,2020-52,GISAID,4282,100,2.3,Yes,P.1,0,0.0
Norway,NO,2020-52,GISAID,4282,100,2.3,Yes,Other,90,90.0
Norway,NO,2020-53,GISAID,3658,120,3.3,Yes,B.1.1.7,13,10.8
Norway,NO,2020-53,GISAID,3658,120,3.3,Yes,B.1.351,0,0.0
Norway,NO,2020-53,GISAID,3658,120,3.3,Yes,P.1,0,0.0
Norway,NO,2020-53,GISAID,3658,120,3.3,Yes,Other,107,89.2
Norway,NO,2021-01,GISAID,4758,208,4.4,Yes,B.1.1.7,20,9.6
Norway,NO,2021-01,GISAID,4758,208,4.4,Yes,B.1.351,1,0.5
Norway,NO,2021-01,GISAID,4758,208,4.4,Yes,P.1,0,0.0
Norway,NO,2021-01,GISAID,4758,208,4.4,Yes,Other,187,89.9
Norway,NO,2021-02,GISAID,3178,212,6.7,Yes,B.1.1.7,25,11.8
Norway,NO,2021-02,GISAID,3178,212,6.7,Yes,B.1.351,2,0.9
Norway,NO,2021-02,GISAID,3178,212,6.7,Yes,P.1,0,0.0
Norway,NO,2021-02,GISAID,3178,212,6.7,Yes,Other,185,87.3
Norway,NO,2021-03,GISAID,2431,393,16.2,Yes,B.1.1.7,48,12.2
Norway,NO,2021-03,GISAID,2431,393,16.2,Yes,B.1.351,0,0.0
Norway,NO,2021-03,GISAID,2431,393,16.2,Yes,P.1,0,0.0
Norway,NO,2021-03,GISAID,2431,393,16.2,Yes,Other,345,87.8
Norway,NO,2021-04,GISAID,1884,455,24.2,Yes,B.1.1.7,107,23.5
Norway,NO,2021-04,GISAID,1884,455,24.2,Yes,B.1.351,2,0.4
Norway,NO,2021-04,GISAID,1884,455,24.2,Yes,P.1,0,0.0
Norway,NO,2021-04,GISAID,1884,455,24.2,Yes,Other,346,76.0
Norway,NO,2021-05,GISAID,1806,366,20.3,Yes,B.1.1.7,117,32.0
Norway,NO,2021-05,GISAID,1806,366,20.3,Yes,B.1.351,9,2.5
Norway,NO,2021-05,GISAID,1806,366,20.3,Yes,P.1,0,0.0
Norway,NO,2021-05,GISAID,1806,366,20.3,Yes,Other,238,65.0
Norway,NO,2021-06,GISAID,1729,290,16.8,Yes,B.1.1.7,112,38.6
Norway,NO,2021-06,GISAID,1729,290,16.8,Yes,B.1.351,24,8.3
Norway,NO,2021-06,GISAID,1729,290,16.8,Yes,P.1,0,0.0
Norway,NO,2021-06,GISAID,1729,290,16.8,Yes,Other,154,53.1
Norway,NO,2021-07,GISAID,2030,470,23.2,Yes,B.1.1.7,274,58.3
Norway,NO,2021-07,GISAID,2030,470,23.2,Yes,B.1.351,28,6.0
Norway,NO,2021-07,GISAID,2030,470,23.2,Yes,P.1,0,0.0
Norway,NO,2021-07,GISAID,2030,470,23.2,Yes,Other,168,35.7
Norway,NO,2021-08,GISAID,2471,516,20.9,Yes,B.1.1.7,366,70.9
Norway,NO,2021-08,GISAID,2471,516,20.9,Yes,B.1.351,61,11.8
Norway,NO,2021-08,GISAID,2471,516,20.9,Yes,P.1,1,0.2
Norway,NO,2021-08,GISAID,2471,516,20.9,Yes,Other,88,17.1
Norway,NO,2021-09,GISAID,3938,582,14.8,Yes,B.1.1.7,435,74.7
Norway,NO,2021-09,GISAID,3938,582,14.8,Yes,B.1.351,67,11.5
Norway,NO,2021-09,GISAID,3938,582,14.8,Yes,P.1,0,0.0
Norway,NO,2021-09,GISAID,3938,582,14.8,Yes,Other,80,13.7
Norway,NO,2021-10,GISAID,5500,519,9.4,Yes,B.1.1.7,421,81.1
Norway,NO,2021-10,GISAID,5500,519,9.4,Yes,B.1.351,50,9.6
Norway,NO,2021-10,GISAID,5500,519,9.4,Yes,P.1,1,0.2
Norway,NO,2021-10,GISAID,5500,519,9.4,Yes,Other,47,9.1
Norway,NO,2021-11,GISAID,6499,389,6.0,Yes,B.1.1.7,335,86.1
Norway,NO,2021-11,GISAID,6499,389,6.0,Yes,B.1.351,21,5.4
Norway,NO,2021-11,GISAID,6499,389,6.0,Yes,P.1,1,0.3
Norway,NO,2021-11,GISAID,6499,389,6.0,Yes,Other,32,8.2
Norway,NO,2021-12,GISAID,6206,132,2.1,Yes,B.1.1.7,124,93.9
Norway,NO,2021-12,GISAID,6206,132,2.1,Yes,B.1.351,5,3.8
Norway,NO,2021-12,GISAID,6206,132,2.1,Yes,P.1,0,0.0
Norway,NO,2021-12,GISAID,6206,132,2.1,Yes,Other,3,2.3
Norway,NO,2021-13,GISAID,5529,59,1.1,Yes,B.1.1.7,52,88.1
Norway,NO,2021-13,GISAID,5529,59,1.1,Yes,B.1.351,7,11.9
Norway,NO,2021-13,GISAID,5529,59,1.1,Yes,P.1,0,0.0
Norway,NO,2021-13,GISAID,5529,59,1.1,Yes,Other,0,0.0
Norway,NO,2021-14,GISAID,4946,28,0.6,Yes,B.1.1.7,27,96.4
Norway,NO,2021-14,GISAID,4946,28,0.6,Yes,B.1.351,1,3.6
Norway,NO,2021-14,GISAID,4946,28,0.6,Yes,P.1,0,0.0
Norway,NO,2021-14,GISAID,4946,28,0.6,Yes,Other,0,0.0
Norway,NO,2021-15,GISAID,3890,30,0.8,Yes,B.1.1.7,29,96.7
Norway,NO,2021-15,GISAID,3890,30,0.8,Yes,B.1.351,0,0.0
Norway,NO,2021-15,GISAID,3890,30,0.8,Yes,P.1,0,0.0
Norway,NO,2021-15,GISAID,3890,30,0.8,Yes,Other,1,3.3
Norway,NO,2021-16,GISAID,3101,9,0.3,Yes,B.1.1.7,9,100.0
Norway,NO,2021-16,GISAID,3101,9,0.3,Yes,B.1.351,0,0.0
Norway,NO,2021-16,GISAID,3101,9,0.3,Yes,P.1,0,0.0
Norway,NO,2021-16,GISAID,3101,9,0.3,Yes,Other,0,0.0
Norway,NO,2020-40,TESSy,743,55,7.4,Yes,B.1.1.7,0,0.0
Norway,NO,2020-40,TESSy,743,55,7.4,Yes,B.1.351,0,0.0
Norway,NO,2020-40,TESSy,743,55,7.4,Yes,P.1,0,0.0
Norway,NO,2020-40,TESSy,743,55,7.4,Yes,Other,55,100.0
Norway,NO,2020-41,TESSy,1072,66,6.2,Yes,B.1.1.7,0,0.0
Norway,NO,2020-41,TESSy,1072,66,6.2,Yes,B.1.351,0,0.0
Norway,NO,2020-41,TESSy,1072,66,6.2,Yes,P.1,0,0.0
Norway,NO,2020-41,TESSy,1072,66,6.2,Yes,Other,66,100.0
Norway,NO,2020-42,TESSy,915,62,6.8,Yes,B.1.1.7,0,0.0
Norway,NO,2020-42,TESSy,915,62,6.8,Yes,B.1.351,0,0.0
Norway,NO,2020-42,TESSy,915,62,6.8,Yes,P.1,0,0.0
Norway,NO,2020-42,TESSy,915,62,6.8,Yes,Other,62,100.0
Norway,NO,2020-43,TESSy,1096,72,6.6,Yes,B.1.1.7,0,0.0
Norway,NO,2020-43,TESSy,1096,72,6.6,Yes,B.1.351,0,0.0
Norway,NO,2020-43,TESSy,1096,72,6.6,Yes,P.1,0,0.0
Norway,NO,2020-43,TESSy,1096,72,6.6,Yes,Other,72,100.0
Norway,NO,2020-44,TESSy,2331,106,4.5,Yes,B.1.1.7,0,0.0
Norway,NO,2020-44,TESSy,2331,106,4.5,Yes,B.1.351,0,0.0
Norway,NO,2020-44,TESSy,2331,106,4.5,Yes,P.1,0,0.0
Norway,NO,2020-44,TESSy,2331,106,4.5,Yes,Other,106,100.0
Norway,NO,2020-45,TESSy,3662,65,1.8,Yes,B.1.1.7,0,0.0
Norway,NO,2020-45,TESSy,3662,65,1.8,Yes,B.1.351,0,0.0
Norway,NO,2020-45,TESSy,3662,65,1.8,Yes,P.1,0,0.0
Norway,NO,2020-45,TESSy,3662,65,1.8,Yes,Other,65,100.0
Norway,NO,2020-46,TESSy,4001,60,1.5,Yes,B.1.1.7,0,0.0
Norway,NO,2020-46,TESSy,4001,60,1.5,Yes,B.1.351,0,0.0
Norway,NO,2020-46,TESSy,4001,60,1.5,Yes,P.1,0,0.0
Norway,NO,2020-46,TESSy,4001,60,1.5,Yes,Other,60,100.0
Norway,NO,2020-47,TESSy,4212,54,1.3,Yes,B.1.1.7,0,0.0
Norway,NO,2020-47,TESSy,4212,54,1.3,Yes,B.1.351,0,0.0
Norway,NO,2020-47,TESSy,4212,54,1.3,Yes,P.1,0,0.0
Norway,NO,2020-47,TESSy,4212,54,1.3,Yes,Other,54,100.0
Norway,NO,2020-48,TESSy,3309,57,1.7,Yes,B.1.1.7,1,1.8
Norway,NO,2020-48,TESSy,3309,57,1.7,Yes,B.1.351,0,0.0
Norway,NO,2020-48,TESSy,3309,57,1.7,Yes,P.1,0,0.0
Norway,NO,2020-48,TESSy,3309,57,1.7,Yes,Other,56,98.2
Norway,NO,2020-49,TESSy,2624,96,3.7,Yes,B.1.1.7,0,0.0
Norway,NO,2020-49,TESSy,2624,96,3.7,Yes,B.1.351,0,0.0
Norway,NO,2020-49,TESSy,2624,96,3.7,Yes,P.1,0,0.0
Norway,NO,2020-49,TESSy,2624,96,3.7,Yes,Other,96,100.0
Norway,NO,2020-50,TESSy,3632,117,3.2,Yes,B.1.1.7,6,5.1
Norway,NO,2020-50,TESSy,3632,117,3.2,Yes,B.1.351,0,0.0
Norway,NO,2020-50,TESSy,3632,117,3.2,Yes,P.1,0,0.0
Norway,NO,2020-50,TESSy,3632,117,3.2,Yes,Other,111,94.9
Norway,NO,2020-51,TESSy,1772,174,9.8,Yes,B.1.1.7,9,5.2
Norway,NO,2020-51,TESSy,1772,174,9.8,Yes,B.1.351,0,0.0
Norway,NO,2020-51,TESSy,1772,174,9.8,Yes,P.1,0,0.0
Norway,NO,2020-51,TESSy,1772,174,9.8,Yes,Other,165,94.8
Norway,NO,2020-52,TESSy,4282,194,4.5,Yes,B.1.1.7,10,5.2
Norway,NO,2020-52,TESSy,4282,194,4.5,Yes,B.1.351,1,0.5
Norway,NO,2020-52,TESSy,4282,194,4.5,Yes,P.1,0,0.0
Norway,NO,2020-52,TESSy,4282,194,4.5,Yes,Other,183,94.3
Norway,NO,2020-53,TESSy,3658,248,6.8,Yes,B.1.1.7,27,10.9
Norway,NO,2020-53,TESSy,3658,248,6.8,Yes,B.1.351,0,0.0
Norway,NO,2020-53,TESSy,3658,248,6.8,Yes,P.1,0,0.0
Norway,NO,2020-53,TESSy,3658,248,6.8,Yes,Other,221,89.1
Norway,NO,2021-01,TESSy,4758,420,8.8,Yes,B.1.1.7,67,16.0
Norway,NO,2021-01,TESSy,4758,420,8.8,Yes,B.1.351,0,0.0
Norway,NO,2021-01,TESSy,4758,420,8.8,Yes,P.1,0,0.0
Norway,NO,2021-01,TESSy,4758,420,8.8,Yes,Other,353,84.0
Norway,NO,2021-02,TESSy,3178,327,10.3,Yes,B.1.1.7,51,15.6
Norway,NO,2021-02,TESSy,3178,327,10.3,Yes,B.1.351,3,0.9
Norway,NO,2021-02,TESSy,3178,327,10.3,Yes,P.1,0,0.0
Norway,NO,2021-02,TESSy,3178,327,10.3,Yes,Other,273,83.5
Norway,NO,2021-03,TESSy,2431,606,24.9,Yes,B.1.1.7,84,13.9
Norway,NO,2021-03,TESSy,2431,606,24.9,Yes,B.1.351,1,0.2
Norway,NO,2021-03,TESSy,2431,606,24.9,Yes,P.1,0,0.0
Norway,NO,2021-03,TESSy,2431,606,24.9,Yes,Other,521,86.0
Norway,NO,2021-04,TESSy,1884,949,50.4,Yes,B.1.1.7,177,18.7
Norway,NO,2021-04,TESSy,1884,949,50.4,Yes,B.1.351,7,0.7
Norway,NO,2021-04,TESSy,1884,949,50.4,Yes,P.1,0,0.0
Norway,NO,2021-04,TESSy,1884,949,50.4,Yes,Other,765,80.6
Norway,NO,2021-05,TESSy,1806,908,50.3,Yes,B.1.1.7,280,30.8
Norway,NO,2021-05,TESSy,1806,908,50.3,Yes,B.1.351,26,2.9
Norway,NO,2021-05,TESSy,1806,908,50.3,Yes,P.1,0,0.0
Norway,NO,2021-05,TESSy,1806,908,50.3,Yes,Other,602,66.3
Norway,NO,2021-06,TESSy,1729,1027,59.4,Yes,B.1.1.7,297,28.9
Norway,NO,2021-06,TESSy,1729,1027,59.4,Yes,B.1.351,44,4.3
Norway,NO,2021-06,TESSy,1729,1027,59.4,Yes,P.1,0,0.0
Norway,NO,2021-06,TESSy,1729,1027,59.4,Yes,Other,686,66.8
Norway,NO,2021-07,TESSy,2030,1418,69.9,Yes,B.1.1.7,528,37.2
Norway,NO,2021-07,TESSy,2030,1418,69.9,Yes,B.1.351,45,3.2
Norway,NO,2021-07,TESSy,2030,1418,69.9,Yes,P.1,0,0.0
Norway,NO,2021-07,TESSy,2030,1418,69.9,Yes,Other,845,59.6
Norway,NO,2021-08,TESSy,2471,2343,94.8,Yes,B.1.1.7,643,27.4
Norway,NO,2021-08,TESSy,2471,2343,94.8,Yes,B.1.351,82,3.5
Norway,NO,2021-08,TESSy,2471,2343,94.8,Yes,P.1,0,0.0
Norway,NO,2021-08,TESSy,2471,2343,94.8,Yes,Other,1618,69.1
Norway,NO,2021-09,TESSy,3938,3338,84.8,Yes,B.1.1.7,958,28.7
Norway,NO,2021-09,TESSy,3938,3338,84.8,Yes,B.1.351,96,2.9
Norway,NO,2021-09,TESSy,3938,3338,84.8,Yes,P.1,0,0.0
Norway,NO,2021-09,TESSy,3938,3338,84.8,Yes,Other,2284,68.4
Norway,NO,2021-10,TESSy,5500,2570,46.7,Yes,B.1.1.7,998,38.8
Norway,NO,2021-10,TESSy,5500,2570,46.7,Yes,B.1.351,64,2.5
Norway,NO,2021-10,TESSy,5500,2570,46.7,Yes,P.1,0,0.0
Norway,NO,2021-10,TESSy,5500,2570,46.7,Yes,Other,1508,58.7
Norway,NO,2021-11,TESSy,6499,3184,49.0,Yes,B.1.1.7,1233,38.7
Norway,NO,2021-11,TESSy,6499,3184,49.0,Yes,B.1.351,42,1.3
Norway,NO,2021-11,TESSy,6499,3184,49.0,Yes,P.1,0,0.0
Norway,NO,2021-11,TESSy,6499,3184,49.0,Yes,Other,1909,60.0
Norway,NO,2021-12,TESSy,6206,2738,44.1,Yes,B.1.1.7,846,30.9
Norway,NO,2021-12,TESSy,6206,2738,44.1,Yes,B.1.351,44,1.6
Norway,NO,2021-12,TESSy,6206,2738,44.1,Yes,P.1,0,0.0
Norway,NO,2021-12,TESSy,6206,2738,44.1,Yes,Other,1848,67.5
Norway,NO,2021-13,TESSy,5529,2288,41.4,Yes,B.1.1.7,546,23.9
Norway,NO,2021-13,TESSy,5529,2288,41.4,Yes,B.1.351,42,1.8
Norway,NO,2021-13,TESSy,5529,2288,41.4,Yes,P.1,0,0.0
Norway,NO,2021-13,TESSy,5529,2288,41.4,Yes,Other,1700,74.3
Norway,NO,2021-14,TESSy,4946,2913,58.9,Yes,B.1.1.7,921,31.6
Norway,NO,2021-14,TESSy,4946,2913,58.9,Yes,B.1.351,41,1.4
Norway,NO,2021-14,TESSy,4946,2913,58.9,Yes,P.1,0,0.0
Norway,NO,2021-14,TESSy,4946,2913,58.9,Yes,Other,1951,67.0
Norway,NO,2021-15,TESSy,3890,2406,61.9,Yes,B.1.1.7,592,24.6
Norway,NO,2021-15,TESSy,3890,2406,61.9,Yes,B.1.351,16,0.7
Norway,NO,2021-15,TESSy,3890,2406,61.9,Yes,P.1,0,0.0
Norway,NO,2021-15,TESSy,3890,2406,61.9,Yes,Other,1798,74.7
Norway,NO,2021-16,TESSy,3101,1585,51.1,Yes,B.1.1.7,101,6.4
Norway,NO,2021-16,TESSy,3101,1585,51.1,Yes,B.1.351,0,0.0
Norway,NO,2021-16,TESSy,3101,1585,51.1,Yes,P.1,0,0.0
Norway,NO,2021-16,TESSy,3101,1585,51.1,Yes,Other,1484,93.6
Poland,PL,2020-40,GISAID,10810,1,0.0,Yes,B.1.1.7,0,0.0
Poland,PL,2020-40,GISAID,10810,1,0.0,Yes,B.1.351,0,0.0
Poland,PL,2020-40,GISAID,10810,1,0.0,Yes,P.1,0,0.0
Poland,PL,2020-40,GISAID,10810,1,0.0,Yes,Other,1,100.0
Poland,PL,2020-41,GISAID,27676,0,0.0,Yes,B.1.1.7,0,
Poland,PL,2020-41,GISAID,27676,0,0.0,Yes,B.1.351,0,
Poland,PL,2020-41,GISAID,27676,0,0.0,Yes,P.1,0,
Poland,PL,2020-41,GISAID,27676,0,0.0,Yes,Other,0,
Poland,PL,2020-42,GISAID,49950,0,0.0,Yes,B.1.1.7,0,
Poland,PL,2020-42,GISAID,49950,0,0.0,Yes,B.1.351,0,
Poland,PL,2020-42,GISAID,49950,0,0.0,Yes,P.1,0,
Poland,PL,2020-42,GISAID,49950,0,0.0,Yes,Other,0,
Poland,PL,2020-43,GISAID,77922,0,0.0,Yes,B.1.1.7,0,
Poland,PL,2020-43,GISAID,77922,0,0.0,Yes,B.1.351,0,
Poland,PL,2020-43,GISAID,77922,0,0.0,Yes,P.1,0,
Poland,PL,2020-43,GISAID,77922,0,0.0,Yes,Other,0,
Poland,PL,2020-44,GISAID,126214,1,0.0,Yes,B.1.1.7,0,0.0
Poland,PL,2020-44,GISAID,126214,1,0.0,Yes,B.1.351,0,0.0
Poland,PL,2020-44,GISAID,126214,1,0.0,Yes,P.1,0,0.0
Poland,PL,2020-44,GISAID,126214,1,0.0,Yes,Other,1,100.0
Poland,PL,2020-45,GISAID,166523,1,0.0,Yes,B.1.1.7,0,0.0
Poland,PL,2020-45,GISAID,166523,1,0.0,Yes,B.1.351,0,0.0
Poland,PL,2020-45,GISAID,166523,1,0.0,Yes,P.1,0,0.0
Poland,PL,2020-45,GISAID,166523,1,0.0,Yes,Other,1,100.0
Poland,PL,2020-46,GISAID,166547,0,0.0,Yes,B.1.1.7,0,
Poland,PL,2020-46,GISAID,166547,0,0.0,Yes,B.1.351,0,
Poland,PL,2020-46,GISAID,166547,0,0.0,Yes,P.1,0,
Poland,PL,2020-46,GISAID,166547,0,0.0,Yes,Other,0,
Poland,PL,2020-47,GISAID,148359,13,0.0,Yes,B.1.1.7,0,0.0
Poland,PL,2020-47,GISAID,148359,13,0.0,Yes,B.1.351,0,0.0
Poland,PL,2020-47,GISAID,148359,13,0.0,Yes,P.1,0,0.0
Poland,PL,2020-47,GISAID,148359,13,0.0,Yes,Other,13,100.0
Poland,PL,2020-48,GISAID,123744,0,0.0,Yes,B.1.1.7,0,
Poland,PL,2020-48,GISAID,123744,0,0.0,Yes,B.1.351,0,
Poland,PL,2020-48,GISAID,123744,0,0.0,Yes,P.1,0,
Poland,PL,2020-48,GISAID,123744,0,0.0,Yes,Other,0,
Poland,PL,2020-49,GISAID,78374,0,0.0,Yes,B.1.1.7,0,
Poland,PL,2020-49,GISAID,78374,0,0.0,Yes,B.1.351,0,
Poland,PL,2020-49,GISAID,78374,0,0.0,Yes,P.1,0,
Poland,PL,2020-49,GISAID,78374,0,0.0,Yes,Other,0,
Poland,PL,2020-50,GISAID,72227,0,0.0,Yes,B.1.1.7,0,
Poland,PL,2020-50,GISAID,72227,0,0.0,Yes,B.1.351,0,
Poland,PL,2020-50,GISAID,72227,0,0.0,Yes,P.1,0,
Poland,PL,2020-50,GISAID,72227,0,0.0,Yes,Other,0,
Poland,PL,2020-51,GISAID,67024,10,0.0,Yes,B.1.1.7,0,0.0
Poland,PL,2020-51,GISAID,67024,10,0.0,Yes,B.1.351,0,0.0
Poland,PL,2020-51,GISAID,67024,10,0.0,Yes,P.1,0,0.0
Poland,PL,2020-51,GISAID,67024,10,0.0,Yes,Other,10,100.0
Poland,PL,2020-52,GISAID,58310,96,0.2,Yes,B.1.1.7,1,1.0
Poland,PL,2020-52,GISAID,58310,96,0.2,Yes,B.1.351,0,0.0
Poland,PL,2020-52,GISAID,58310,96,0.2,Yes,P.1,0,0.0
Poland,PL,2020-52,GISAID,58310,96,0.2,Yes,Other,95,99.0
Poland,PL,2020-53,GISAID,61937,6,0.0,Yes,B.1.1.7,0,0.0
Poland,PL,2020-53,GISAID,61937,6,0.0,Yes,B.1.351,0,0.0
Poland,PL,2020-53,GISAID,61937,6,0.0,Yes,P.1,0,0.0
Poland,PL,2020-53,GISAID,61937,6,0.0,Yes,Other,6,100.0
Poland,PL,2021-01,GISAID,67438,53,0.1,Yes,B.1.1.7,1,1.9
Poland,PL,2021-01,GISAID,67438,53,0.1,Yes,B.1.351,0,0.0
Poland,PL,2021-01,GISAID,67438,53,0.1,Yes,P.1,0,0.0
Poland,PL,2021-01,GISAID,67438,53,0.1,Yes,Other,52,98.1
Poland,PL,2021-02,GISAID,48529,124,0.3,Yes,B.1.1.7,17,13.7
Poland,PL,2021-02,GISAID,48529,124,0.3,Yes,B.1.351,0,0.0
Poland,PL,2021-02,GISAID,48529,124,0.3,Yes,P.1,0,0.0
Poland,PL,2021-02,GISAID,48529,124,0.3,Yes,Other,107,86.3
Poland,PL,2021-03,GISAID,39205,77,0.2,Yes,B.1.1.7,5,6.5
Poland,PL,2021-03,GISAID,39205,77,0.2,Yes,B.1.351,0,0.0
Poland,PL,2021-03,GISAID,39205,77,0.2,Yes,P.1,0,0.0
Poland,PL,2021-03,GISAID,39205,77,0.2,Yes,Other,72,93.5
Poland,PL,2021-04,GISAID,35266,202,0.6,Yes,B.1.1.7,26,12.9
Poland,PL,2021-04,GISAID,35266,202,0.6,Yes,B.1.351,0,0.0
Poland,PL,2021-04,GISAID,35266,202,0.6,Yes,P.1,0,0.0
Poland,PL,2021-04,GISAID,35266,202,0.6,Yes,Other,176,87.1
Poland,PL,2021-05,GISAID,39301,165,0.4,Yes,B.1.1.7,41,24.8
Poland,PL,2021-05,GISAID,39301,165,0.4,Yes,B.1.351,0,0.0
Poland,PL,2021-05,GISAID,39301,165,0.4,Yes,P.1,0,0.0
Poland,PL,2021-05,GISAID,39301,165,0.4,Yes,Other,124,75.2
Poland,PL,2021-06,GISAID,38811,252,0.6,Yes,B.1.1.7,119,47.2
Poland,PL,2021-06,GISAID,38811,252,0.6,Yes,B.1.351,3,1.2
Poland,PL,2021-06,GISAID,38811,252,0.6,Yes,P.1,0,0.0
Poland,PL,2021-06,GISAID,38811,252,0.6,Yes,Other,130,51.6
Poland,PL,2021-07,GISAID,47270,454,1.0,Yes,B.1.1.7,273,60.1
Poland,PL,2021-07,GISAID,47270,454,1.0,Yes,B.1.351,1,0.2
Poland,PL,2021-07,GISAID,47270,454,1.0,Yes,P.1,0,0.0
Poland,PL,2021-07,GISAID,47270,454,1.0,Yes,Other,180,39.6
Poland,PL,2021-08,GISAID,73005,677,0.9,Yes,B.1.1.7,473,69.9
Poland,PL,2021-08,GISAID,73005,677,0.9,Yes,B.1.351,3,0.4
Poland,PL,2021-08,GISAID,73005,677,0.9,Yes,P.1,0,0.0
Poland,PL,2021-08,GISAID,73005,677,0.9,Yes,Other,201,29.7
Poland,PL,2021-09,GISAID,89311,731,0.8,Yes,B.1.1.7,596,81.5
Poland,PL,2021-09,GISAID,89311,731,0.8,Yes,B.1.351,2,0.3
Poland,PL,2021-09,GISAID,89311,731,0.8,Yes,P.1,0,0.0
Poland,PL,2021-09,GISAID,89311,731,0.8,Yes,Other,133,18.2
Poland,PL,2021-10,GISAID,116444,1084,0.9,Yes,B.1.1.7,968,89.3
Poland,PL,2021-10,GISAID,116444,1084,0.9,Yes,B.1.351,2,0.2
Poland,PL,2021-10,GISAID,116444,1084,0.9,Yes,P.1,0,0.0
Poland,PL,2021-10,GISAID,116444,1084,0.9,Yes,Other,114,10.5
Poland,PL,2021-11,GISAID,155602,776,0.5,Yes,B.1.1.7,730,94.1
Poland,PL,2021-11,GISAID,155602,776,0.5,Yes,B.1.351,1,0.1
Poland,PL,2021-11,GISAID,155602,776,0.5,Yes,P.1,0,0.0
Poland,PL,2021-11,GISAID,155602,776,0.5,Yes,Other,45,5.8
Poland,PL,2021-12,GISAID,194835,718,0.4,Yes,B.1.1.7,692,96.4
Poland,PL,2021-12,GISAID,194835,718,0.4,Yes,B.1.351,3,0.4
Poland,PL,2021-12,GISAID,194835,718,0.4,Yes,P.1,0,0.0
Poland,PL,2021-12,GISAID,194835,718,0.4,Yes,Other,23,3.2
Poland,PL,2021-13,GISAID,180499,318,0.2,Yes,B.1.1.7,310,97.5
Poland,PL,2021-13,GISAID,180499,318,0.2,Yes,B.1.351,1,0.3
Poland,PL,2021-13,GISAID,180499,318,0.2,Yes,P.1,0,0.0
Poland,PL,2021-13,GISAID,180499,318,0.2,Yes,Other,7,2.2
Poland,PL,2021-14,GISAID,138184,178,0.1,Yes,B.1.1.7,177,99.4
Poland,PL,2021-14,GISAID,138184,178,0.1,Yes,B.1.351,0,0.0
Poland,PL,2021-14,GISAID,138184,178,0.1,Yes,P.1,0,0.0
Poland,PL,2021-14,GISAID,138184,178,0.1,Yes,Other,1,0.6
Poland,PL,2021-15,GISAID,108680,54,0.0,Yes,B.1.1.7,51,94.4
Poland,PL,2021-15,GISAID,108680,54,0.0,Yes,B.1.351,0,0.0
Poland,PL,2021-15,GISAID,108680,54,0.0,Yes,P.1,2,3.7
Poland,PL,2021-15,GISAID,108680,54,0.0,Yes,Other,1,1.9
Poland,PL,2021-16,GISAID,66996,0,0.0,Yes,B.1.1.7,0,
Poland,PL,2021-16,GISAID,66996,0,0.0,Yes,B.1.351,0,
Poland,PL,2021-16,GISAID,66996,0,0.0,Yes,P.1,0,
Poland,PL,2021-16,GISAID,66996,0,0.0,Yes,Other,0,
Poland,PL,2021-08,TESSy,73005,86,0.1,Yes,B.1.1.7,16,18.6
Poland,PL,2021-08,TESSy,73005,86,0.1,Yes,B.1.351,0,0.0
Poland,PL,2021-08,TESSy,73005,86,0.1,Yes,P.1,0,0.0
Poland,PL,2021-08,TESSy,73005,86,0.1,Yes,Other,70,81.4
Poland,PL,2021-09,TESSy,89311,5,0.0,Yes,B.1.1.7,1,20.0
Poland,PL,2021-09,TESSy,89311,5,0.0,Yes,B.1.351,0,0.0
Poland,PL,2021-09,TESSy,89311,5,0.0,Yes,P.1,0,0.0
Poland,PL,2021-09,TESSy,89311,5,0.0,Yes,Other,4,80.0
Poland,PL,2021-10,TESSy,116444,521,0.4,Yes,B.1.1.7,295,56.6
Poland,PL,2021-10,TESSy,116444,521,0.4,Yes,B.1.351,1,0.2
Poland,PL,2021-10,TESSy,116444,521,0.4,Yes,P.1,0,0.0
Poland,PL,2021-10,TESSy,116444,521,0.4,Yes,Other,225,43.2
Poland,PL,2021-12,TESSy,194835,329,0.2,Yes,B.1.1.7,221,67.2
Poland,PL,2021-12,TESSy,194835,329,0.2,Yes,B.1.351,0,0.0
Poland,PL,2021-12,TESSy,194835,329,0.2,Yes,P.1,0,0.0
Poland,PL,2021-12,TESSy,194835,329,0.2,Yes,Other,108,32.8
Poland,PL,2021-14,TESSy,138184,1,0.0,No,Other,1,
Portugal,PT,2020-40,GISAID,4643,0,0.0,Yes,B.1.1.7,0,
Portugal,PT,2020-40,GISAID,4643,0,0.0,Yes,B.1.351,0,
Portugal,PT,2020-40,GISAID,4643,0,0.0,Yes,P.1,0,
Portugal,PT,2020-40,GISAID,4643,0,0.0,Yes,Other,0,
Portugal,PT,2020-41,GISAID,8417,0,0.0,Yes,B.1.1.7,0,
Portugal,PT,2020-41,GISAID,8417,0,0.0,Yes,B.1.351,0,
Portugal,PT,2020-41,GISAID,8417,0,0.0,Yes,P.1,0,
Portugal,PT,2020-41,GISAID,8417,0,0.0,Yes,Other,0,
Portugal,PT,2020-42,GISAID,13247,0,0.0,Yes,B.1.1.7,0,
Portugal,PT,2020-42,GISAID,13247,0,0.0,Yes,B.1.351,0,
Portugal,PT,2020-42,GISAID,13247,0,0.0,Yes,P.1,0,
Portugal,PT,2020-42,GISAID,13247,0,0.0,Yes,Other,0,
Portugal,PT,2020-43,GISAID,18775,1,0.0,Yes,B.1.1.7,0,0.0
Portugal,PT,2020-43,GISAID,18775,1,0.0,Yes,B.1.351,0,0.0
Portugal,PT,2020-43,GISAID,18775,1,0.0,Yes,P.1,0,0.0
Portugal,PT,2020-43,GISAID,18775,1,0.0,Yes,Other,1,100.0
Portugal,PT,2020-44,GISAID,25655,0,0.0,Yes,B.1.1.7,0,
Portugal,PT,2020-44,GISAID,25655,0,0.0,Yes,B.1.351,0,
Portugal,PT,2020-44,GISAID,25655,0,0.0,Yes,P.1,0,
Portugal,PT,2020-44,GISAID,25655,0,0.0,Yes,Other,0,
Portugal,PT,2020-45,GISAID,34983,27,0.1,Yes,B.1.1.7,0,0.0
Portugal,PT,2020-45,GISAID,34983,27,0.1,Yes,B.1.351,0,0.0
Portugal,PT,2020-45,GISAID,34983,27,0.1,Yes,P.1,0,0.0
Portugal,PT,2020-45,GISAID,34983,27,0.1,Yes,Other,27,100.0
Portugal,PT,2020-46,GISAID,37977,339,0.9,Yes,B.1.1.7,1,0.3
Portugal,PT,2020-46,GISAID,37977,339,0.9,Yes,B.1.351,0,0.0
Portugal,PT,2020-46,GISAID,37977,339,0.9,Yes,P.1,0,0.0
Portugal,PT,2020-46,GISAID,37977,339,0.9,Yes,Other,338,99.7
Portugal,PT,2020-47,GISAID,43457,32,0.1,Yes,B.1.1.7,0,0.0
Portugal,PT,2020-47,GISAID,43457,32,0.1,Yes,B.1.351,0,0.0
Portugal,PT,2020-47,GISAID,43457,32,0.1,Yes,P.1,0,0.0
Portugal,PT,2020-47,GISAID,43457,32,0.1,Yes,Other,32,100.0
Portugal,PT,2020-48,GISAID,34041,19,0.1,Yes,B.1.1.7,0,0.0
Portugal,PT,2020-48,GISAID,34041,19,0.1,Yes,B.1.351,0,0.0
Portugal,PT,2020-48,GISAID,34041,19,0.1,Yes,P.1,0,0.0
Portugal,PT,2020-48,GISAID,34041,19,0.1,Yes,Other,19,100.0
Portugal,PT,2020-49,GISAID,27675,9,0.0,Yes,B.1.1.7,0,0.0
Portugal,PT,2020-49,GISAID,27675,9,0.0,Yes,B.1.351,0,0.0
Portugal,PT,2020-49,GISAID,27675,9,0.0,Yes,P.1,0,0.0
Portugal,PT,2020-49,GISAID,27675,9,0.0,Yes,Other,9,100.0
Portugal,PT,2020-50,GISAID,26270,8,0.0,Yes,B.1.1.7,1,12.5
Portugal,PT,2020-50,GISAID,26270,8,0.0,Yes,B.1.351,0,0.0
Portugal,PT,2020-50,GISAID,26270,8,0.0,Yes,P.1,0,0.0
Portugal,PT,2020-50,GISAID,26270,8,0.0,Yes,Other,7,87.5
Portugal,PT,2020-51,GISAID,25377,29,0.1,Yes,B.1.1.7,19,65.5
Portugal,PT,2020-51,GISAID,25377,29,0.1,Yes,B.1.351,0,0.0
Portugal,PT,2020-51,GISAID,25377,29,0.1,Yes,P.1,0,0.0
Portugal,PT,2020-51,GISAID,25377,29,0.1,Yes,Other,10,34.5
Portugal,PT,2020-52,GISAID,22545,207,0.9,Yes,B.1.1.7,37,17.9
Portugal,PT,2020-52,GISAID,22545,207,0.9,Yes,B.1.351,0,0.0
Portugal,PT,2020-52,GISAID,22545,207,0.9,Yes,P.1,0,0.0
Portugal,PT,2020-52,GISAID,22545,207,0.9,Yes,Other,170,82.1
Portugal,PT,2020-53,GISAID,34957,69,0.2,Yes,B.1.1.7,37,53.6
Portugal,PT,2020-53,GISAID,34957,69,0.2,Yes,B.1.351,1,1.4
Portugal,PT,2020-53,GISAID,34957,69,0.2,Yes,P.1,0,0.0
Portugal,PT,2020-53,GISAID,34957,69,0.2,Yes,Other,31,44.9
Portugal,PT,2021-01,GISAID,57670,229,0.4,Yes,B.1.1.7,37,16.2
Portugal,PT,2021-01,GISAID,57670,229,0.4,Yes,B.1.351,2,0.9
Portugal,PT,2021-01,GISAID,57670,229,0.4,Yes,P.1,0,0.0
Portugal,PT,2021-01,GISAID,57670,229,0.4,Yes,Other,190,83.0
Portugal,PT,2021-02,GISAID,67210,658,1.0,Yes,B.1.1.7,81,12.3
Portugal,PT,2021-02,GISAID,67210,658,1.0,Yes,B.1.351,0,0.0
Portugal,PT,2021-02,GISAID,67210,658,1.0,Yes,P.1,0,0.0
Portugal,PT,2021-02,GISAID,67210,658,1.0,Yes,Other,577,87.7
Portugal,PT,2021-03,GISAID,86610,56,0.1,Yes,B.1.1.7,30,53.6
Portugal,PT,2021-03,GISAID,86610,56,0.1,Yes,B.1.351,0,0.0
Portugal,PT,2021-03,GISAID,86610,56,0.1,Yes,P.1,0,0.0
Portugal,PT,2021-03,GISAID,86610,56,0.1,Yes,Other,26,46.4
Portugal,PT,2021-04,GISAID,83208,119,0.1,Yes,B.1.1.7,41,34.5
Portugal,PT,2021-04,GISAID,83208,119,0.1,Yes,B.1.351,0,0.0
Portugal,PT,2021-04,GISAID,83208,119,0.1,Yes,P.1,0,0.0
Portugal,PT,2021-04,GISAID,83208,119,0.1,Yes,Other,78,65.5
Portugal,PT,2021-05,GISAID,41598,62,0.1,Yes,B.1.1.7,40,64.5
Portugal,PT,2021-05,GISAID,41598,62,0.1,Yes,B.1.351,1,1.6
Portugal,PT,2021-05,GISAID,41598,62,0.1,Yes,P.1,0,0.0
Portugal,PT,2021-05,GISAID,41598,62,0.1,Yes,Other,21,33.9
Portugal,PT,2021-06,GISAID,19140,852,4.5,Yes,B.1.1.7,461,54.1
Portugal,PT,2021-06,GISAID,19140,852,4.5,Yes,B.1.351,1,0.1
Portugal,PT,2021-06,GISAID,19140,852,4.5,Yes,P.1,8,0.9
Portugal,PT,2021-06,GISAID,19140,852,4.5,Yes,Other,382,44.8
Portugal,PT,2021-07,GISAID,10466,38,0.4,Yes,B.1.1.7,20,52.6
Portugal,PT,2021-07,GISAID,10466,38,0.4,Yes,B.1.351,6,15.8
Portugal,PT,2021-07,GISAID,10466,38,0.4,Yes,P.1,0,0.0
Portugal,PT,2021-07,GISAID,10466,38,0.4,Yes,Other,12,31.6
Portugal,PT,2021-08,GISAID,7431,54,0.7,Yes,B.1.1.7,41,75.9
Portugal,PT,2021-08,GISAID,7431,54,0.7,Yes,B.1.351,2,3.7
Portugal,PT,2021-08,GISAID,7431,54,0.7,Yes,P.1,2,3.7
Portugal,PT,2021-08,GISAID,7431,54,0.7,Yes,Other,9,16.7
Portugal,PT,2021-09,GISAID,5503,676,12.3,Yes,B.1.1.7,547,80.9
Portugal,PT,2021-09,GISAID,5503,676,12.3,Yes,B.1.351,25,3.7
Portugal,PT,2021-09,GISAID,5503,676,12.3,Yes,P.1,8,1.2
Portugal,PT,2021-09,GISAID,5503,676,12.3,Yes,Other,96,14.2
Portugal,PT,2021-10,GISAID,4054,408,10.1,Yes,B.1.1.7,333,81.6
Portugal,PT,2021-10,GISAID,4054,408,10.1,Yes,B.1.351,12,2.9
Portugal,PT,2021-10,GISAID,4054,408,10.1,Yes,P.1,3,0.7
Portugal,PT,2021-10,GISAID,4054,408,10.1,Yes,Other,60,14.7
Portugal,PT,2021-11,GISAID,3265,26,0.8,Yes,B.1.1.7,10,38.5
Portugal,PT,2021-11,GISAID,3265,26,0.8,Yes,B.1.351,1,3.8
Portugal,PT,2021-11,GISAID,3265,26,0.8,Yes,P.1,7,26.9
Portugal,PT,2021-11,GISAID,3265,26,0.8,Yes,Other,8,30.8
Portugal,PT,2021-12,GISAID,2938,12,0.4,Yes,B.1.1.7,4,33.3
Portugal,PT,2021-12,GISAID,2938,12,0.4,Yes,B.1.351,2,16.7
Portugal,PT,2021-12,GISAID,2938,12,0.4,Yes,P.1,5,41.7
Portugal,PT,2021-12,GISAID,2938,12,0.4,Yes,Other,1,8.3
Portugal,PT,2021-13,GISAID,2778,4,0.1,Yes,B.1.1.7,2,50.0
Portugal,PT,2021-13,GISAID,2778,4,0.1,Yes,B.1.351,1,25.0
Portugal,PT,2021-13,GISAID,2778,4,0.1,Yes,P.1,1,25.0
Portugal,PT,2021-13,GISAID,2778,4,0.1,Yes,Other,0,0.0
Portugal,PT,2021-14,GISAID,4271,428,10.0,Yes,B.1.1.7,380,88.8
Portugal,PT,2021-14,GISAID,4271,428,10.0,Yes,B.1.351,7,1.6
Portugal,PT,2021-14,GISAID,4271,428,10.0,Yes,P.1,32,7.5
Portugal,PT,2021-14,GISAID,4271,428,10.0,Yes,Other,9,2.1
Portugal,PT,2021-15,GISAID,3456,21,0.6,Yes,B.1.1.7,15,71.4
Portugal,PT,2021-15,GISAID,3456,21,0.6,Yes,B.1.351,1,4.8
Portugal,PT,2021-15,GISAID,3456,21,0.6,Yes,P.1,2,9.5
Portugal,PT,2021-15,GISAID,3456,21,0.6,Yes,Other,3,14.3
Portugal,PT,2021-16,GISAID,3417,0,0.0,Yes,B.1.1.7,0,
Portugal,PT,2021-16,GISAID,3417,0,0.0,Yes,B.1.351,0,
Portugal,PT,2021-16,GISAID,3417,0,0.0,Yes,P.1,0,
Portugal,PT,2021-16,GISAID,3417,0,0.0,Yes,Other,0,
Portugal,PT,2020-40,TESSy,4643,0,0.0,Yes,B.1.1.7,0,
Portugal,PT,2020-40,TESSy,4643,0,0.0,Yes,B.1.351,0,
Portugal,PT,2020-40,TESSy,4643,0,0.0,Yes,P.1,0,
Portugal,PT,2020-40,TESSy,4643,0,0.0,Yes,Other,0,
Portugal,PT,2020-41,TESSy,8417,0,0.0,Yes,B.1.1.7,0,
Portugal,PT,2020-41,TESSy,8417,0,0.0,Yes,B.1.351,0,
Portugal,PT,2020-41,TESSy,8417,0,0.0,Yes,P.1,0,
Portugal,PT,2020-41,TESSy,8417,0,0.0,Yes,Other,0,
Portugal,PT,2020-42,TESSy,13247,0,0.0,Yes,B.1.1.7,0,
Portugal,PT,2020-42,TESSy,13247,0,0.0,Yes,B.1.351,0,
Portugal,PT,2020-42,TESSy,13247,0,0.0,Yes,P.1,0,
Portugal,PT,2020-42,TESSy,13247,0,0.0,Yes,Other,0,
Portugal,PT,2020-43,TESSy,18775,1,0.0,Yes,Other,1,100.0
Portugal,PT,2020-44,TESSy,25655,0,0.0,Yes,B.1.1.7,0,
Portugal,PT,2020-44,TESSy,25655,0,0.0,Yes,B.1.351,0,
Portugal,PT,2020-44,TESSy,25655,0,0.0,Yes,P.1,0,
Portugal,PT,2020-44,TESSy,25655,0,0.0,Yes,Other,0,
Portugal,PT,2020-45,TESSy,34983,27,0.1,Yes,B.1.1.7,1,3.7
Portugal,PT,2020-45,TESSy,34983,27,0.1,Yes,B.1.351,0,0.0
Portugal,PT,2020-45,TESSy,34983,27,0.1,Yes,P.1,0,0.0
Portugal,PT,2020-45,TESSy,34983,27,0.1,Yes,Other,26,96.3
Portugal,PT,2020-46,TESSy,37977,338,0.9,Yes,B.1.1.7,0,0.0
Portugal,PT,2020-46,TESSy,37977,338,0.9,Yes,B.1.351,0,0.0
Portugal,PT,2020-46,TESSy,37977,338,0.9,Yes,P.1,0,0.0
Portugal,PT,2020-46,TESSy,37977,338,0.9,Yes,Other,338,100.0
Portugal,PT,2020-47,TESSy,43457,32,0.1,Yes,B.1.1.7,0,0.0
Portugal,PT,2020-47,TESSy,43457,32,0.1,Yes,B.1.351,0,0.0
Portugal,PT,2020-47,TESSy,43457,32,0.1,Yes,P.1,0,0.0
Portugal,PT,2020-47,TESSy,43457,32,0.1,Yes,Other,32,100.0
Portugal,PT,2020-48,TESSy,34041,18,0.1,Yes,B.1.1.7,0,0.0
Portugal,PT,2020-48,TESSy,34041,18,0.1,Yes,B.1.351,0,0.0
Portugal,PT,2020-48,TESSy,34041,18,0.1,Yes,P.1,0,0.0
Portugal,PT,2020-48,TESSy,34041,18,0.1,Yes,Other,18,100.0
Portugal,PT,2020-49,TESSy,27675,34,0.1,Yes,B.1.1.7,32,94.1
Portugal,PT,2020-49,TESSy,27675,34,0.1,Yes,Other,2,5.9
Portugal,PT,2020-50,TESSy,26270,21,0.1,Yes,B.1.1.7,18,85.7
Portugal,PT,2020-50,TESSy,26270,21,0.1,Yes,Other,3,14.3
Portugal,PT,2020-51,TESSy,25377,30,0.1,Yes,B.1.1.7,26,86.7
Portugal,PT,2020-51,TESSy,25377,30,0.1,Yes,Other,4,13.3
Portugal,PT,2020-52,TESSy,22545,223,1.0,Yes,B.1.1.7,48,21.5
Portugal,PT,2020-52,TESSy,22545,223,1.0,Yes,B.1.351,1,0.4
Portugal,PT,2020-52,TESSy,22545,223,1.0,Yes,P.1,0,0.0
Portugal,PT,2020-52,TESSy,22545,223,1.0,Yes,Other,174,78.0
Portugal,PT,2020-53,TESSy,34957,139,0.4,Yes,B.1.1.7,122,87.8
Portugal,PT,2020-53,TESSy,34957,139,0.4,Yes,Other,17,12.2
Portugal,PT,2021-01,TESSy,57670,395,0.7,Yes,B.1.1.7,335,84.8
Portugal,PT,2021-01,TESSy,57670,395,0.7,Yes,B.1.351,2,0.5
Portugal,PT,2021-01,TESSy,57670,395,0.7,Yes,Other,58,14.7
Portugal,PT,2021-02,TESSy,67210,1082,1.6,Yes,B.1.1.7,732,67.7
Portugal,PT,2021-02,TESSy,67210,1082,1.6,Yes,Other,350,32.3
Portugal,PT,2021-03,TESSy,86610,1976,2.3,Yes,B.1.1.7,1921,97.2
Portugal,PT,2021-03,TESSy,86610,1976,2.3,Yes,Other,55,2.8
Portugal,PT,2021-04,TESSy,83208,3087,3.7,Yes,B.1.1.7,3057,99.0
Portugal,PT,2021-04,TESSy,83208,3087,3.7,Yes,Other,30,1.0
Portugal,PT,2021-05,TESSy,41598,1828,4.4,Yes,B.1.1.7,1793,98.1
Portugal,PT,2021-05,TESSy,41598,1828,4.4,Yes,Other,35,1.9
Portugal,PT,2021-06,TESSy,19140,1345,7.0,Yes,B.1.1.7,1083,80.5
Portugal,PT,2021-06,TESSy,19140,1345,7.0,Yes,B.1.351,1,0.1
Portugal,PT,2021-06,TESSy,19140,1345,7.0,Yes,P.1,9,0.7
Portugal,PT,2021-06,TESSy,19140,1345,7.0,Yes,Other,252,18.7
Portugal,PT,2021-07,TESSy,10466,404,3.9,Yes,B.1.1.7,370,91.6
Portugal,PT,2021-07,TESSy,10466,404,3.9,Yes,B.1.351,3,0.7
Portugal,PT,2021-07,TESSy,10466,404,3.9,Yes,P.1,1,0.2
Portugal,PT,2021-07,TESSy,10466,404,3.9,Yes,Other,30,7.4
Portugal,PT,2021-08,TESSy,7431,56,0.8,Yes,B.1.1.7,41,73.2
Portugal,PT,2021-08,TESSy,7431,56,0.8,Yes,B.1.351,2,3.6
Portugal,PT,2021-08,TESSy,7431,56,0.8,Yes,P.1,2,3.6
Portugal,PT,2021-08,TESSy,7431,56,0.8,Yes,Other,11,19.6
Portugal,PT,2021-09,TESSy,5503,677,12.3,Yes,B.1.1.7,547,80.8
Portugal,PT,2021-09,TESSy,5503,677,12.3,Yes,B.1.351,26,3.8
Portugal,PT,2021-09,TESSy,5503,677,12.3,Yes,P.1,8,1.2
Portugal,PT,2021-09,TESSy,5503,677,12.3,Yes,Other,96,14.2
Portugal,PT,2021-10,TESSy,4054,406,10.0,Yes,B.1.1.7,332,81.8
Portugal,PT,2021-10,TESSy,4054,406,10.0,Yes,B.1.351,12,3.0
Portugal,PT,2021-10,TESSy,4054,406,10.0,Yes,P.1,3,0.7
Portugal,PT,2021-10,TESSy,4054,406,10.0,Yes,Other,59,14.5
Portugal,PT,2021-11,TESSy,3265,26,0.8,Yes,B.1.1.7,10,38.5
Portugal,PT,2021-11,TESSy,3265,26,0.8,Yes,B.1.351,1,3.8
Portugal,PT,2021-11,TESSy,3265,26,0.8,Yes,P.1,7,26.9
Portugal,PT,2021-11,TESSy,3265,26,0.8,Yes,Other,8,30.8
Portugal,PT,2021-12,TESSy,2938,12,0.4,Yes,B.1.1.7,4,33.3
Portugal,PT,2021-12,TESSy,2938,12,0.4,Yes,B.1.351,2,16.7
Portugal,PT,2021-12,TESSy,2938,12,0.4,Yes,P.1,5,41.7
Portugal,PT,2021-12,TESSy,2938,12,0.4,Yes,Other,1,8.3
Portugal,PT,2021-13,TESSy,2778,21,0.8,Yes,B.1.1.7,19,90.5
Portugal,PT,2021-13,TESSy,2778,21,0.8,Yes,B.1.351,1,4.8
Portugal,PT,2021-13,TESSy,2778,21,0.8,Yes,P.1,1,4.8
Portugal,PT,2021-13,TESSy,2778,21,0.8,Yes,Other,0,0.0
Portugal,PT,2021-14,TESSy,4271,492,11.5,Yes,B.1.1.7,443,90.0
Portugal,PT,2021-14,TESSy,4271,492,11.5,Yes,B.1.351,7,1.4
Portugal,PT,2021-14,TESSy,4271,492,11.5,Yes,P.1,33,6.7
Portugal,PT,2021-14,TESSy,4271,492,11.5,Yes,Other,9,1.8
Portugal,PT,2021-15,TESSy,3456,24,0.7,Yes,B.1.1.7,18,75.0
Portugal,PT,2021-15,TESSy,3456,24,0.7,Yes,B.1.351,1,4.2
Portugal,PT,2021-15,TESSy,3456,24,0.7,Yes,P.1,2,8.3
Portugal,PT,2021-15,TESSy,3456,24,0.7,Yes,Other,3,12.5
Portugal,PT,2021-16,TESSy,3417,0,0.0,Yes,B.1.1.7,0,
Portugal,PT,2021-16,TESSy,3417,0,0.0,Yes,B.1.351,0,
Portugal,PT,2021-16,TESSy,3417,0,0.0,Yes,P.1,0,
Portugal,PT,2021-16,TESSy,3417,0,0.0,Yes,Other,0,
Romania,RO,2020-40,GISAID,11392,4,0.0,Yes,B.1.1.7,0,0.0
Romania,RO,2020-40,GISAID,11392,4,0.0,Yes,B.1.351,0,0.0
Romania,RO,2020-40,GISAID,11392,4,0.0,Yes,P.1,0,0.0
Romania,RO,2020-40,GISAID,11392,4,0.0,Yes,Other,4,100.0
Romania,RO,2020-41,GISAID,21218,3,0.0,Yes,B.1.1.7,0,0.0
Romania,RO,2020-41,GISAID,21218,3,0.0,Yes,B.1.351,0,0.0
Romania,RO,2020-41,GISAID,21218,3,0.0,Yes,P.1,0,0.0
Romania,RO,2020-41,GISAID,21218,3,0.0,Yes,Other,3,100.0
Romania,RO,2020-42,GISAID,25105,0,0.0,Yes,B.1.1.7,0,
Romania,RO,2020-42,GISAID,25105,0,0.0,Yes,B.1.351,0,
Romania,RO,2020-42,GISAID,25105,0,0.0,Yes,P.1,0,
Romania,RO,2020-42,GISAID,25105,0,0.0,Yes,Other,0,
Romania,RO,2020-43,GISAID,29260,1,0.0,Yes,B.1.1.7,0,0.0
Romania,RO,2020-43,GISAID,29260,1,0.0,Yes,B.1.351,0,0.0
Romania,RO,2020-43,GISAID,29260,1,0.0,Yes,P.1,0,0.0
Romania,RO,2020-43,GISAID,29260,1,0.0,Yes,Other,1,100.0
Romania,RO,2020-44,GISAID,37015,2,0.0,Yes,B.1.1.7,0,0.0
Romania,RO,2020-44,GISAID,37015,2,0.0,Yes,B.1.351,0,0.0
Romania,RO,2020-44,GISAID,37015,2,0.0,Yes,P.1,0,0.0
Romania,RO,2020-44,GISAID,37015,2,0.0,Yes,Other,2,100.0
Romania,RO,2020-45,GISAID,57088,1,0.0,Yes,B.1.1.7,0,0.0
Romania,RO,2020-45,GISAID,57088,1,0.0,Yes,B.1.351,0,0.0
Romania,RO,2020-45,GISAID,57088,1,0.0,Yes,P.1,0,0.0
Romania,RO,2020-45,GISAID,57088,1,0.0,Yes,Other,1,100.0
Romania,RO,2020-46,GISAID,56530,1,0.0,Yes,B.1.1.7,0,0.0
Romania,RO,2020-46,GISAID,56530,1,0.0,Yes,B.1.351,0,0.0
Romania,RO,2020-46,GISAID,56530,1,0.0,Yes,P.1,0,0.0
Romania,RO,2020-46,GISAID,56530,1,0.0,Yes,Other,1,100.0
Romania,RO,2020-47,GISAID,58364,5,0.0,Yes,B.1.1.7,0,0.0
Romania,RO,2020-47,GISAID,58364,5,0.0,Yes,B.1.351,0,0.0
Romania,RO,2020-47,GISAID,58364,5,0.0,Yes,P.1,0,0.0
Romania,RO,2020-47,GISAID,58364,5,0.0,Yes,Other,5,100.0
Romania,RO,2020-48,GISAID,52891,35,0.1,Yes,B.1.1.7,0,0.0
Romania,RO,2020-48,GISAID,52891,35,0.1,Yes,B.1.351,0,0.0
Romania,RO,2020-48,GISAID,52891,35,0.1,Yes,P.1,0,0.0
Romania,RO,2020-48,GISAID,52891,35,0.1,Yes,Other,35,100.0
Romania,RO,2020-49,GISAID,42040,8,0.0,Yes,B.1.1.7,0,0.0
Romania,RO,2020-49,GISAID,42040,8,0.0,Yes,B.1.351,0,0.0
Romania,RO,2020-49,GISAID,42040,8,0.0,Yes,P.1,0,0.0
Romania,RO,2020-49,GISAID,42040,8,0.0,Yes,Other,8,100.0
Romania,RO,2020-50,GISAID,42759,17,0.0,Yes,B.1.1.7,0,0.0
Romania,RO,2020-50,GISAID,42759,17,0.0,Yes,B.1.351,0,0.0
Romania,RO,2020-50,GISAID,42759,17,0.0,Yes,P.1,0,0.0
Romania,RO,2020-50,GISAID,42759,17,0.0,Yes,Other,17,100.0
Romania,RO,2020-51,GISAID,34959,3,0.0,Yes,B.1.1.7,0,0.0
Romania,RO,2020-51,GISAID,34959,3,0.0,Yes,B.1.351,0,0.0
Romania,RO,2020-51,GISAID,34959,3,0.0,Yes,P.1,0,0.0
Romania,RO,2020-51,GISAID,34959,3,0.0,Yes,Other,3,100.0
Romania,RO,2020-52,GISAID,27135,2,0.0,Yes,B.1.1.7,0,0.0
Romania,RO,2020-52,GISAID,27135,2,0.0,Yes,B.1.351,0,0.0
Romania,RO,2020-52,GISAID,27135,2,0.0,Yes,P.1,0,0.0
Romania,RO,2020-52,GISAID,27135,2,0.0,Yes,Other,2,100.0
Romania,RO,2020-53,GISAID,22000,5,0.0,Yes,B.1.1.7,0,0.0
Romania,RO,2020-53,GISAID,22000,5,0.0,Yes,B.1.351,0,0.0
Romania,RO,2020-53,GISAID,22000,5,0.0,Yes,P.1,0,0.0
Romania,RO,2020-53,GISAID,22000,5,0.0,Yes,Other,5,100.0
Romania,RO,2021-01,GISAID,32842,11,0.0,Yes,B.1.1.7,2,18.2
Romania,RO,2021-01,GISAID,32842,11,0.0,Yes,B.1.351,0,0.0
Romania,RO,2021-01,GISAID,32842,11,0.0,Yes,P.1,0,0.0
Romania,RO,2021-01,GISAID,32842,11,0.0,Yes,Other,9,81.8
Romania,RO,2021-02,GISAID,21882,11,0.1,Yes,B.1.1.7,2,18.2
Romania,RO,2021-02,GISAID,21882,11,0.1,Yes,B.1.351,0,0.0
Romania,RO,2021-02,GISAID,21882,11,0.1,Yes,P.1,0,0.0
Romania,RO,2021-02,GISAID,21882,11,0.1,Yes,Other,9,81.8
Romania,RO,2021-03,GISAID,17408,12,0.1,Yes,B.1.1.7,6,50.0
Romania,RO,2021-03,GISAID,17408,12,0.1,Yes,B.1.351,0,0.0
Romania,RO,2021-03,GISAID,17408,12,0.1,Yes,P.1,0,0.0
Romania,RO,2021-03,GISAID,17408,12,0.1,Yes,Other,6,50.0
Romania,RO,2021-04,GISAID,17495,25,0.1,Yes,B.1.1.7,17,68.0
Romania,RO,2021-04,GISAID,17495,25,0.1,Yes,B.1.351,0,0.0
Romania,RO,2021-04,GISAID,17495,25,0.1,Yes,P.1,0,0.0
Romania,RO,2021-04,GISAID,17495,25,0.1,Yes,Other,8,32.0
Romania,RO,2021-05,GISAID,16581,19,0.1,Yes,B.1.1.7,14,73.7
Romania,RO,2021-05,GISAID,16581,19,0.1,Yes,B.1.351,0,0.0
Romania,RO,2021-05,GISAID,16581,19,0.1,Yes,P.1,0,0.0
Romania,RO,2021-05,GISAID,16581,19,0.1,Yes,Other,5,26.3
Romania,RO,2021-06,GISAID,16657,31,0.2,Yes,B.1.1.7,25,80.6
Romania,RO,2021-06,GISAID,16657,31,0.2,Yes,B.1.351,0,0.0
Romania,RO,2021-06,GISAID,16657,31,0.2,Yes,P.1,0,0.0
Romania,RO,2021-06,GISAID,16657,31,0.2,Yes,Other,6,19.4
Romania,RO,2021-07,GISAID,18035,29,0.2,Yes,B.1.1.7,24,82.8
Romania,RO,2021-07,GISAID,18035,29,0.2,Yes,B.1.351,0,0.0
Romania,RO,2021-07,GISAID,18035,29,0.2,Yes,P.1,0,0.0
Romania,RO,2021-07,GISAID,18035,29,0.2,Yes,Other,5,17.2
Romania,RO,2021-08,GISAID,22761,56,0.2,Yes,B.1.1.7,30,53.6
Romania,RO,2021-08,GISAID,22761,56,0.2,Yes,B.1.351,0,0.0
Romania,RO,2021-08,GISAID,22761,56,0.2,Yes,P.1,1,1.8
Romania,RO,2021-08,GISAID,22761,56,0.2,Yes,Other,25,44.6
Romania,RO,2021-09,GISAID,26473,55,0.2,Yes,B.1.1.7,36,65.5
Romania,RO,2021-09,GISAID,26473,55,0.2,Yes,B.1.351,0,0.0
Romania,RO,2021-09,GISAID,26473,55,0.2,Yes,P.1,1,1.8
Romania,RO,2021-09,GISAID,26473,55,0.2,Yes,Other,18,32.7
Romania,RO,2021-10,GISAID,32118,86,0.3,Yes,B.1.1.7,70,81.4
Romania,RO,2021-10,GISAID,32118,86,0.3,Yes,B.1.351,0,0.0
Romania,RO,2021-10,GISAID,32118,86,0.3,Yes,P.1,0,0.0
Romania,RO,2021-10,GISAID,32118,86,0.3,Yes,Other,16,18.6
Romania,RO,2021-11,GISAID,38177,20,0.1,Yes,B.1.1.7,18,90.0
Romania,RO,2021-11,GISAID,38177,20,0.1,Yes,B.1.351,0,0.0
Romania,RO,2021-11,GISAID,38177,20,0.1,Yes,P.1,0,0.0
Romania,RO,2021-11,GISAID,38177,20,0.1,Yes,Other,2,10.0
Romania,RO,2021-12,GISAID,39585,9,0.0,Yes,B.1.1.7,3,33.3
Romania,RO,2021-12,GISAID,39585,9,0.0,Yes,B.1.351,1,11.1
Romania,RO,2021-12,GISAID,39585,9,0.0,Yes,P.1,0,0.0
Romania,RO,2021-12,GISAID,39585,9,0.0,Yes,Other,5,55.6
Romania,RO,2021-13,GISAID,37543,7,0.0,Yes,B.1.1.7,2,28.6
Romania,RO,2021-13,GISAID,37543,7,0.0,Yes,B.1.351,0,0.0
Romania,RO,2021-13,GISAID,37543,7,0.0,Yes,P.1,1,14.3
Romania,RO,2021-13,GISAID,37543,7,0.0,Yes,Other,4,57.1
Romania,RO,2021-14,GISAID,30504,24,0.1,Yes,B.1.1.7,23,95.8
Romania,RO,2021-14,GISAID,30504,24,0.1,Yes,B.1.351,0,0.0
Romania,RO,2021-14,GISAID,30504,24,0.1,Yes,P.1,0,0.0
Romania,RO,2021-14,GISAID,30504,24,0.1,Yes,Other,1,4.2
Romania,RO,2021-15,GISAID,22582,2,0.0,Yes,B.1.1.7,2,100.0
Romania,RO,2021-15,GISAID,22582,2,0.0,Yes,B.1.351,0,0.0
Romania,RO,2021-15,GISAID,22582,2,0.0,Yes,P.1,0,0.0
Romania,RO,2021-15,GISAID,22582,2,0.0,Yes,Other,0,0.0
Romania,RO,2021-16,GISAID,16448,0,0.0,Yes,B.1.1.7,0,
Romania,RO,2021-16,GISAID,16448,0,0.0,Yes,B.1.351,0,
Romania,RO,2021-16,GISAID,16448,0,0.0,Yes,P.1,0,
Romania,RO,2021-16,GISAID,16448,0,0.0,Yes,Other,0,
Romania,RO,2020-52,TESSy,27135,0,0.0,Yes,B.1.1.7,0,
Romania,RO,2020-52,TESSy,27135,0,0.0,Yes,B.1.351,0,
Romania,RO,2020-52,TESSy,27135,0,0.0,Yes,P.1,0,
Romania,RO,2020-52,TESSy,27135,0,0.0,Yes,Other,0,
Romania,RO,2020-53,TESSy,22000,8,0.0,Yes,B.1.1.7,0,0.0
Romania,RO,2020-53,TESSy,22000,8,0.0,Yes,B.1.351,0,0.0
Romania,RO,2020-53,TESSy,22000,8,0.0,Yes,P.1,0,0.0
Romania,RO,2020-53,TESSy,22000,8,0.0,Yes,Other,8,100.0
Romania,RO,2021-01,TESSy,32842,68,0.2,Yes,B.1.1.7,4,5.9
Romania,RO,2021-01,TESSy,32842,68,0.2,Yes,B.1.351,0,0.0
Romania,RO,2021-01,TESSy,32842,68,0.2,Yes,P.1,0,0.0
Romania,RO,2021-01,TESSy,32842,68,0.2,Yes,Other,64,94.1
Romania,RO,2021-02,TESSy,21882,0,0.0,Yes,B.1.1.7,0,
Romania,RO,2021-02,TESSy,21882,0,0.0,Yes,B.1.351,0,
Romania,RO,2021-02,TESSy,21882,0,0.0,Yes,P.1,0,
Romania,RO,2021-02,TESSy,21882,0,0.0,Yes,Other,0,
Romania,RO,2021-03,TESSy,17408,14,0.1,Yes,B.1.1.7,8,57.1
Romania,RO,2021-03,TESSy,17408,14,0.1,Yes,B.1.351,0,0.0
Romania,RO,2021-03,TESSy,17408,14,0.1,Yes,P.1,0,0.0
Romania,RO,2021-03,TESSy,17408,14,0.1,Yes,Other,6,42.9
Romania,RO,2021-04,TESSy,17495,132,0.8,Yes,B.1.1.7,16,12.1
Romania,RO,2021-04,TESSy,17495,132,0.8,Yes,B.1.351,0,0.0
Romania,RO,2021-04,TESSy,17495,132,0.8,Yes,P.1,0,0.0
Romania,RO,2021-04,TESSy,17495,132,0.8,Yes,Other,116,87.9
Romania,RO,2021-05,TESSy,16581,105,0.6,Yes,B.1.1.7,36,34.3
Romania,RO,2021-05,TESSy,16581,105,0.6,Yes,B.1.351,0,0.0
Romania,RO,2021-05,TESSy,16581,105,0.6,Yes,P.1,0,0.0
Romania,RO,2021-05,TESSy,16581,105,0.6,Yes,Other,69,65.7
Romania,RO,2021-06,TESSy,16657,82,0.5,Yes,B.1.1.7,45,54.9
Romania,RO,2021-06,TESSy,16657,82,0.5,Yes,B.1.351,0,0.0
Romania,RO,2021-06,TESSy,16657,82,0.5,Yes,P.1,0,0.0
Romania,RO,2021-06,TESSy,16657,82,0.5,Yes,Other,37,45.1
Romania,RO,2021-07,TESSy,18035,90,0.5,Yes,B.1.1.7,45,50.0
Romania,RO,2021-07,TESSy,18035,90,0.5,Yes,B.1.351,0,0.0
Romania,RO,2021-07,TESSy,18035,90,0.5,Yes,P.1,0,0.0
Romania,RO,2021-07,TESSy,18035,90,0.5,Yes,Other,45,50.0
Romania,RO,2021-08,TESSy,22761,45,0.2,Yes,B.1.1.7,36,80.0
Romania,RO,2021-08,TESSy,22761,45,0.2,Yes,B.1.351,0,0.0
Romania,RO,2021-08,TESSy,22761,45,0.2,Yes,P.1,0,0.0
Romania,RO,2021-08,TESSy,22761,45,0.2,Yes,Other,9,20.0
Romania,RO,2021-09,TESSy,26473,228,0.9,Yes,B.1.1.7,166,72.8
Romania,RO,2021-09,TESSy,26473,228,0.9,Yes,B.1.351,2,0.9
Romania,RO,2021-09,TESSy,26473,228,0.9,Yes,P.1,0,0.0
Romania,RO,2021-09,TESSy,26473,228,0.9,Yes,Other,60,26.3
Romania,RO,2021-10,TESSy,32118,77,0.2,Yes,B.1.1.7,44,57.1
Romania,RO,2021-10,TESSy,32118,77,0.2,Yes,B.1.351,0,0.0
Romania,RO,2021-10,TESSy,32118,77,0.2,Yes,P.1,2,2.6
Romania,RO,2021-10,TESSy,32118,77,0.2,Yes,Other,31,40.3
Romania,RO,2021-11,TESSy,38177,185,0.5,Yes,B.1.1.7,161,87.0
Romania,RO,2021-11,TESSy,38177,185,0.5,Yes,B.1.351,0,0.0
Romania,RO,2021-11,TESSy,38177,185,0.5,Yes,P.1,0,0.0
Romania,RO,2021-11,TESSy,38177,185,0.5,Yes,Other,24,13.0
Romania,RO,2021-12,TESSy,39585,16,0.0,Yes,B.1.1.7,15,93.8
Romania,RO,2021-12,TESSy,39585,16,0.0,Yes,B.1.351,1,6.2
Romania,RO,2021-12,TESSy,39585,16,0.0,Yes,P.1,0,0.0
Romania,RO,2021-12,TESSy,39585,16,0.0,Yes,Other,0,0.0
Romania,RO,2021-13,TESSy,37543,128,0.3,Yes,B.1.1.7,112,87.5
Romania,RO,2021-13,TESSy,37543,128,0.3,Yes,B.1.351,1,0.8
Romania,RO,2021-13,TESSy,37543,128,0.3,Yes,P.1,0,0.0
Romania,RO,2021-13,TESSy,37543,128,0.3,Yes,Other,15,11.7
Romania,RO,2021-14,TESSy,30504,230,0.8,Yes,B.1.1.7,222,96.5
Romania,RO,2021-14,TESSy,30504,230,0.8,Yes,B.1.351,0,0.0
Romania,RO,2021-14,TESSy,30504,230,0.8,Yes,P.1,0,0.0
Romania,RO,2021-14,TESSy,30504,230,0.8,Yes,Other,8,3.5
Romania,RO,2021-15,TESSy,22582,94,0.4,Yes,B.1.1.7,91,96.8
Romania,RO,2021-15,TESSy,22582,94,0.4,Yes,B.1.351,1,1.1
Romania,RO,2021-15,TESSy,22582,94,0.4,Yes,P.1,0,0.0
Romania,RO,2021-15,TESSy,22582,94,0.4,Yes,Other,2,2.1
Romania,RO,2021-16,TESSy,16448,34,0.2,Yes,B.1.1.7,22,64.7
Romania,RO,2021-16,TESSy,16448,34,0.2,Yes,B.1.351,0,0.0
Romania,RO,2021-16,TESSy,16448,34,0.2,Yes,P.1,1,2.9
Romania,RO,2021-16,TESSy,16448,34,0.2,Yes,Other,11,32.4
Slovakia,SK,2020-40,GISAID,4061,0,0.0,Yes,B.1.1.7,0,
Slovakia,SK,2020-40,GISAID,4061,0,0.0,Yes,B.1.351,0,
Slovakia,SK,2020-40,GISAID,4061,0,0.0,Yes,P.1,0,
Slovakia,SK,2020-40,GISAID,4061,0,0.0,Yes,Other,0,
Slovakia,SK,2020-41,GISAID,6712,1,0.0,Yes,B.1.1.7,0,0.0
Slovakia,SK,2020-41,GISAID,6712,1,0.0,Yes,B.1.351,0,0.0
Slovakia,SK,2020-41,GISAID,6712,1,0.0,Yes,P.1,0,0.0
Slovakia,SK,2020-41,GISAID,6712,1,0.0,Yes,Other,1,100.0
Slovakia,SK,2020-42,GISAID,9984,0,0.0,Yes,B.1.1.7,0,
Slovakia,SK,2020-42,GISAID,9984,0,0.0,Yes,B.1.351,0,
Slovakia,SK,2020-42,GISAID,9984,0,0.0,Yes,P.1,0,
Slovakia,SK,2020-42,GISAID,9984,0,0.0,Yes,Other,0,
Slovakia,SK,2020-43,GISAID,14008,0,0.0,Yes,B.1.1.7,0,
Slovakia,SK,2020-43,GISAID,14008,0,0.0,Yes,B.1.351,0,
Slovakia,SK,2020-43,GISAID,14008,0,0.0,Yes,P.1,0,
Slovakia,SK,2020-43,GISAID,14008,0,0.0,Yes,Other,0,
Slovakia,SK,2020-44,GISAID,16103,0,0.0,Yes,B.1.1.7,0,
Slovakia,SK,2020-44,GISAID,16103,0,0.0,Yes,B.1.351,0,
Slovakia,SK,2020-44,GISAID,16103,0,0.0,Yes,P.1,0,
Slovakia,SK,2020-44,GISAID,16103,0,0.0,Yes,Other,0,
Slovakia,SK,2020-45,GISAID,15549,0,0.0,Yes,B.1.1.7,0,
Slovakia,SK,2020-45,GISAID,15549,0,0.0,Yes,B.1.351,0,
Slovakia,SK,2020-45,GISAID,15549,0,0.0,Yes,P.1,0,
Slovakia,SK,2020-45,GISAID,15549,0,0.0,Yes,Other,0,
Slovakia,SK,2020-46,GISAID,11272,10,0.1,Yes,B.1.1.7,0,0.0
Slovakia,SK,2020-46,GISAID,11272,10,0.1,Yes,B.1.351,0,0.0
Slovakia,SK,2020-46,GISAID,11272,10,0.1,Yes,P.1,0,0.0
Slovakia,SK,2020-46,GISAID,11272,10,0.1,Yes,Other,10,100.0
Slovakia,SK,2020-47,GISAID,9474,4,0.0,Yes,B.1.1.7,0,0.0
Slovakia,SK,2020-47,GISAID,9474,4,0.0,Yes,B.1.351,0,0.0
Slovakia,SK,2020-47,GISAID,9474,4,0.0,Yes,P.1,0,0.0
Slovakia,SK,2020-47,GISAID,9474,4,0.0,Yes,Other,4,100.0
Slovakia,SK,2020-48,GISAID,9492,11,0.1,Yes,B.1.1.7,0,0.0
Slovakia,SK,2020-48,GISAID,9492,11,0.1,Yes,B.1.351,0,0.0
Slovakia,SK,2020-48,GISAID,9492,11,0.1,Yes,P.1,0,0.0
Slovakia,SK,2020-48,GISAID,9492,11,0.1,Yes,Other,11,100.0
Slovakia,SK,2020-49,GISAID,10998,44,0.4,Yes,B.1.1.7,1,2.3
Slovakia,SK,2020-49,GISAID,10998,44,0.4,Yes,B.1.351,0,0.0
Slovakia,SK,2020-49,GISAID,10998,44,0.4,Yes,P.1,0,0.0
Slovakia,SK,2020-49,GISAID,10998,44,0.4,Yes,Other,43,97.7
Slovakia,SK,2020-50,GISAID,16253,0,0.0,Yes,B.1.1.7,0,
Slovakia,SK,2020-50,GISAID,16253,0,0.0,Yes,B.1.351,0,
Slovakia,SK,2020-50,GISAID,16253,0,0.0,Yes,P.1,0,
Slovakia,SK,2020-50,GISAID,16253,0,0.0,Yes,Other,0,
Slovakia,SK,2020-51,GISAID,18352,0,0.0,Yes,B.1.1.7,0,
Slovakia,SK,2020-51,GISAID,18352,0,0.0,Yes,B.1.351,0,
Slovakia,SK,2020-51,GISAID,18352,0,0.0,Yes,P.1,0,
Slovakia,SK,2020-51,GISAID,18352,0,0.0,Yes,Other,0,
Slovakia,SK,2020-52,GISAID,16756,84,0.5,Yes,B.1.1.7,8,9.5
Slovakia,SK,2020-52,GISAID,16756,84,0.5,Yes,B.1.351,0,0.0
Slovakia,SK,2020-52,GISAID,16756,84,0.5,Yes,P.1,0,0.0
Slovakia,SK,2020-52,GISAID,16756,84,0.5,Yes,Other,76,90.5
Slovakia,SK,2020-53,GISAID,20007,11,0.1,Yes,B.1.1.7,10,90.9
Slovakia,SK,2020-53,GISAID,20007,11,0.1,Yes,B.1.351,0,0.0
Slovakia,SK,2020-53,GISAID,20007,11,0.1,Yes,P.1,0,0.0
Slovakia,SK,2020-53,GISAID,20007,11,0.1,Yes,Other,1,9.1
Slovakia,SK,2021-01,GISAID,20970,52,0.2,Yes,B.1.1.7,39,75.0
Slovakia,SK,2021-01,GISAID,20970,52,0.2,Yes,B.1.351,0,0.0
Slovakia,SK,2021-01,GISAID,20970,52,0.2,Yes,P.1,0,0.0
Slovakia,SK,2021-01,GISAID,20970,52,0.2,Yes,Other,13,25.0
Slovakia,SK,2021-02,GISAID,15316,10,0.1,Yes,B.1.1.7,8,80.0
Slovakia,SK,2021-02,GISAID,15316,10,0.1,Yes,B.1.351,0,0.0
Slovakia,SK,2021-02,GISAID,15316,10,0.1,Yes,P.1,0,0.0
Slovakia,SK,2021-02,GISAID,15316,10,0.1,Yes,Other,2,20.0
Slovakia,SK,2021-03,GISAID,12642,20,0.2,Yes,B.1.1.7,13,65.0
Slovakia,SK,2021-03,GISAID,12642,20,0.2,Yes,B.1.351,0,0.0
Slovakia,SK,2021-03,GISAID,12642,20,0.2,Yes,P.1,0,0.0
Slovakia,SK,2021-03,GISAID,12642,20,0.2,Yes,Other,7,35.0
Slovakia,SK,2021-04,GISAID,12886,20,0.2,Yes,B.1.1.7,17,85.0
Slovakia,SK,2021-04,GISAID,12886,20,0.2,Yes,B.1.351,0,0.0
Slovakia,SK,2021-04,GISAID,12886,20,0.2,Yes,P.1,0,0.0
Slovakia,SK,2021-04,GISAID,12886,20,0.2,Yes,Other,3,15.0
Slovakia,SK,2021-05,GISAID,14170,92,0.6,Yes,B.1.1.7,77,83.7
Slovakia,SK,2021-05,GISAID,14170,92,0.6,Yes,B.1.351,0,0.0
Slovakia,SK,2021-05,GISAID,14170,92,0.6,Yes,P.1,0,0.0
Slovakia,SK,2021-05,GISAID,14170,92,0.6,Yes,Other,15,16.3
Slovakia,SK,2021-06,GISAID,14171,10,0.1,Yes,B.1.1.7,6,60.0
Slovakia,SK,2021-06,GISAID,14171,10,0.1,Yes,B.1.351,4,40.0
Slovakia,SK,2021-06,GISAID,14171,10,0.1,Yes,P.1,0,0.0
Slovakia,SK,2021-06,GISAID,14171,10,0.1,Yes,Other,0,0.0
Slovakia,SK,2021-07,GISAID,14538,48,0.3,Yes,B.1.1.7,37,77.1
Slovakia,SK,2021-07,GISAID,14538,48,0.3,Yes,B.1.351,3,6.2
Slovakia,SK,2021-07,GISAID,14538,48,0.3,Yes,P.1,0,0.0
Slovakia,SK,2021-07,GISAID,14538,48,0.3,Yes,Other,8,16.7
Slovakia,SK,2021-08,GISAID,16133,61,0.4,Yes,B.1.1.7,57,93.4
Slovakia,SK,2021-08,GISAID,16133,61,0.4,Yes,B.1.351,1,1.6
Slovakia,SK,2021-08,GISAID,16133,61,0.4,Yes,P.1,0,0.0
Slovakia,SK,2021-08,GISAID,16133,61,0.4,Yes,Other,3,4.9
Slovakia,SK,2021-09,GISAID,14861,492,3.3,Yes,B.1.1.7,474,96.3
Slovakia,SK,2021-09,GISAID,14861,492,3.3,Yes,B.1.351,2,0.4
Slovakia,SK,2021-09,GISAID,14861,492,3.3,Yes,P.1,0,0.0
Slovakia,SK,2021-09,GISAID,14861,492,3.3,Yes,Other,16,3.3
Slovakia,SK,2021-10,GISAID,14174,171,1.2,Yes,B.1.1.7,161,94.2
Slovakia,SK,2021-10,GISAID,14174,171,1.2,Yes,B.1.351,6,3.5
Slovakia,SK,2021-10,GISAID,14174,171,1.2,Yes,P.1,0,0.0
Slovakia,SK,2021-10,GISAID,14174,171,1.2,Yes,Other,4,2.3
Slovakia,SK,2021-11,GISAID,11310,253,2.2,Yes,B.1.1.7,245,96.8
Slovakia,SK,2021-11,GISAID,11310,253,2.2,Yes,B.1.351,0,0.0
Slovakia,SK,2021-11,GISAID,11310,253,2.2,Yes,P.1,0,0.0
Slovakia,SK,2021-11,GISAID,11310,253,2.2,Yes,Other,8,3.2
Slovakia,SK,2021-12,GISAID,8845,287,3.2,Yes,B.1.1.7,283,98.6
Slovakia,SK,2021-12,GISAID,8845,287,3.2,Yes,B.1.351,0,0.0
Slovakia,SK,2021-12,GISAID,8845,287,3.2,Yes,P.1,0,0.0
Slovakia,SK,2021-12,GISAID,8845,287,3.2,Yes,Other,4,1.4
Slovakia,SK,2021-13,GISAID,7285,276,3.8,Yes,B.1.1.7,269,97.5
Slovakia,SK,2021-13,GISAID,7285,276,3.8,Yes,B.1.351,0,0.0
Slovakia,SK,2021-13,GISAID,7285,276,3.8,Yes,P.1,0,0.0
Slovakia,SK,2021-13,GISAID,7285,276,3.8,Yes,Other,7,2.5
Slovakia,SK,2021-14,GISAID,5768,146,2.5,Yes,B.1.1.7,145,99.3
Slovakia,SK,2021-14,GISAID,5768,146,2.5,Yes,B.1.351,0,0.0
Slovakia,SK,2021-14,GISAID,5768,146,2.5,Yes,P.1,0,0.0
Slovakia,SK,2021-14,GISAID,5768,146,2.5,Yes,Other,1,0.7
Slovakia,SK,2021-15,GISAID,4899,0,0.0,Yes,B.1.1.7,0,
Slovakia,SK,2021-15,GISAID,4899,0,0.0,Yes,B.1.351,0,
Slovakia,SK,2021-15,GISAID,4899,0,0.0,Yes,P.1,0,
Slovakia,SK,2021-15,GISAID,4899,0,0.0,Yes,Other,0,
Slovakia,SK,2021-16,GISAID,3943,0,0.0,Yes,B.1.1.7,0,
Slovakia,SK,2021-16,GISAID,3943,0,0.0,Yes,B.1.351,0,
Slovakia,SK,2021-16,GISAID,3943,0,0.0,Yes,P.1,0,
Slovakia,SK,2021-16,GISAID,3943,0,0.0,Yes,Other,0,
Slovakia,SK,2021-05,TESSy,14170,1291,9.1,No,B.1.1.7,1291,
Slovakia,SK,2021-06,TESSy,14171,91,0.6,No,B.1.1.7,86,
Slovakia,SK,2021-06,TESSy,14171,91,0.6,No,B.1.351,5,
Slovakia,SK,2021-07,TESSy,14538,1549,10.7,No,B.1.1.7,1548,
Slovakia,SK,2021-07,TESSy,14538,1549,10.7,No,B.1.351,1,
Slovakia,SK,2021-08,TESSy,16133,121,0.8,No,B.1.1.7,116,
Slovakia,SK,2021-08,TESSy,16133,121,0.8,No,B.1.351,5,
Slovakia,SK,2021-09,TESSy,14861,1774,11.9,No,B.1.1.7,1773,
Slovakia,SK,2021-09,TESSy,14861,1774,11.9,No,B.1.351,1,
Slovakia,SK,2021-10,TESSy,14174,6,0.0,No,B.1.1.7,5,
Slovakia,SK,2021-10,TESSy,14174,6,0.0,No,B.1.351,1,
Slovakia,SK,2021-11,TESSy,11310,3,0.0,No,B.1.1.7,3,
Slovakia,SK,2021-12,TESSy,8845,2,0.0,No,B.1.1.7,2,
Slovakia,SK,2021-13,TESSy,7285,1,0.0,No,B.1.351,1,
Slovakia,SK,2021-14,TESSy,5768,2,0.0,No,B.1.1.7,2,
Slovenia,SI,2020-40,GISAID,1148,15,1.3,Yes,B.1.1.7,0,0.0
Slovenia,SI,2020-40,GISAID,1148,15,1.3,Yes,B.1.351,0,0.0
Slovenia,SI,2020-40,GISAID,1148,15,1.3,Yes,P.1,0,0.0
Slovenia,SI,2020-40,GISAID,1148,15,1.3,Yes,Other,15,100.0
Slovenia,SI,2020-41,GISAID,2167,19,0.9,Yes,B.1.1.7,0,0.0
Slovenia,SI,2020-41,GISAID,2167,19,0.9,Yes,B.1.351,0,0.0
Slovenia,SI,2020-41,GISAID,2167,19,0.9,Yes,P.1,0,0.0
Slovenia,SI,2020-41,GISAID,2167,19,0.9,Yes,Other,19,100.0
Slovenia,SI,2020-42,GISAID,4479,12,0.3,Yes,B.1.1.7,0,0.0
Slovenia,SI,2020-42,GISAID,4479,12,0.3,Yes,B.1.351,0,0.0
Slovenia,SI,2020-42,GISAID,4479,12,0.3,Yes,P.1,0,0.0
Slovenia,SI,2020-42,GISAID,4479,12,0.3,Yes,Other,12,100.0
Slovenia,SI,2020-43,GISAID,9806,20,0.2,Yes,B.1.1.7,0,0.0
Slovenia,SI,2020-43,GISAID,9806,20,0.2,Yes,B.1.351,0,0.0
Slovenia,SI,2020-43,GISAID,9806,20,0.2,Yes,P.1,0,0.0
Slovenia,SI,2020-43,GISAID,9806,20,0.2,Yes,Other,20,100.0
Slovenia,SI,2020-44,GISAID,12699,22,0.2,Yes,B.1.1.7,0,0.0
Slovenia,SI,2020-44,GISAID,12699,22,0.2,Yes,B.1.351,0,0.0
Slovenia,SI,2020-44,GISAID,12699,22,0.2,Yes,P.1,0,0.0
Slovenia,SI,2020-44,GISAID,12699,22,0.2,Yes,Other,22,100.0
Slovenia,SI,2020-45,GISAID,9512,18,0.2,Yes,B.1.1.7,0,0.0
Slovenia,SI,2020-45,GISAID,9512,18,0.2,Yes,B.1.351,0,0.0
Slovenia,SI,2020-45,GISAID,9512,18,0.2,Yes,P.1,0,0.0
Slovenia,SI,2020-45,GISAID,9512,18,0.2,Yes,Other,18,100.0
Slovenia,SI,2020-46,GISAID,9881,2,0.0,Yes,B.1.1.7,0,0.0
Slovenia,SI,2020-46,GISAID,9881,2,0.0,Yes,B.1.351,0,0.0
Slovenia,SI,2020-46,GISAID,9881,2,0.0,Yes,P.1,0,0.0
Slovenia,SI,2020-46,GISAID,9881,2,0.0,Yes,Other,2,100.0
Slovenia,SI,2020-47,GISAID,10266,3,0.0,Yes,B.1.1.7,0,0.0
Slovenia,SI,2020-47,GISAID,10266,3,0.0,Yes,B.1.351,0,0.0
Slovenia,SI,2020-47,GISAID,10266,3,0.0,Yes,P.1,0,0.0
Slovenia,SI,2020-47,GISAID,10266,3,0.0,Yes,Other,3,100.0
Slovenia,SI,2020-48,GISAID,10073,4,0.0,Yes,B.1.1.7,0,0.0
Slovenia,SI,2020-48,GISAID,10073,4,0.0,Yes,B.1.351,0,0.0
Slovenia,SI,2020-48,GISAID,10073,4,0.0,Yes,P.1,0,0.0
Slovenia,SI,2020-48,GISAID,10073,4,0.0,Yes,Other,4,100.0
Slovenia,SI,2020-49,GISAID,10424,3,0.0,Yes,B.1.1.7,0,0.0
Slovenia,SI,2020-49,GISAID,10424,3,0.0,Yes,B.1.351,0,0.0
Slovenia,SI,2020-49,GISAID,10424,3,0.0,Yes,P.1,0,0.0
Slovenia,SI,2020-49,GISAID,10424,3,0.0,Yes,Other,3,100.0
Slovenia,SI,2020-50,GISAID,10509,2,0.0,Yes,B.1.1.7,0,0.0
Slovenia,SI,2020-50,GISAID,10509,2,0.0,Yes,B.1.351,0,0.0
Slovenia,SI,2020-50,GISAID,10509,2,0.0,Yes,P.1,0,0.0
Slovenia,SI,2020-50,GISAID,10509,2,0.0,Yes,Other,2,100.0
Slovenia,SI,2020-51,GISAID,9585,28,0.3,Yes,B.1.1.7,0,0.0
Slovenia,SI,2020-51,GISAID,9585,28,0.3,Yes,B.1.351,0,0.0
Slovenia,SI,2020-51,GISAID,9585,28,0.3,Yes,P.1,0,0.0
Slovenia,SI,2020-51,GISAID,9585,28,0.3,Yes,Other,28,100.0
Slovenia,SI,2020-52,GISAID,9428,3,0.0,Yes,B.1.1.7,0,0.0
Slovenia,SI,2020-52,GISAID,9428,3,0.0,Yes,B.1.351,0,0.0
Slovenia,SI,2020-52,GISAID,9428,3,0.0,Yes,P.1,0,0.0
Slovenia,SI,2020-52,GISAID,9428,3,0.0,Yes,Other,3,100.0
Slovenia,SI,2020-53,GISAID,10531,23,0.2,Yes,B.1.1.7,1,4.3
Slovenia,SI,2020-53,GISAID,10531,23,0.2,Yes,B.1.351,0,0.0
Slovenia,SI,2020-53,GISAID,10531,23,0.2,Yes,P.1,0,0.0
Slovenia,SI,2020-53,GISAID,10531,23,0.2,Yes,Other,22,95.7
Slovenia,SI,2021-01,GISAID,13855,24,0.2,Yes,B.1.1.7,1,4.2
Slovenia,SI,2021-01,GISAID,13855,24,0.2,Yes,B.1.351,0,0.0
Slovenia,SI,2021-01,GISAID,13855,24,0.2,Yes,P.1,0,0.0
Slovenia,SI,2021-01,GISAID,13855,24,0.2,Yes,Other,23,95.8
Slovenia,SI,2021-02,GISAID,9721,100,1.0,Yes,B.1.1.7,3,3.0
Slovenia,SI,2021-02,GISAID,9721,100,1.0,Yes,B.1.351,0,0.0
Slovenia,SI,2021-02,GISAID,9721,100,1.0,Yes,P.1,0,0.0
Slovenia,SI,2021-02,GISAID,9721,100,1.0,Yes,Other,97,97.0
Slovenia,SI,2021-03,GISAID,8705,94,1.1,Yes,B.1.1.7,2,2.1
Slovenia,SI,2021-03,GISAID,8705,94,1.1,Yes,B.1.351,0,0.0
Slovenia,SI,2021-03,GISAID,8705,94,1.1,Yes,P.1,0,0.0
Slovenia,SI,2021-03,GISAID,8705,94,1.1,Yes,Other,92,97.9
Slovenia,SI,2021-04,GISAID,8334,785,9.4,Yes,B.1.1.7,9,1.1
Slovenia,SI,2021-04,GISAID,8334,785,9.4,Yes,B.1.351,0,0.0
Slovenia,SI,2021-04,GISAID,8334,785,9.4,Yes,P.1,0,0.0
Slovenia,SI,2021-04,GISAID,8334,785,9.4,Yes,Other,776,98.9
Slovenia,SI,2021-05,GISAID,7527,595,7.9,Yes,B.1.1.7,17,2.9
Slovenia,SI,2021-05,GISAID,7527,595,7.9,Yes,B.1.351,0,0.0
Slovenia,SI,2021-05,GISAID,7527,595,7.9,Yes,P.1,0,0.0
Slovenia,SI,2021-05,GISAID,7527,595,7.9,Yes,Other,578,97.1
Slovenia,SI,2021-06,GISAID,5482,483,8.8,Yes,B.1.1.7,34,7.0
Slovenia,SI,2021-06,GISAID,5482,483,8.8,Yes,B.1.351,4,0.8
Slovenia,SI,2021-06,GISAID,5482,483,8.8,Yes,P.1,0,0.0
Slovenia,SI,2021-06,GISAID,5482,483,8.8,Yes,Other,445,92.1
Slovenia,SI,2021-07,GISAID,5285,531,10.0,Yes,B.1.1.7,78,14.7
Slovenia,SI,2021-07,GISAID,5285,531,10.0,Yes,B.1.351,4,0.8
Slovenia,SI,2021-07,GISAID,5285,531,10.0,Yes,P.1,0,0.0
Slovenia,SI,2021-07,GISAID,5285,531,10.0,Yes,Other,449,84.6
Slovenia,SI,2021-08,GISAID,5557,675,12.1,Yes,B.1.1.7,71,10.5
Slovenia,SI,2021-08,GISAID,5557,675,12.1,Yes,B.1.351,9,1.3
Slovenia,SI,2021-08,GISAID,5557,675,12.1,Yes,P.1,1,0.1
Slovenia,SI,2021-08,GISAID,5557,675,12.1,Yes,Other,594,88.0
Slovenia,SI,2021-09,GISAID,5357,628,11.7,Yes,B.1.1.7,162,25.8
Slovenia,SI,2021-09,GISAID,5357,628,11.7,Yes,B.1.351,6,1.0
Slovenia,SI,2021-09,GISAID,5357,628,11.7,Yes,P.1,0,0.0
Slovenia,SI,2021-09,GISAID,5357,628,11.7,Yes,Other,460,73.2
Slovenia,SI,2021-10,GISAID,4898,504,10.3,Yes,B.1.1.7,215,42.7
Slovenia,SI,2021-10,GISAID,4898,504,10.3,Yes,B.1.351,5,1.0
Slovenia,SI,2021-10,GISAID,4898,504,10.3,Yes,P.1,0,0.0
Slovenia,SI,2021-10,GISAID,4898,504,10.3,Yes,Other,284,56.3
Slovenia,SI,2021-11,GISAID,5738,752,13.1,Yes,B.1.1.7,416,55.3
Slovenia,SI,2021-11,GISAID,5738,752,13.1,Yes,B.1.351,1,0.1
Slovenia,SI,2021-11,GISAID,5738,752,13.1,Yes,P.1,0,0.0
Slovenia,SI,2021-11,GISAID,5738,752,13.1,Yes,Other,335,44.5
Slovenia,SI,2021-12,GISAID,6648,967,14.5,Yes,B.1.1.7,663,68.6
Slovenia,SI,2021-12,GISAID,6648,967,14.5,Yes,B.1.351,0,0.0
Slovenia,SI,2021-12,GISAID,6648,967,14.5,Yes,P.1,0,0.0
Slovenia,SI,2021-12,GISAID,6648,967,14.5,Yes,Other,304,31.4
Slovenia,SI,2021-13,GISAID,7460,467,6.3,Yes,B.1.1.7,326,69.8
Slovenia,SI,2021-13,GISAID,7460,467,6.3,Yes,B.1.351,0,0.0
Slovenia,SI,2021-13,GISAID,7460,467,6.3,Yes,P.1,0,0.0
Slovenia,SI,2021-13,GISAID,7460,467,6.3,Yes,Other,141,30.2
Slovenia,SI,2021-14,GISAID,6362,49,0.8,Yes,B.1.1.7,40,81.6
Slovenia,SI,2021-14,GISAID,6362,49,0.8,Yes,B.1.351,0,0.0
Slovenia,SI,2021-14,GISAID,6362,49,0.8,Yes,P.1,0,0.0
Slovenia,SI,2021-14,GISAID,6362,49,0.8,Yes,Other,9,18.4
Slovenia,SI,2021-15,GISAID,5526,4,0.1,Yes,B.1.1.7,2,50.0
Slovenia,SI,2021-15,GISAID,5526,4,0.1,Yes,B.1.351,0,0.0
Slovenia,SI,2021-15,GISAID,5526,4,0.1,Yes,P.1,0,0.0
Slovenia,SI,2021-15,GISAID,5526,4,0.1,Yes,Other,2,50.0
Slovenia,SI,2021-16,GISAID,4906,0,0.0,Yes,B.1.1.7,0,
Slovenia,SI,2021-16,GISAID,4906,0,0.0,Yes,B.1.351,0,
Slovenia,SI,2021-16,GISAID,4906,0,0.0,Yes,P.1,0,
Slovenia,SI,2021-16,GISAID,4906,0,0.0,Yes,Other,0,
Slovenia,SI,2021-01,TESSy,13855,,,No,B.1.1.7,1,
Slovenia,SI,2021-01,TESSy,13855,,,No,B.1.351,0,
Slovenia,SI,2021-01,TESSy,13855,,,No,P.1,0,
Slovenia,SI,2021-01,TESSy,13855,,,No,Other,0,
Slovenia,SI,2021-02,TESSy,9721,,,No,B.1.1.7,2,
Slovenia,SI,2021-02,TESSy,9721,,,No,B.1.351,0,
Slovenia,SI,2021-02,TESSy,9721,,,No,P.1,0,
Slovenia,SI,2021-02,TESSy,9721,,,No,Other,0,
Slovenia,SI,2021-04,TESSy,8334,,,No,B.1.1.7,3,
Slovenia,SI,2021-04,TESSy,8334,,,No,B.1.351,0,
Slovenia,SI,2021-04,TESSy,8334,,,No,P.1,0,
Slovenia,SI,2021-04,TESSy,8334,,,No,Other,0,
Slovenia,SI,2021-05,TESSy,7527,,,No,B.1.1.7,3,
Slovenia,SI,2021-05,TESSy,7527,,,No,B.1.351,0,
Slovenia,SI,2021-05,TESSy,7527,,,No,P.1,0,
Slovenia,SI,2021-05,TESSy,7527,,,No,Other,0,
Slovenia,SI,2021-06,TESSy,5482,,,No,B.1.1.7,9,
Slovenia,SI,2021-06,TESSy,5482,,,No,B.1.351,1,
Slovenia,SI,2021-06,TESSy,5482,,,No,P.1,0,
Slovenia,SI,2021-06,TESSy,5482,,,No,Other,0,
Slovenia,SI,2021-07,TESSy,5285,,,No,B.1.1.7,27,
Slovenia,SI,2021-07,TESSy,5285,,,No,B.1.351,0,
Slovenia,SI,2021-07,TESSy,5285,,,No,P.1,0,
Slovenia,SI,2021-07,TESSy,5285,,,No,Other,0,
Slovenia,SI,2021-08,TESSy,5557,,,No,B.1.1.7,35,
Slovenia,SI,2021-08,TESSy,5557,,,No,B.1.351,0,
Slovenia,SI,2021-08,TESSy,5557,,,No,P.1,0,
Slovenia,SI,2021-08,TESSy,5557,,,No,Other,0,
Slovenia,SI,2021-09,TESSy,5357,,,No,B.1.1.7,104,
Slovenia,SI,2021-09,TESSy,5357,,,No,B.1.351,1,
Slovenia,SI,2021-09,TESSy,5357,,,No,P.1,0,
Slovenia,SI,2021-09,TESSy,5357,,,No,Other,0,
Slovenia,SI,2021-10,TESSy,4898,,,No,B.1.1.7,148,
Slovenia,SI,2021-10,TESSy,4898,,,No,B.1.351,0,
Slovenia,SI,2021-10,TESSy,4898,,,No,P.1,0,
Slovenia,SI,2021-10,TESSy,4898,,,No,Other,2,
Slovenia,SI,2021-11,TESSy,5738,,,No,B.1.1.7,183,
Slovenia,SI,2021-11,TESSy,5738,,,No,B.1.351,0,
Slovenia,SI,2021-11,TESSy,5738,,,No,P.1,0,
Slovenia,SI,2021-11,TESSy,5738,,,No,Other,0,
Slovenia,SI,2021-12,TESSy,6648,,,No,B.1.1.7,215,
Slovenia,SI,2021-12,TESSy,6648,,,No,B.1.351,0,
Slovenia,SI,2021-12,TESSy,6648,,,No,P.1,0,
Slovenia,SI,2021-12,TESSy,6648,,,No,Other,1,
Slovenia,SI,2021-13,TESSy,7460,,,No,B.1.1.7,210,
Slovenia,SI,2021-13,TESSy,7460,,,No,B.1.351,0,
Slovenia,SI,2021-13,TESSy,7460,,,No,P.1,0,
Slovenia,SI,2021-13,TESSy,7460,,,No,Other,3,
Slovenia,SI,2021-14,TESSy,6362,,,No,B.1.1.7,193,
Slovenia,SI,2021-14,TESSy,6362,,,No,B.1.351,0,
Slovenia,SI,2021-14,TESSy,6362,,,No,P.1,0,
Slovenia,SI,2021-14,TESSy,6362,,,No,Other,0,
Slovenia,SI,2021-15,TESSy,5526,,,No,B.1.1.7,6,
Slovenia,SI,2021-15,TESSy,5526,,,No,B.1.351,0,
Slovenia,SI,2021-15,TESSy,5526,,,No,P.1,0,
Slovenia,SI,2021-15,TESSy,5526,,,No,Other,0,
Spain,ES,2020-40,GISAID,65146,181,0.3,Yes,B.1.1.7,0,0.0
Spain,ES,2020-40,GISAID,65146,181,0.3,Yes,B.1.351,0,0.0
Spain,ES,2020-40,GISAID,65146,181,0.3,Yes,P.1,0,0.0
Spain,ES,2020-40,GISAID,65146,181,0.3,Yes,Other,181,100.0
Spain,ES,2020-41,GISAID,75556,170,0.2,Yes,B.1.1.7,0,0.0
Spain,ES,2020-41,GISAID,75556,170,0.2,Yes,B.1.351,0,0.0
Spain,ES,2020-41,GISAID,75556,170,0.2,Yes,P.1,0,0.0
Spain,ES,2020-41,GISAID,75556,170,0.2,Yes,Other,170,100.0
Spain,ES,2020-42,GISAID,85481,344,0.4,Yes,B.1.1.7,0,0.0
Spain,ES,2020-42,GISAID,85481,344,0.4,Yes,B.1.351,0,0.0
Spain,ES,2020-42,GISAID,85481,344,0.4,Yes,P.1,0,0.0
Spain,ES,2020-42,GISAID,85481,344,0.4,Yes,Other,344,100.0
Spain,ES,2020-43,GISAID,123871,157,0.1,Yes,B.1.1.7,0,0.0
Spain,ES,2020-43,GISAID,123871,157,0.1,Yes,B.1.351,0,0.0
Spain,ES,2020-43,GISAID,123871,157,0.1,Yes,P.1,0,0.0
Spain,ES,2020-43,GISAID,123871,157,0.1,Yes,Other,157,100.0
Spain,ES,2020-44,GISAID,142377,85,0.1,Yes,B.1.1.7,0,0.0
Spain,ES,2020-44,GISAID,142377,85,0.1,Yes,B.1.351,0,0.0
Spain,ES,2020-44,GISAID,142377,85,0.1,Yes,P.1,0,0.0
Spain,ES,2020-44,GISAID,142377,85,0.1,Yes,Other,85,100.0
Spain,ES,2020-45,GISAID,140521,88,0.1,Yes,B.1.1.7,5,5.7
Spain,ES,2020-45,GISAID,140521,88,0.1,Yes,B.1.351,0,0.0
Spain,ES,2020-45,GISAID,140521,88,0.1,Yes,P.1,0,0.0
Spain,ES,2020-45,GISAID,140521,88,0.1,Yes,Other,83,94.3
Spain,ES,2020-46,GISAID,115646,114,0.1,Yes,B.1.1.7,3,2.6
Spain,ES,2020-46,GISAID,115646,114,0.1,Yes,B.1.351,0,0.0
Spain,ES,2020-46,GISAID,115646,114,0.1,Yes,P.1,0,0.0
Spain,ES,2020-46,GISAID,115646,114,0.1,Yes,Other,111,97.4
Spain,ES,2020-47,GISAID,85752,120,0.1,Yes,B.1.1.7,0,0.0
Spain,ES,2020-47,GISAID,85752,120,0.1,Yes,B.1.351,0,0.0
Spain,ES,2020-47,GISAID,85752,120,0.1,Yes,P.1,0,0.0
Spain,ES,2020-47,GISAID,85752,120,0.1,Yes,Other,120,100.0
Spain,ES,2020-48,GISAID,65571,71,0.1,Yes,B.1.1.7,1,1.4
Spain,ES,2020-48,GISAID,65571,71,0.1,Yes,B.1.351,0,0.0
Spain,ES,2020-48,GISAID,65571,71,0.1,Yes,P.1,0,0.0
Spain,ES,2020-48,GISAID,65571,71,0.1,Yes,Other,70,98.6
Spain,ES,2020-49,GISAID,54141,152,0.3,Yes,B.1.1.7,0,0.0
Spain,ES,2020-49,GISAID,54141,152,0.3,Yes,B.1.351,0,0.0
Spain,ES,2020-49,GISAID,54141,152,0.3,Yes,P.1,0,0.0
Spain,ES,2020-49,GISAID,54141,152,0.3,Yes,Other,152,100.0
Spain,ES,2020-50,GISAID,49556,258,0.5,Yes,B.1.1.7,0,0.0
Spain,ES,2020-50,GISAID,49556,258,0.5,Yes,B.1.351,0,0.0
Spain,ES,2020-50,GISAID,49556,258,0.5,Yes,P.1,0,0.0
Spain,ES,2020-50,GISAID,49556,258,0.5,Yes,Other,258,100.0
Spain,ES,2020-51,GISAID,67365,309,0.5,Yes,B.1.1.7,3,1.0
Spain,ES,2020-51,GISAID,67365,309,0.5,Yes,B.1.351,0,0.0
Spain,ES,2020-51,GISAID,67365,309,0.5,Yes,P.1,0,0.0
Spain,ES,2020-51,GISAID,67365,309,0.5,Yes,Other,306,99.0
Spain,ES,2020-52,GISAID,60164,307,0.5,Yes,B.1.1.7,45,14.7
Spain,ES,2020-52,GISAID,60164,307,0.5,Yes,B.1.351,1,0.3
Spain,ES,2020-52,GISAID,60164,307,0.5,Yes,P.1,0,0.0
Spain,ES,2020-52,GISAID,60164,307,0.5,Yes,Other,261,85.0
Spain,ES,2020-53,GISAID,79431,422,0.5,Yes,B.1.1.7,98,23.2
Spain,ES,2020-53,GISAID,79431,422,0.5,Yes,B.1.351,0,0.0
Spain,ES,2020-53,GISAID,79431,422,0.5,Yes,P.1,0,0.0
Spain,ES,2020-53,GISAID,79431,422,0.5,Yes,Other,324,76.8
Spain,ES,2021-01,GISAID,152938,506,0.3,Yes,B.1.1.7,252,49.8
Spain,ES,2021-01,GISAID,152938,506,0.3,Yes,B.1.351,0,0.0
Spain,ES,2021-01,GISAID,152938,506,0.3,Yes,P.1,0,0.0
Spain,ES,2021-01,GISAID,152938,506,0.3,Yes,Other,254,50.2
Spain,ES,2021-02,GISAID,224669,831,0.4,Yes,B.1.1.7,383,46.1
Spain,ES,2021-02,GISAID,224669,831,0.4,Yes,B.1.351,0,0.0
Spain,ES,2021-02,GISAID,224669,831,0.4,Yes,P.1,0,0.0
Spain,ES,2021-02,GISAID,224669,831,0.4,Yes,Other,448,53.9
Spain,ES,2021-03,GISAID,256931,1083,0.4,Yes,B.1.1.7,380,35.1
Spain,ES,2021-03,GISAID,256931,1083,0.4,Yes,B.1.351,1,0.1
Spain,ES,2021-03,GISAID,256931,1083,0.4,Yes,P.1,0,0.0
Spain,ES,2021-03,GISAID,256931,1083,0.4,Yes,Other,702,64.8
Spain,ES,2021-04,GISAID,229423,1206,0.5,Yes,B.1.1.7,356,29.5
Spain,ES,2021-04,GISAID,229423,1206,0.5,Yes,B.1.351,1,0.1
Spain,ES,2021-04,GISAID,229423,1206,0.5,Yes,P.1,1,0.1
Spain,ES,2021-04,GISAID,229423,1206,0.5,Yes,Other,848,70.3
Spain,ES,2021-05,GISAID,166280,1198,0.7,Yes,B.1.1.7,457,38.1
Spain,ES,2021-05,GISAID,166280,1198,0.7,Yes,B.1.351,2,0.2
Spain,ES,2021-05,GISAID,166280,1198,0.7,Yes,P.1,0,0.0
Spain,ES,2021-05,GISAID,166280,1198,0.7,Yes,Other,739,61.7
Spain,ES,2021-06,GISAID,97201,915,0.9,Yes,B.1.1.7,427,46.7
Spain,ES,2021-06,GISAID,97201,915,0.9,Yes,B.1.351,7,0.8
Spain,ES,2021-06,GISAID,97201,915,0.9,Yes,P.1,1,0.1
Spain,ES,2021-06,GISAID,97201,915,0.9,Yes,Other,480,52.5
Spain,ES,2021-07,GISAID,67685,1082,1.6,Yes,B.1.1.7,596,55.1
Spain,ES,2021-07,GISAID,67685,1082,1.6,Yes,B.1.351,9,0.8
Spain,ES,2021-07,GISAID,67685,1082,1.6,Yes,P.1,0,0.0
Spain,ES,2021-07,GISAID,67685,1082,1.6,Yes,Other,477,44.1
Spain,ES,2021-08,GISAID,0,990,,Yes,B.1.1.7,599,60.5
Spain,ES,2021-08,GISAID,0,990,,Yes,B.1.351,8,0.8
Spain,ES,2021-08,GISAID,0,990,,Yes,P.1,2,0.2
Spain,ES,2021-08,GISAID,0,990,,Yes,Other,381,38.5
Spain,ES,2021-09,GISAID,35303,932,2.6,Yes,B.1.1.7,667,71.6
Spain,ES,2021-09,GISAID,35303,932,2.6,Yes,B.1.351,1,0.1
Spain,ES,2021-09,GISAID,35303,932,2.6,Yes,P.1,4,0.4
Spain,ES,2021-09,GISAID,35303,932,2.6,Yes,Other,260,27.9
Spain,ES,2021-10,GISAID,34092,647,1.9,Yes,B.1.1.7,518,80.1
Spain,ES,2021-10,GISAID,34092,647,1.9,Yes,B.1.351,4,0.6
Spain,ES,2021-10,GISAID,34092,647,1.9,Yes,P.1,1,0.2
Spain,ES,2021-10,GISAID,34092,647,1.9,Yes,Other,124,19.2
Spain,ES,2021-11,GISAID,33741,602,1.8,Yes,B.1.1.7,512,85.0
Spain,ES,2021-11,GISAID,33741,602,1.8,Yes,B.1.351,8,1.3
Spain,ES,2021-11,GISAID,33741,602,1.8,Yes,P.1,13,2.2
Spain,ES,2021-11,GISAID,33741,602,1.8,Yes,Other,69,11.5
Spain,ES,2021-12,GISAID,42022,608,1.4,Yes,B.1.1.7,509,83.7
Spain,ES,2021-12,GISAID,42022,608,1.4,Yes,B.1.351,3,0.5
Spain,ES,2021-12,GISAID,42022,608,1.4,Yes,P.1,24,3.9
Spain,ES,2021-12,GISAID,42022,608,1.4,Yes,Other,72,11.8
Spain,ES,2021-13,GISAID,40500,451,1.1,Yes,B.1.1.7,359,79.6
Spain,ES,2021-13,GISAID,40500,451,1.1,Yes,B.1.351,16,3.5
Spain,ES,2021-13,GISAID,40500,451,1.1,Yes,P.1,31,6.9
Spain,ES,2021-13,GISAID,40500,451,1.1,Yes,Other,45,10.0
Spain,ES,2021-14,GISAID,58931,360,0.6,Yes,B.1.1.7,288,80.0
Spain,ES,2021-14,GISAID,58931,360,0.6,Yes,B.1.351,2,0.6
Spain,ES,2021-14,GISAID,58931,360,0.6,Yes,P.1,28,7.8
Spain,ES,2021-14,GISAID,58931,360,0.6,Yes,Other,42,11.7
Spain,ES,2021-15,GISAID,58098,123,0.2,Yes,B.1.1.7,101,82.1
Spain,ES,2021-15,GISAID,58098,123,0.2,Yes,B.1.351,0,0.0
Spain,ES,2021-15,GISAID,58098,123,0.2,Yes,P.1,8,6.5
Spain,ES,2021-15,GISAID,58098,123,0.2,Yes,Other,14,11.4
Spain,ES,2021-16,GISAID,60115,0,0.0,Yes,B.1.1.7,0,
Spain,ES,2021-16,GISAID,60115,0,0.0,Yes,B.1.351,0,
Spain,ES,2021-16,GISAID,60115,0,0.0,Yes,P.1,0,
Spain,ES,2021-16,GISAID,60115,0,0.0,Yes,Other,0,
Sweden,SE,2020-40,GISAID,3638,19,0.5,Yes,B.1.1.7,0,0.0
Sweden,SE,2020-40,GISAID,3638,19,0.5,Yes,B.1.351,0,0.0
Sweden,SE,2020-40,GISAID,3638,19,0.5,Yes,P.1,0,0.0
Sweden,SE,2020-40,GISAID,3638,19,0.5,Yes,Other,19,100.0
Sweden,SE,2020-41,GISAID,4541,22,0.5,Yes,B.1.1.7,0,0.0
Sweden,SE,2020-41,GISAID,4541,22,0.5,Yes,B.1.351,0,0.0
Sweden,SE,2020-41,GISAID,4541,22,0.5,Yes,P.1,0,0.0
Sweden,SE,2020-41,GISAID,4541,22,0.5,Yes,Other,22,100.0
Sweden,SE,2020-42,GISAID,5754,7,0.1,Yes,B.1.1.7,0,0.0
Sweden,SE,2020-42,GISAID,5754,7,0.1,Yes,B.1.351,0,0.0
Sweden,SE,2020-42,GISAID,5754,7,0.1,Yes,P.1,0,0.0
Sweden,SE,2020-42,GISAID,5754,7,0.1,Yes,Other,7,100.0
Sweden,SE,2020-43,GISAID,9453,22,0.2,Yes,B.1.1.7,0,0.0
Sweden,SE,2020-43,GISAID,9453,22,0.2,Yes,B.1.351,0,0.0
Sweden,SE,2020-43,GISAID,9453,22,0.2,Yes,P.1,0,0.0
Sweden,SE,2020-43,GISAID,9453,22,0.2,Yes,Other,22,100.0
Sweden,SE,2020-44,GISAID,18974,45,0.2,Yes,B.1.1.7,0,0.0
Sweden,SE,2020-44,GISAID,18974,45,0.2,Yes,B.1.351,0,0.0
Sweden,SE,2020-44,GISAID,18974,45,0.2,Yes,P.1,0,0.0
Sweden,SE,2020-44,GISAID,18974,45,0.2,Yes,Other,45,100.0
Sweden,SE,2020-45,GISAID,27561,49,0.2,Yes,B.1.1.7,0,0.0
Sweden,SE,2020-45,GISAID,27561,49,0.2,Yes,B.1.351,0,0.0
Sweden,SE,2020-45,GISAID,27561,49,0.2,Yes,P.1,0,0.0
Sweden,SE,2020-45,GISAID,27561,49,0.2,Yes,Other,49,100.0
Sweden,SE,2020-46,GISAID,30138,35,0.1,Yes,B.1.1.7,0,0.0
Sweden,SE,2020-46,GISAID,30138,35,0.1,Yes,B.1.351,0,0.0
Sweden,SE,2020-46,GISAID,30138,35,0.1,Yes,P.1,0,0.0
Sweden,SE,2020-46,GISAID,30138,35,0.1,Yes,Other,35,100.0
Sweden,SE,2020-47,GISAID,33277,37,0.1,Yes,B.1.1.7,0,0.0
Sweden,SE,2020-47,GISAID,33277,37,0.1,Yes,B.1.351,0,0.0
Sweden,SE,2020-47,GISAID,33277,37,0.1,Yes,P.1,0,0.0
Sweden,SE,2020-47,GISAID,33277,37,0.1,Yes,Other,37,100.0
Sweden,SE,2020-48,GISAID,35163,62,0.2,Yes,B.1.1.7,0,0.0
Sweden,SE,2020-48,GISAID,35163,62,0.2,Yes,B.1.351,0,0.0
Sweden,SE,2020-48,GISAID,35163,62,0.2,Yes,P.1,0,0.0
Sweden,SE,2020-48,GISAID,35163,62,0.2,Yes,Other,62,100.0
Sweden,SE,2020-49,GISAID,37139,59,0.2,Yes,B.1.1.7,0,0.0
Sweden,SE,2020-49,GISAID,37139,59,0.2,Yes,B.1.351,0,0.0
Sweden,SE,2020-49,GISAID,37139,59,0.2,Yes,P.1,0,0.0
Sweden,SE,2020-49,GISAID,37139,59,0.2,Yes,Other,59,100.0
Sweden,SE,2020-50,GISAID,43383,60,0.1,Yes,B.1.1.7,0,0.0
Sweden,SE,2020-50,GISAID,43383,60,0.1,Yes,B.1.351,0,0.0
Sweden,SE,2020-50,GISAID,43383,60,0.1,Yes,P.1,0,0.0
Sweden,SE,2020-50,GISAID,43383,60,0.1,Yes,Other,60,100.0
Sweden,SE,2020-51,GISAID,47803,108,0.2,Yes,B.1.1.7,1,0.9
Sweden,SE,2020-51,GISAID,47803,108,0.2,Yes,B.1.351,0,0.0
Sweden,SE,2020-51,GISAID,47803,108,0.2,Yes,P.1,0,0.0
Sweden,SE,2020-51,GISAID,47803,108,0.2,Yes,Other,107,99.1
Sweden,SE,2020-52,GISAID,39065,219,0.6,Yes,B.1.1.7,13,5.9
Sweden,SE,2020-52,GISAID,39065,219,0.6,Yes,B.1.351,1,0.5
Sweden,SE,2020-52,GISAID,39065,219,0.6,Yes,P.1,0,0.0
Sweden,SE,2020-52,GISAID,39065,219,0.6,Yes,Other,205,93.6
Sweden,SE,2020-53,GISAID,41217,240,0.6,Yes,B.1.1.7,18,7.5
Sweden,SE,2020-53,GISAID,41217,240,0.6,Yes,B.1.351,0,0.0
Sweden,SE,2020-53,GISAID,41217,240,0.6,Yes,P.1,0,0.0
Sweden,SE,2020-53,GISAID,41217,240,0.6,Yes,Other,222,92.5
Sweden,SE,2021-01,GISAID,37124,193,0.5,Yes,B.1.1.7,46,23.8
Sweden,SE,2021-01,GISAID,37124,193,0.5,Yes,B.1.351,1,0.5
Sweden,SE,2021-01,GISAID,37124,193,0.5,Yes,P.1,0,0.0
Sweden,SE,2021-01,GISAID,37124,193,0.5,Yes,Other,146,75.6
Sweden,SE,2021-02,GISAID,26416,585,2.2,Yes,B.1.1.7,35,6.0
Sweden,SE,2021-02,GISAID,26416,585,2.2,Yes,B.1.351,3,0.5
Sweden,SE,2021-02,GISAID,26416,585,2.2,Yes,P.1,0,0.0
Sweden,SE,2021-02,GISAID,26416,585,2.2,Yes,Other,547,93.5
Sweden,SE,2021-03,GISAID,23003,587,2.6,Yes,B.1.1.7,51,8.7
Sweden,SE,2021-03,GISAID,23003,587,2.6,Yes,B.1.351,3,0.5
Sweden,SE,2021-03,GISAID,23003,587,2.6,Yes,P.1,0,0.0
Sweden,SE,2021-03,GISAID,23003,587,2.6,Yes,Other,533,90.8
Sweden,SE,2021-04,GISAID,20332,1460,7.2,Yes,B.1.1.7,170,11.6
Sweden,SE,2021-04,GISAID,20332,1460,7.2,Yes,B.1.351,29,2.0
Sweden,SE,2021-04,GISAID,20332,1460,7.2,Yes,P.1,4,0.3
Sweden,SE,2021-04,GISAID,20332,1460,7.2,Yes,Other,1257,86.1
Sweden,SE,2021-05,GISAID,19562,2261,11.6,Yes,B.1.1.7,690,30.5
Sweden,SE,2021-05,GISAID,19562,2261,11.6,Yes,B.1.351,48,2.1
Sweden,SE,2021-05,GISAID,19562,2261,11.6,Yes,P.1,4,0.2
Sweden,SE,2021-05,GISAID,19562,2261,11.6,Yes,Other,1519,67.2
Sweden,SE,2021-06,GISAID,21685,2535,11.7,Yes,B.1.1.7,1353,53.4
Sweden,SE,2021-06,GISAID,21685,2535,11.7,Yes,B.1.351,63,2.5
Sweden,SE,2021-06,GISAID,21685,2535,11.7,Yes,P.1,3,0.1
Sweden,SE,2021-06,GISAID,21685,2535,11.7,Yes,Other,1116,44.0
Sweden,SE,2021-07,GISAID,24258,3280,13.5,Yes,B.1.1.7,2039,62.2
Sweden,SE,2021-07,GISAID,24258,3280,13.5,Yes,B.1.351,110,3.4
Sweden,SE,2021-07,GISAID,24258,3280,13.5,Yes,P.1,6,0.2
Sweden,SE,2021-07,GISAID,24258,3280,13.5,Yes,Other,1125,34.3
Sweden,SE,2021-08,GISAID,26978,2735,10.1,Yes,B.1.1.7,1974,72.2
Sweden,SE,2021-08,GISAID,26978,2735,10.1,Yes,B.1.351,63,2.3
Sweden,SE,2021-08,GISAID,26978,2735,10.1,Yes,P.1,4,0.1
Sweden,SE,2021-08,GISAID,26978,2735,10.1,Yes,Other,694,25.4
Sweden,SE,2021-09,GISAID,24928,2123,8.5,Yes,B.1.1.7,1797,84.6
Sweden,SE,2021-09,GISAID,24928,2123,8.5,Yes,B.1.351,48,2.3
Sweden,SE,2021-09,GISAID,24928,2123,8.5,Yes,P.1,1,0.0
Sweden,SE,2021-09,GISAID,24928,2123,8.5,Yes,Other,277,13.0
Sweden,SE,2021-10,GISAID,28565,1515,5.3,Yes,B.1.1.7,1381,91.2
Sweden,SE,2021-10,GISAID,28565,1515,5.3,Yes,B.1.351,54,3.6
Sweden,SE,2021-10,GISAID,28565,1515,5.3,Yes,P.1,1,0.1
Sweden,SE,2021-10,GISAID,28565,1515,5.3,Yes,Other,79,5.2
Sweden,SE,2021-11,GISAID,33042,1507,4.6,Yes,B.1.1.7,1365,90.6
Sweden,SE,2021-11,GISAID,33042,1507,4.6,Yes,B.1.351,37,2.5
Sweden,SE,2021-11,GISAID,33042,1507,4.6,Yes,P.1,0,0.0
Sweden,SE,2021-11,GISAID,33042,1507,4.6,Yes,Other,105,7.0
Sweden,SE,2021-12,GISAID,37902,2651,7.0,Yes,B.1.1.7,2526,95.3
Sweden,SE,2021-12,GISAID,37902,2651,7.0,Yes,B.1.351,75,2.8
Sweden,SE,2021-12,GISAID,37902,2651,7.0,Yes,P.1,2,0.1
Sweden,SE,2021-12,GISAID,37902,2651,7.0,Yes,Other,48,1.8
Sweden,SE,2021-13,GISAID,38415,1562,4.1,Yes,B.1.1.7,1520,97.3
Sweden,SE,2021-13,GISAID,38415,1562,4.1,Yes,B.1.351,15,1.0
Sweden,SE,2021-13,GISAID,38415,1562,4.1,Yes,P.1,0,0.0
Sweden,SE,2021-13,GISAID,38415,1562,4.1,Yes,Other,27,1.7
Sweden,SE,2021-14,GISAID,41170,278,0.7,Yes,B.1.1.7,260,93.5
Sweden,SE,2021-14,GISAID,41170,278,0.7,Yes,B.1.351,7,2.5
Sweden,SE,2021-14,GISAID,41170,278,0.7,Yes,P.1,0,0.0
Sweden,SE,2021-14,GISAID,41170,278,0.7,Yes,Other,11,4.0
Sweden,SE,2021-15,GISAID,41065,233,0.6,Yes,B.1.1.7,228,97.9
Sweden,SE,2021-15,GISAID,41065,233,0.6,Yes,B.1.351,1,0.4
Sweden,SE,2021-15,GISAID,41065,233,0.6,Yes,P.1,0,0.0
Sweden,SE,2021-15,GISAID,41065,233,0.6,Yes,Other,4,1.7
Sweden,SE,2021-16,GISAID,36092,6,0.0,Yes,B.1.1.7,6,100.0
Sweden,SE,2021-16,GISAID,36092,6,0.0,Yes,B.1.351,0,0.0
Sweden,SE,2021-16,GISAID,36092,6,0.0,Yes,P.1,0,0.0
Sweden,SE,2021-16,GISAID,36092,6,0.0,Yes,Other,0,0.0
Sweden,SE,2020-49,TESSy,37139,75,0.2,Yes,B.1.1.7,29,38.7
Sweden,SE,2020-49,TESSy,37139,75,0.2,Yes,B.1.351,0,0.0
Sweden,SE,2020-49,TESSy,37139,75,0.2,Yes,P.1,0,0.0
Sweden,SE,2020-49,TESSy,37139,75,0.2,Yes,Other,46,61.3
Sweden,SE,2020-50,TESSy,43383,107,0.2,Yes,B.1.1.7,37,34.6
Sweden,SE,2020-50,TESSy,43383,107,0.2,Yes,B.1.351,0,0.0
Sweden,SE,2020-50,TESSy,43383,107,0.2,Yes,P.1,0,0.0
Sweden,SE,2020-50,TESSy,43383,107,0.2,Yes,Other,70,65.4
Sweden,SE,2020-51,TESSy,47803,241,0.5,Yes,B.1.1.7,21,8.7
Sweden,SE,2020-51,TESSy,47803,241,0.5,Yes,B.1.351,0,0.0
Sweden,SE,2020-51,TESSy,47803,241,0.5,Yes,P.1,0,0.0
Sweden,SE,2020-51,TESSy,47803,241,0.5,Yes,Other,220,91.3
Sweden,SE,2020-52,TESSy,39065,389,1.0,Yes,B.1.1.7,245,63.0
Sweden,SE,2020-52,TESSy,39065,389,1.0,Yes,B.1.351,2,0.5
Sweden,SE,2020-52,TESSy,39065,389,1.0,Yes,P.1,0,0.0
Sweden,SE,2020-52,TESSy,39065,389,1.0,Yes,Other,142,36.5
Sweden,SE,2020-53,TESSy,41217,290,0.7,Yes,B.1.1.7,157,54.1
Sweden,SE,2020-53,TESSy,41217,290,0.7,Yes,B.1.351,1,0.3
Sweden,SE,2020-53,TESSy,41217,290,0.7,Yes,P.1,0,0.0
Sweden,SE,2020-53,TESSy,41217,290,0.7,Yes,Other,132,45.5
Sweden,SE,2021-01,TESSy,37124,362,1.0,Yes,B.1.1.7,255,70.4
Sweden,SE,2021-01,TESSy,37124,362,1.0,Yes,B.1.351,2,0.6
Sweden,SE,2021-01,TESSy,37124,362,1.0,Yes,P.1,0,0.0
Sweden,SE,2021-01,TESSy,37124,362,1.0,Yes,Other,105,29.0
Sweden,SE,2021-02,TESSy,26416,768,2.9,Yes,B.1.1.7,226,29.4
Sweden,SE,2021-02,TESSy,26416,768,2.9,Yes,B.1.351,4,0.5
Sweden,SE,2021-02,TESSy,26416,768,2.9,Yes,P.1,0,0.0
Sweden,SE,2021-02,TESSy,26416,768,2.9,Yes,Other,538,70.1
Sweden,SE,2021-03,TESSy,23003,1126,4.9,Yes,B.1.1.7,331,29.4
Sweden,SE,2021-03,TESSy,23003,1126,4.9,Yes,B.1.351,7,0.6
Sweden,SE,2021-03,TESSy,23003,1126,4.9,Yes,P.1,0,0.0
Sweden,SE,2021-03,TESSy,23003,1126,4.9,Yes,Other,788,70.0
Sweden,SE,2021-04,TESSy,20332,1895,9.3,Yes,B.1.1.7,547,28.9
Sweden,SE,2021-04,TESSy,20332,1895,9.3,Yes,B.1.351,31,1.6
Sweden,SE,2021-04,TESSy,20332,1895,9.3,Yes,P.1,5,0.3
Sweden,SE,2021-04,TESSy,20332,1895,9.3,Yes,Other,1312,69.2
Sweden,SE,2021-05,TESSy,19562,2607,13.3,Yes,B.1.1.7,1012,38.8
Sweden,SE,2021-05,TESSy,19562,2607,13.3,Yes,B.1.351,51,2.0
Sweden,SE,2021-05,TESSy,19562,2607,13.3,Yes,P.1,5,0.2
Sweden,SE,2021-05,TESSy,19562,2607,13.3,Yes,Other,1539,59.0
Sweden,SE,2021-06,TESSy,21685,3190,14.7,Yes,B.1.1.7,1802,56.5
Sweden,SE,2021-06,TESSy,21685,3190,14.7,Yes,B.1.351,68,2.1
Sweden,SE,2021-06,TESSy,21685,3190,14.7,Yes,P.1,4,0.1
Sweden,SE,2021-06,TESSy,21685,3190,14.7,Yes,Other,1316,41.3
Sweden,SE,2021-07,TESSy,24258,3721,15.3,Yes,B.1.1.7,2409,64.7
Sweden,SE,2021-07,TESSy,24258,3721,15.3,Yes,B.1.351,117,3.1
Sweden,SE,2021-07,TESSy,24258,3721,15.3,Yes,P.1,8,0.2
Sweden,SE,2021-07,TESSy,24258,3721,15.3,Yes,Other,1187,31.9
Sweden,SE,2021-08,TESSy,26978,4275,15.8,Yes,B.1.1.7,3204,74.9
Sweden,SE,2021-08,TESSy,26978,4275,15.8,Yes,B.1.351,97,2.3
Sweden,SE,2021-08,TESSy,26978,4275,15.8,Yes,P.1,6,0.1
Sweden,SE,2021-08,TESSy,26978,4275,15.8,Yes,Other,968,22.6
Sweden,SE,2021-09,TESSy,24928,4021,16.1,Yes,B.1.1.7,3305,82.2
Sweden,SE,2021-09,TESSy,24928,4021,16.1,Yes,B.1.351,100,2.5
Sweden,SE,2021-09,TESSy,24928,4021,16.1,Yes,P.1,4,0.1
Sweden,SE,2021-09,TESSy,24928,4021,16.1,Yes,Other,612,15.2
Sweden,SE,2021-10,TESSy,28565,3644,12.8,Yes,B.1.1.7,3247,89.1
Sweden,SE,2021-10,TESSy,28565,3644,12.8,Yes,B.1.351,94,2.6
Sweden,SE,2021-10,TESSy,28565,3644,12.8,Yes,P.1,1,0.0
Sweden,SE,2021-10,TESSy,28565,3644,12.8,Yes,Other,302,8.3
Sweden,SE,2021-11,TESSy,33042,3754,11.4,Yes,B.1.1.7,3423,91.2
Sweden,SE,2021-11,TESSy,33042,3754,11.4,Yes,B.1.351,150,4.0
Sweden,SE,2021-11,TESSy,33042,3754,11.4,Yes,P.1,6,0.2
Sweden,SE,2021-11,TESSy,33042,3754,11.4,Yes,Other,175,4.7
Sweden,SE,2021-12,TESSy,37902,3567,9.4,Yes,B.1.1.7,3396,95.2
Sweden,SE,2021-12,TESSy,37902,3567,9.4,Yes,B.1.351,95,2.7
Sweden,SE,2021-12,TESSy,37902,3567,9.4,Yes,P.1,3,0.1
Sweden,SE,2021-12,TESSy,37902,3567,9.4,Yes,Other,73,2.0
Sweden,SE,2021-13,TESSy,38415,2044,5.3,Yes,B.1.1.7,1828,89.4
Sweden,SE,2021-13,TESSy,38415,2044,5.3,Yes,B.1.351,104,5.1
Sweden,SE,2021-13,TESSy,38415,2044,5.3,Yes,P.1,2,0.1
Sweden,SE,2021-13,TESSy,38415,2044,5.3,Yes,Other,110,5.4
Sweden,SE,2021-14,TESSy,41170,1167,2.8,Yes,B.1.1.7,1115,95.5
Sweden,SE,2021-14,TESSy,41170,1167,2.8,Yes,B.1.351,19,1.6
Sweden,SE,2021-14,TESSy,41170,1167,2.8,Yes,P.1,3,0.3
Sweden,SE,2021-14,TESSy,41170,1167,2.8,Yes,Other,30,2.6
Sweden,SE,2021-15,TESSy,41065,731,1.8,Yes,B.1.1.7,700,95.8
Sweden,SE,2021-15,TESSy,41065,731,1.8,Yes,B.1.351,15,2.1
Sweden,SE,2021-15,TESSy,41065,731,1.8,Yes,P.1,0,0.0
Sweden,SE,2021-15,TESSy,41065,731,1.8,Yes,Other,16,2.2
